solid CATIA STL
  facet normal  -0.000000e+000  1.000000e+000  0.000000e+000
    outer loop
      vertex  5.554506e+001  3.000000e+000  1.192485e+001
      vertex -7.800000e+000  3.000000e+000  1.447500e+001
      vertex  7.800000e+000  3.000000e+000  1.447500e+001
    endloop
  endfacet
  facet normal  0.000000e+000  9.999999e-001  0.000000e+000
    outer loop
      vertex  5.554506e+001  3.000000e+000 -1.192485e+001
      vertex  4.160389e+001  3.000000e+000 -1.192531e+001
      vertex  4.160389e+001  3.000000e+000 -1.182492e+001
    endloop
  endfacet
  facet normal  0.000000e+000  1.000000e+000  0.000000e+000
    outer loop
      vertex -5.554506e+001  3.000000e+000  1.192485e+001
      vertex -6.445494e+001  3.000000e+000  1.192485e+001
      vertex -6.019838e+001  3.000000e+000  1.448417e+001
    endloop
  endfacet
  facet normal  -0.000000e+000  1.000000e+000  0.000000e+000
    outer loop
      vertex -5.554506e+001  3.000000e+000  1.192485e+001
      vertex -6.019838e+001  3.000000e+000  1.448417e+001
      vertex -5.980162e+001  3.000000e+000  1.448417e+001
    endloop
  endfacet
  facet normal  0.000000e+000  1.000000e+000  0.000000e+000
    outer loop
      vertex -5.554506e+001  3.000000e+000  1.192485e+001
      vertex -5.980162e+001  3.000000e+000  1.448417e+001
      vertex -7.800000e+000  3.000000e+000  1.447500e+001
    endloop
  endfacet
  facet normal  0.000000e+000  1.000000e+000  0.000000e+000
    outer loop
      vertex -5.554506e+001  3.000000e+000  1.192485e+001
      vertex -7.800000e+000  3.000000e+000  1.447500e+001
      vertex  5.554506e+001  3.000000e+000  1.192485e+001
    endloop
  endfacet
  facet normal  0.000000e+000  1.000000e+000  0.000000e+000
    outer loop
      vertex -5.554506e+001  3.000000e+000  1.192485e+001
      vertex  5.554506e+001  3.000000e+000  1.192485e+001
      vertex  4.160389e+001  3.000000e+000  1.182492e+001
    endloop
  endfacet
  facet normal  0.000000e+000  1.000000e+000  0.000000e+000
    outer loop
      vertex -5.554506e+001  3.000000e+000  1.192485e+001
      vertex  4.160389e+001  3.000000e+000  1.182492e+001
      vertex -4.160389e+001  3.000000e+000  1.182492e+001
    endloop
  endfacet
  facet normal  0.000000e+000  1.000000e+000  0.000000e+000
    outer loop
      vertex -2.660390e+001  3.000000e+000  1.153931e+001
      vertex -4.160389e+001  3.000000e+000  1.153931e+001
      vertex -4.160389e+001  3.000000e+000  1.182492e+001
    endloop
  endfacet
  facet normal  -0.000000e+000  1.000000e+000  0.000000e+000
    outer loop
      vertex -2.660390e+001  3.000000e+000  1.153931e+001
      vertex -4.160389e+001  3.000000e+000  1.182492e+001
      vertex  4.160389e+001  3.000000e+000  1.182492e+001
    endloop
  endfacet
  facet normal  0.000000e+000  1.000000e+000  0.000000e+000
    outer loop
      vertex -2.660390e+001  3.000000e+000  1.153931e+001
      vertex  4.160389e+001  3.000000e+000  1.182492e+001
      vertex  4.160389e+001  3.000000e+000  0.000000e+000
    endloop
  endfacet
  facet normal  0.000000e+000  1.000000e+000  0.000000e+000
    outer loop
      vertex -2.660390e+001  3.000000e+000  1.153931e+001
      vertex  4.160389e+001  3.000000e+000  0.000000e+000
      vertex -2.660390e+001  3.000000e+000  5.539310e+000
    endloop
  endfacet
  facet normal  0.000000e+000  1.000000e+000  0.000000e+000
    outer loop
      vertex -4.160389e+001  3.000000e+000  5.539310e+000
      vertex -2.660390e+001  3.000000e+000  5.539310e+000
      vertex  4.160389e+001  3.000000e+000  0.000000e+000
    endloop
  endfacet
  facet normal  0.000000e+000  1.000000e+000  0.000000e+000
    outer loop
      vertex -4.160389e+001  3.000000e+000  5.539310e+000
      vertex  4.160389e+001  3.000000e+000  0.000000e+000
      vertex  3.204673e+001  3.000000e+000  0.000000e+000
    endloop
  endfacet
  facet normal  0.000000e+000  1.000000e+000  0.000000e+000
    outer loop
      vertex -4.160389e+001  3.000000e+000  5.539310e+000
      vertex  3.204673e+001  3.000000e+000  0.000000e+000
      vertex  1.779871e+001  3.000000e+000  0.000000e+000
    endloop
  endfacet
  facet normal  0.000000e+000  1.000000e+000  0.000000e+000
    outer loop
      vertex -4.160389e+001  3.000000e+000  5.539310e+000
      vertex  1.779871e+001  3.000000e+000  0.000000e+000
      vertex -4.160389e+001  3.000000e+000 -3.469447e-018
    endloop
  endfacet
  facet normal  0.000000e+000  9.999999e-001  -0.000000e+000
    outer loop
      vertex -7.800000e+000  3.000000e+000 -1.447500e+001
      vertex -7.800000e+000  3.000000e+000 -2.253931e+001
      vertex -5.980162e+001  3.000000e+000 -1.448417e+001
    endloop
  endfacet
  facet normal  0.000000e+000  1.000000e+000  0.000000e+000
    outer loop
      vertex -7.800000e+000  3.000000e+000 -1.447500e+001
      vertex -5.980162e+001  3.000000e+000 -1.448417e+001
      vertex -5.554506e+001  3.000000e+000 -1.192485e+001
    endloop
  endfacet
  facet normal  0.000000e+000  1.000000e+000  0.000000e+000
    outer loop
      vertex -7.800000e+000  3.000000e+000 -1.447500e+001
      vertex -5.554506e+001  3.000000e+000 -1.192485e+001
      vertex  1.779871e+001  3.000000e+000 -1.203537e+001
    endloop
  endfacet
  facet normal  0.000000e+000  1.000000e+000  0.000000e+000
    outer loop
      vertex  7.800000e+000  3.000000e+000 -1.447500e+001
      vertex -7.800000e+000  3.000000e+000 -1.447500e+001
      vertex  1.779871e+001  3.000000e+000 -1.203537e+001
    endloop
  endfacet
  facet normal  0.000000e+000  1.000000e+000  0.000000e+000
    outer loop
      vertex  7.800000e+000  3.000000e+000 -1.447500e+001
      vertex  1.779871e+001  3.000000e+000 -1.203537e+001
      vertex  5.980162e+001  3.000000e+000 -1.448417e+001
    endloop
  endfacet
  facet normal  0.000000e+000  9.999999e-001  0.000000e+000
    outer loop
      vertex  7.800000e+000  3.000000e+000 -1.447500e+001
      vertex  5.980162e+001  3.000000e+000 -1.448417e+001
      vertex  7.800000e+000  3.000000e+000 -2.253931e+001
    endloop
  endfacet
  facet normal  0.000000e+000  1.000000e+000  -0.000000e+000
    outer loop
      vertex  6.445494e+001  3.000000e+000 -1.192485e+001
      vertex  6.445494e+001  3.000000e+000 -2.253931e+001
      vertex  6.200481e+001  3.000000e+000 -1.584833e+001
    endloop
  endfacet
  facet normal  0.000000e+000  1.000000e+000  -0.000000e+000
    outer loop
      vertex  6.445494e+001  3.000000e+000 -1.192485e+001
      vertex  6.200481e+001  3.000000e+000 -1.584833e+001
      vertex  6.182797e+001  3.000000e+000 -1.549317e+001
    endloop
  endfacet
  facet normal  0.000000e+000  1.000000e+000  -0.000000e+000
    outer loop
      vertex  6.445494e+001  3.000000e+000 -1.192485e+001
      vertex  6.182797e+001  3.000000e+000 -1.549317e+001
      vertex  6.158887e+001  3.000000e+000 -1.517655e+001
    endloop
  endfacet
  facet normal  0.000000e+000  1.000000e+000  -0.000000e+000
    outer loop
      vertex  6.445494e+001  3.000000e+000 -1.192485e+001
      vertex  6.158887e+001  3.000000e+000 -1.517655e+001
      vertex  6.129567e+001  3.000000e+000 -1.490926e+001
    endloop
  endfacet
  facet normal  0.000000e+000  1.000000e+000  -0.000000e+000
    outer loop
      vertex  6.445494e+001  3.000000e+000 -1.192485e+001
      vertex  6.129567e+001  3.000000e+000 -1.490926e+001
      vertex  6.095834e+001  3.000000e+000 -1.470040e+001
    endloop
  endfacet
  facet normal  0.000000e+000  1.000000e+000  -0.000000e+000
    outer loop
      vertex  6.445494e+001  3.000000e+000 -1.192485e+001
      vertex  6.095834e+001  3.000000e+000 -1.470040e+001
      vertex  6.058838e+001  3.000000e+000 -1.455707e+001
    endloop
  endfacet
  facet normal  0.000000e+000  1.000000e+000  -0.000000e+000
    outer loop
      vertex  6.445494e+001  3.000000e+000 -1.192485e+001
      vertex  6.058838e+001  3.000000e+000 -1.455707e+001
      vertex  6.019838e+001  3.000000e+000 -1.448417e+001
    endloop
  endfacet
  facet normal  0.000000e+000  1.000000e+000  -0.000000e+000
    outer loop
      vertex  6.445494e+001  3.000000e+000 -1.192485e+001
      vertex  6.019838e+001  3.000000e+000 -1.448417e+001
      vertex  5.980162e+001  3.000000e+000 -1.448417e+001
    endloop
  endfacet
  facet normal  0.000000e+000  1.000000e+000  -0.000000e+000
    outer loop
      vertex  6.445494e+001  3.000000e+000 -1.192485e+001
      vertex  5.980162e+001  3.000000e+000 -1.448417e+001
      vertex  5.554506e+001  3.000000e+000 -1.192485e+001
    endloop
  endfacet
  facet normal  -0.000000e+000  1.000000e+000  0.000000e+000
    outer loop
      vertex  5.980162e+001  3.000000e+000 -1.448417e+001
      vertex  1.779871e+001  3.000000e+000 -1.203537e+001
      vertex  3.204673e+001  3.000000e+000 -1.203537e+001
    endloop
  endfacet
  facet normal  -0.000000e+000  1.000000e+000  0.000000e+000
    outer loop
      vertex  5.980162e+001  3.000000e+000 -1.448417e+001
      vertex  3.204673e+001  3.000000e+000 -1.203537e+001
      vertex  3.204673e+001  3.000000e+000 -1.192531e+001
    endloop
  endfacet
  facet normal  -0.000000e+000  1.000000e+000  0.000000e+000
    outer loop
      vertex  5.980162e+001  3.000000e+000 -1.448417e+001
      vertex  3.204673e+001  3.000000e+000 -1.192531e+001
      vertex  4.160389e+001  3.000000e+000 -1.192531e+001
    endloop
  endfacet
  facet normal  -0.000000e+000  1.000000e+000  0.000000e+000
    outer loop
      vertex  5.980162e+001  3.000000e+000 -1.448417e+001
      vertex  4.160389e+001  3.000000e+000 -1.192531e+001
      vertex  5.554506e+001  3.000000e+000 -1.192485e+001
    endloop
  endfacet
  facet normal  0.000000e+000  1.000000e+000  -0.000000e+000
    outer loop
      vertex  6.445494e+001  3.000000e+000  2.253931e+001
      vertex  6.445494e+001  3.000000e+000  1.192485e+001
      vertex  6.200481e+001  3.000000e+000  1.740167e+001
    endloop
  endfacet
  facet normal  0.000000e+000  1.000000e+000  -0.000000e+000
    outer loop
      vertex  6.445494e+001  3.000000e+000  2.253931e+001
      vertex  6.200481e+001  3.000000e+000  1.740167e+001
      vertex  6.182797e+001  3.000000e+000  1.775683e+001
    endloop
  endfacet
  facet normal  0.000000e+000  1.000000e+000  -0.000000e+000
    outer loop
      vertex  6.445494e+001  3.000000e+000  2.253931e+001
      vertex  6.182797e+001  3.000000e+000  1.775683e+001
      vertex  6.158887e+001  3.000000e+000  1.807345e+001
    endloop
  endfacet
  facet normal  0.000000e+000  1.000000e+000  -0.000000e+000
    outer loop
      vertex  6.445494e+001  3.000000e+000  2.253931e+001
      vertex  6.158887e+001  3.000000e+000  1.807345e+001
      vertex  6.129567e+001  3.000000e+000  1.834074e+001
    endloop
  endfacet
  facet normal  0.000000e+000  1.000000e+000  -0.000000e+000
    outer loop
      vertex  6.445494e+001  3.000000e+000  2.253931e+001
      vertex  6.129567e+001  3.000000e+000  1.834074e+001
      vertex  6.095834e+001  3.000000e+000  1.854960e+001
    endloop
  endfacet
  facet normal  0.000000e+000  1.000000e+000  -0.000000e+000
    outer loop
      vertex  6.445494e+001  3.000000e+000  2.253931e+001
      vertex  6.095834e+001  3.000000e+000  1.854960e+001
      vertex  6.058838e+001  3.000000e+000  1.869292e+001
    endloop
  endfacet
  facet normal  0.000000e+000  1.000000e+000  -0.000000e+000
    outer loop
      vertex  6.445494e+001  3.000000e+000  2.253931e+001
      vertex  6.058838e+001  3.000000e+000  1.869292e+001
      vertex  6.019838e+001  3.000000e+000  1.876583e+001
    endloop
  endfacet
  facet normal  0.000000e+000  9.999999e-001  -0.000000e+000
    outer loop
      vertex  6.445494e+001  3.000000e+000  2.253931e+001
      vertex  6.019838e+001  3.000000e+000  1.876583e+001
      vertex  5.980162e+001  3.000000e+000  1.876583e+001
    endloop
  endfacet
  facet normal  0.000000e+000  1.000000e+000  -0.000000e+000
    outer loop
      vertex  6.445494e+001  3.000000e+000  2.253931e+001
      vertex  5.980162e+001  3.000000e+000  1.876583e+001
      vertex  5.554506e+001  3.000000e+000  2.253931e+001
    endloop
  endfacet
  facet normal  0.000000e+000  1.000000e+000  0.000000e+000
    outer loop
      vertex -6.445494e+001  3.000000e+000 -2.253931e+001
      vertex -6.200481e+001  3.000000e+000 -1.584833e+001
      vertex -6.211339e+001  3.000000e+000 -1.622994e+001
    endloop
  endfacet
  facet normal  0.000000e+000  9.999999e-001  0.000000e+000
    outer loop
      vertex -6.445494e+001  3.000000e+000 -2.253931e+001
      vertex -6.211339e+001  3.000000e+000 -1.622994e+001
      vertex -6.215000e+001  3.000000e+000 -1.662500e+001
    endloop
  endfacet
  facet normal  0.000000e+000  1.000000e+000  0.000000e+000
    outer loop
      vertex -6.445494e+001  3.000000e+000 -2.253931e+001
      vertex -6.215000e+001  3.000000e+000 -1.662500e+001
      vertex -6.211339e+001  3.000000e+000 -1.702006e+001
    endloop
  endfacet
  facet normal  0.000000e+000  1.000000e+000  0.000000e+000
    outer loop
      vertex -6.445494e+001  3.000000e+000 -2.253931e+001
      vertex -6.211339e+001  3.000000e+000 -1.702006e+001
      vertex -6.200481e+001  3.000000e+000 -1.740167e+001
    endloop
  endfacet
  facet normal  0.000000e+000  1.000000e+000  0.000000e+000
    outer loop
      vertex -6.445494e+001  3.000000e+000 -2.253931e+001
      vertex -6.200481e+001  3.000000e+000 -1.740167e+001
      vertex -6.182797e+001  3.000000e+000 -1.775683e+001
    endloop
  endfacet
  facet normal  0.000000e+000  1.000000e+000  0.000000e+000
    outer loop
      vertex -6.445494e+001  3.000000e+000 -2.253931e+001
      vertex -6.182797e+001  3.000000e+000 -1.775683e+001
      vertex -6.158887e+001  3.000000e+000 -1.807345e+001
    endloop
  endfacet
  facet normal  0.000000e+000  1.000000e+000  0.000000e+000
    outer loop
      vertex -6.445494e+001  3.000000e+000 -2.253931e+001
      vertex -6.158887e+001  3.000000e+000 -1.807345e+001
      vertex -6.129567e+001  3.000000e+000 -1.834074e+001
    endloop
  endfacet
  facet normal  0.000000e+000  1.000000e+000  0.000000e+000
    outer loop
      vertex -6.445494e+001  3.000000e+000 -2.253931e+001
      vertex -6.129567e+001  3.000000e+000 -1.834074e+001
      vertex -6.095834e+001  3.000000e+000 -1.854960e+001
    endloop
  endfacet
  facet normal  0.000000e+000  1.000000e+000  0.000000e+000
    outer loop
      vertex -6.445494e+001  3.000000e+000 -2.253931e+001
      vertex -6.095834e+001  3.000000e+000 -1.854960e+001
      vertex -6.058838e+001  3.000000e+000 -1.869292e+001
    endloop
  endfacet
  facet normal  0.000000e+000  1.000000e+000  0.000000e+000
    outer loop
      vertex -6.445494e+001  3.000000e+000 -2.253931e+001
      vertex -6.058838e+001  3.000000e+000 -1.869292e+001
      vertex -6.019838e+001  3.000000e+000 -1.876583e+001
    endloop
  endfacet
  facet normal  -0.000000e+000  9.999999e-001  0.000000e+000
    outer loop
      vertex -6.445494e+001  3.000000e+000 -2.253931e+001
      vertex -6.019838e+001  3.000000e+000 -1.876583e+001
      vertex -5.980162e+001  3.000000e+000 -1.876583e+001
    endloop
  endfacet
  facet normal  0.000000e+000  1.000000e+000  0.000000e+000
    outer loop
      vertex -6.445494e+001  3.000000e+000 -2.253931e+001
      vertex -5.980162e+001  3.000000e+000 -1.876583e+001
      vertex -5.554506e+001  3.000000e+000 -2.253931e+001
    endloop
  endfacet
  facet normal  0.000000e+000  1.000000e+000  0.000000e+000
    outer loop
      vertex -6.445494e+001  3.000000e+000 -1.192485e+001
      vertex -5.554506e+001  3.000000e+000 -1.192485e+001
      vertex -5.980162e+001  3.000000e+000 -1.448417e+001
    endloop
  endfacet
  facet normal  0.000000e+000  1.000000e+000  0.000000e+000
    outer loop
      vertex -6.445494e+001  3.000000e+000 -1.192485e+001
      vertex -5.980162e+001  3.000000e+000 -1.448417e+001
      vertex -6.019838e+001  3.000000e+000 -1.448417e+001
    endloop
  endfacet
  facet normal  0.000000e+000  1.000000e+000  0.000000e+000
    outer loop
      vertex -6.445494e+001  3.000000e+000 -1.192485e+001
      vertex -6.019838e+001  3.000000e+000 -1.448417e+001
      vertex -6.058838e+001  3.000000e+000 -1.455707e+001
    endloop
  endfacet
  facet normal  0.000000e+000  1.000000e+000  0.000000e+000
    outer loop
      vertex -6.445494e+001  3.000000e+000 -1.192485e+001
      vertex -6.058838e+001  3.000000e+000 -1.455707e+001
      vertex -6.095834e+001  3.000000e+000 -1.470040e+001
    endloop
  endfacet
  facet normal  0.000000e+000  1.000000e+000  0.000000e+000
    outer loop
      vertex -6.445494e+001  3.000000e+000 -1.192485e+001
      vertex -6.095834e+001  3.000000e+000 -1.470040e+001
      vertex -6.129567e+001  3.000000e+000 -1.490926e+001
    endloop
  endfacet
  facet normal  0.000000e+000  1.000000e+000  0.000000e+000
    outer loop
      vertex -6.445494e+001  3.000000e+000 -1.192485e+001
      vertex -6.129567e+001  3.000000e+000 -1.490926e+001
      vertex -6.158887e+001  3.000000e+000 -1.517655e+001
    endloop
  endfacet
  facet normal  0.000000e+000  1.000000e+000  0.000000e+000
    outer loop
      vertex -6.445494e+001  3.000000e+000 -1.192485e+001
      vertex -6.158887e+001  3.000000e+000 -1.517655e+001
      vertex -6.182797e+001  3.000000e+000 -1.549317e+001
    endloop
  endfacet
  facet normal  0.000000e+000  1.000000e+000  0.000000e+000
    outer loop
      vertex -6.445494e+001  3.000000e+000 -1.192485e+001
      vertex -6.182797e+001  3.000000e+000 -1.549317e+001
      vertex -6.200481e+001  3.000000e+000 -1.584833e+001
    endloop
  endfacet
  facet normal  0.000000e+000  1.000000e+000  0.000000e+000
    outer loop
      vertex -6.445494e+001  3.000000e+000 -1.192485e+001
      vertex -6.200481e+001  3.000000e+000 -1.584833e+001
      vertex -6.445494e+001  3.000000e+000 -2.253931e+001
    endloop
  endfacet
  facet normal  0.000000e+000  1.000000e+000  -0.000000e+000
    outer loop
      vertex  6.445494e+001  3.000000e+000  1.192485e+001
      vertex  5.554506e+001  3.000000e+000  1.192485e+001
      vertex  7.800000e+000  3.000000e+000  1.447500e+001
    endloop
  endfacet
  facet normal  -0.000000e+000  1.000000e+000  0.000000e+000
    outer loop
      vertex  6.445494e+001  3.000000e+000  1.192485e+001
      vertex  7.800000e+000  3.000000e+000  1.447500e+001
      vertex  5.980162e+001  3.000000e+000  1.448417e+001
    endloop
  endfacet
  facet normal  -0.000000e+000  1.000000e+000  0.000000e+000
    outer loop
      vertex  6.445494e+001  3.000000e+000  1.192485e+001
      vertex  5.980162e+001  3.000000e+000  1.448417e+001
      vertex  6.019838e+001  3.000000e+000  1.448417e+001
    endloop
  endfacet
  facet normal  -0.000000e+000  1.000000e+000  0.000000e+000
    outer loop
      vertex  6.445494e+001  3.000000e+000  1.192485e+001
      vertex  6.019838e+001  3.000000e+000  1.448417e+001
      vertex  6.058838e+001  3.000000e+000  1.455707e+001
    endloop
  endfacet
  facet normal  -0.000000e+000  1.000000e+000  0.000000e+000
    outer loop
      vertex  6.445494e+001  3.000000e+000  1.192485e+001
      vertex  6.058838e+001  3.000000e+000  1.455707e+001
      vertex  6.095834e+001  3.000000e+000  1.470040e+001
    endloop
  endfacet
  facet normal  -0.000000e+000  1.000000e+000  0.000000e+000
    outer loop
      vertex  6.445494e+001  3.000000e+000  1.192485e+001
      vertex  6.095834e+001  3.000000e+000  1.470040e+001
      vertex  6.129567e+001  3.000000e+000  1.490926e+001
    endloop
  endfacet
  facet normal  -0.000000e+000  1.000000e+000  0.000000e+000
    outer loop
      vertex  6.445494e+001  3.000000e+000  1.192485e+001
      vertex  6.129567e+001  3.000000e+000  1.490926e+001
      vertex  6.158887e+001  3.000000e+000  1.517655e+001
    endloop
  endfacet
  facet normal  -0.000000e+000  1.000000e+000  0.000000e+000
    outer loop
      vertex  6.445494e+001  3.000000e+000  1.192485e+001
      vertex  6.158887e+001  3.000000e+000  1.517655e+001
      vertex  6.182797e+001  3.000000e+000  1.549317e+001
    endloop
  endfacet
  facet normal  -0.000000e+000  1.000000e+000  0.000000e+000
    outer loop
      vertex  6.445494e+001  3.000000e+000  1.192485e+001
      vertex  6.182797e+001  3.000000e+000  1.549317e+001
      vertex  6.200481e+001  3.000000e+000  1.584833e+001
    endloop
  endfacet
  facet normal  -0.000000e+000  1.000000e+000  0.000000e+000
    outer loop
      vertex  6.445494e+001  3.000000e+000  1.192485e+001
      vertex  6.200481e+001  3.000000e+000  1.584833e+001
      vertex  6.211339e+001  3.000000e+000  1.622994e+001
    endloop
  endfacet
  facet normal  -0.000000e+000  1.000000e+000  0.000000e+000
    outer loop
      vertex  6.445494e+001  3.000000e+000  1.192485e+001
      vertex  6.211339e+001  3.000000e+000  1.622994e+001
      vertex  6.215000e+001  3.000000e+000  1.662500e+001
    endloop
  endfacet
  facet normal  -0.000000e+000  1.000000e+000  -0.000000e+000
    outer loop
      vertex  6.445494e+001  3.000000e+000  1.192485e+001
      vertex  6.215000e+001  3.000000e+000  1.662500e+001
      vertex  6.211339e+001  3.000000e+000  1.702006e+001
    endloop
  endfacet
  facet normal  -0.000000e+000  1.000000e+000  -0.000000e+000
    outer loop
      vertex  6.445494e+001  3.000000e+000  1.192485e+001
      vertex  6.211339e+001  3.000000e+000  1.702006e+001
      vertex  6.200481e+001  3.000000e+000  1.740167e+001
    endloop
  endfacet
  facet normal  0.000000e+000  1.000000e+000  0.000000e+000
    outer loop
      vertex  6.445494e+001  3.000000e+000 -2.253931e+001
      vertex  5.554506e+001  3.000000e+000 -2.253931e+001
      vertex  5.980162e+001  3.000000e+000 -1.876583e+001
    endloop
  endfacet
  facet normal  -0.000000e+000  9.999999e-001  0.000000e+000
    outer loop
      vertex  6.445494e+001  3.000000e+000 -2.253931e+001
      vertex  5.980162e+001  3.000000e+000 -1.876583e+001
      vertex  6.019838e+001  3.000000e+000 -1.876583e+001
    endloop
  endfacet
  facet normal  -0.000000e+000  1.000000e+000  0.000000e+000
    outer loop
      vertex  6.445494e+001  3.000000e+000 -2.253931e+001
      vertex  6.019838e+001  3.000000e+000 -1.876583e+001
      vertex  6.058838e+001  3.000000e+000 -1.869292e+001
    endloop
  endfacet
  facet normal  -0.000000e+000  1.000000e+000  0.000000e+000
    outer loop
      vertex  6.445494e+001  3.000000e+000 -2.253931e+001
      vertex  6.058838e+001  3.000000e+000 -1.869292e+001
      vertex  6.095834e+001  3.000000e+000 -1.854960e+001
    endloop
  endfacet
  facet normal  -0.000000e+000  1.000000e+000  0.000000e+000
    outer loop
      vertex  6.445494e+001  3.000000e+000 -2.253931e+001
      vertex  6.095834e+001  3.000000e+000 -1.854960e+001
      vertex  6.129567e+001  3.000000e+000 -1.834074e+001
    endloop
  endfacet
  facet normal  -0.000000e+000  1.000000e+000  0.000000e+000
    outer loop
      vertex  6.445494e+001  3.000000e+000 -2.253931e+001
      vertex  6.129567e+001  3.000000e+000 -1.834074e+001
      vertex  6.158887e+001  3.000000e+000 -1.807345e+001
    endloop
  endfacet
  facet normal  -0.000000e+000  1.000000e+000  0.000000e+000
    outer loop
      vertex  6.445494e+001  3.000000e+000 -2.253931e+001
      vertex  6.158887e+001  3.000000e+000 -1.807345e+001
      vertex  6.182797e+001  3.000000e+000 -1.775683e+001
    endloop
  endfacet
  facet normal  -0.000000e+000  1.000000e+000  0.000000e+000
    outer loop
      vertex  6.445494e+001  3.000000e+000 -2.253931e+001
      vertex  6.182797e+001  3.000000e+000 -1.775683e+001
      vertex  6.200481e+001  3.000000e+000 -1.740167e+001
    endloop
  endfacet
  facet normal  -0.000000e+000  1.000000e+000  0.000000e+000
    outer loop
      vertex  6.445494e+001  3.000000e+000 -2.253931e+001
      vertex  6.200481e+001  3.000000e+000 -1.740167e+001
      vertex  6.211339e+001  3.000000e+000 -1.702006e+001
    endloop
  endfacet
  facet normal  -0.000000e+000  1.000000e+000  0.000000e+000
    outer loop
      vertex  6.445494e+001  3.000000e+000 -2.253931e+001
      vertex  6.211339e+001  3.000000e+000 -1.702006e+001
      vertex  6.215000e+001  3.000000e+000 -1.662500e+001
    endloop
  endfacet
  facet normal  -0.000000e+000  9.999999e-001  -0.000000e+000
    outer loop
      vertex  6.445494e+001  3.000000e+000 -2.253931e+001
      vertex  6.215000e+001  3.000000e+000 -1.662500e+001
      vertex  6.211339e+001  3.000000e+000 -1.622994e+001
    endloop
  endfacet
  facet normal  -0.000000e+000  1.000000e+000  -0.000000e+000
    outer loop
      vertex  6.445494e+001  3.000000e+000 -2.253931e+001
      vertex  6.211339e+001  3.000000e+000 -1.622994e+001
      vertex  6.200481e+001  3.000000e+000 -1.584833e+001
    endloop
  endfacet
  facet normal  -0.000000e+000  1.000000e+000  0.000000e+000
    outer loop
      vertex -7.800000e+000  3.000000e+000  1.447500e+001
      vertex -5.980162e+001  3.000000e+000  1.448417e+001
      vertex -5.941162e+001  3.000000e+000  1.455707e+001
    endloop
  endfacet
  facet normal  -0.000000e+000  1.000000e+000  0.000000e+000
    outer loop
      vertex -7.800000e+000  3.000000e+000  1.447500e+001
      vertex -5.941162e+001  3.000000e+000  1.455707e+001
      vertex -5.904166e+001  3.000000e+000  1.470040e+001
    endloop
  endfacet
  facet normal  -0.000000e+000  1.000000e+000  0.000000e+000
    outer loop
      vertex -7.800000e+000  3.000000e+000  1.447500e+001
      vertex -5.904166e+001  3.000000e+000  1.470040e+001
      vertex -5.870433e+001  3.000000e+000  1.490926e+001
    endloop
  endfacet
  facet normal  -0.000000e+000  1.000000e+000  0.000000e+000
    outer loop
      vertex -7.800000e+000  3.000000e+000  1.447500e+001
      vertex -5.870433e+001  3.000000e+000  1.490926e+001
      vertex -5.841113e+001  3.000000e+000  1.517655e+001
    endloop
  endfacet
  facet normal  -0.000000e+000  1.000000e+000  0.000000e+000
    outer loop
      vertex -7.800000e+000  3.000000e+000  1.447500e+001
      vertex -5.841113e+001  3.000000e+000  1.517655e+001
      vertex -5.817203e+001  3.000000e+000  1.549317e+001
    endloop
  endfacet
  facet normal  -0.000000e+000  1.000000e+000  0.000000e+000
    outer loop
      vertex -7.800000e+000  3.000000e+000  1.447500e+001
      vertex -5.817203e+001  3.000000e+000  1.549317e+001
      vertex -5.799519e+001  3.000000e+000  1.584833e+001
    endloop
  endfacet
  facet normal  -0.000000e+000  1.000000e+000  0.000000e+000
    outer loop
      vertex -7.800000e+000  3.000000e+000  1.447500e+001
      vertex -5.799519e+001  3.000000e+000  1.584833e+001
      vertex -5.788661e+001  3.000000e+000  1.622994e+001
    endloop
  endfacet
  facet normal  -0.000000e+000  1.000000e+000  0.000000e+000
    outer loop
      vertex -7.800000e+000  3.000000e+000  1.447500e+001
      vertex -5.788661e+001  3.000000e+000  1.622994e+001
      vertex -5.785000e+001  3.000000e+000  1.662500e+001
    endloop
  endfacet
  facet normal  -0.000000e+000  1.000000e+000  -0.000000e+000
    outer loop
      vertex -7.800000e+000  3.000000e+000  1.447500e+001
      vertex -5.785000e+001  3.000000e+000  1.662500e+001
      vertex -5.788661e+001  3.000000e+000  1.702006e+001
    endloop
  endfacet
  facet normal  -0.000000e+000  1.000000e+000  -0.000000e+000
    outer loop
      vertex -7.800000e+000  3.000000e+000  1.447500e+001
      vertex -5.788661e+001  3.000000e+000  1.702006e+001
      vertex -5.799519e+001  3.000000e+000  1.740167e+001
    endloop
  endfacet
  facet normal  -0.000000e+000  1.000000e+000  -0.000000e+000
    outer loop
      vertex -7.800000e+000  3.000000e+000  1.447500e+001
      vertex -5.799519e+001  3.000000e+000  1.740167e+001
      vertex -5.817203e+001  3.000000e+000  1.775683e+001
    endloop
  endfacet
  facet normal  -0.000000e+000  1.000000e+000  -0.000000e+000
    outer loop
      vertex -7.800000e+000  3.000000e+000  1.447500e+001
      vertex -5.817203e+001  3.000000e+000  1.775683e+001
      vertex -5.841113e+001  3.000000e+000  1.807345e+001
    endloop
  endfacet
  facet normal  -0.000000e+000  1.000000e+000  -0.000000e+000
    outer loop
      vertex -7.800000e+000  3.000000e+000  1.447500e+001
      vertex -5.841113e+001  3.000000e+000  1.807345e+001
      vertex -5.870433e+001  3.000000e+000  1.834074e+001
    endloop
  endfacet
  facet normal  -0.000000e+000  1.000000e+000  -0.000000e+000
    outer loop
      vertex -7.800000e+000  3.000000e+000  1.447500e+001
      vertex -5.870433e+001  3.000000e+000  1.834074e+001
      vertex -5.904166e+001  3.000000e+000  1.854960e+001
    endloop
  endfacet
  facet normal  -0.000000e+000  1.000000e+000  -0.000000e+000
    outer loop
      vertex -7.800000e+000  3.000000e+000  1.447500e+001
      vertex -5.904166e+001  3.000000e+000  1.854960e+001
      vertex -5.941162e+001  3.000000e+000  1.869292e+001
    endloop
  endfacet
  facet normal  -0.000000e+000  1.000000e+000  -0.000000e+000
    outer loop
      vertex -7.800000e+000  3.000000e+000  1.447500e+001
      vertex -5.941162e+001  3.000000e+000  1.869292e+001
      vertex -5.980162e+001  3.000000e+000  1.876583e+001
    endloop
  endfacet
  facet normal  -0.000000e+000  1.000000e+000  0.000000e+000
    outer loop
      vertex -7.800000e+000  3.000000e+000  1.447500e+001
      vertex -5.980162e+001  3.000000e+000  1.876583e+001
      vertex -5.554506e+001  3.000000e+000  2.253931e+001
    endloop
  endfacet
  facet normal  -0.000000e+000  1.000000e+000  0.000000e+000
    outer loop
      vertex -7.800000e+000  3.000000e+000  1.447500e+001
      vertex -5.554506e+001  3.000000e+000  2.253931e+001
      vertex -7.800000e+000  3.000000e+000  2.253931e+001
    endloop
  endfacet
  facet normal  -0.000000e+000  1.000000e+000  0.000000e+000
    outer loop
      vertex  7.800000e+000  3.000000e+000  1.447500e+001
      vertex  7.800000e+000  3.000000e+000  2.253931e+001
      vertex  5.554506e+001  3.000000e+000  2.253931e+001
    endloop
  endfacet
  facet normal  0.000000e+000  1.000000e+000  0.000000e+000
    outer loop
      vertex  7.800000e+000  3.000000e+000  1.447500e+001
      vertex  5.554506e+001  3.000000e+000  2.253931e+001
      vertex  5.980162e+001  3.000000e+000  1.876583e+001
    endloop
  endfacet
  facet normal  0.000000e+000  1.000000e+000  0.000000e+000
    outer loop
      vertex  7.800000e+000  3.000000e+000  1.447500e+001
      vertex  5.980162e+001  3.000000e+000  1.876583e+001
      vertex  5.941162e+001  3.000000e+000  1.869292e+001
    endloop
  endfacet
  facet normal  0.000000e+000  1.000000e+000  0.000000e+000
    outer loop
      vertex  7.800000e+000  3.000000e+000  1.447500e+001
      vertex  5.941162e+001  3.000000e+000  1.869292e+001
      vertex  5.904166e+001  3.000000e+000  1.854960e+001
    endloop
  endfacet
  facet normal  0.000000e+000  1.000000e+000  0.000000e+000
    outer loop
      vertex  7.800000e+000  3.000000e+000  1.447500e+001
      vertex  5.904166e+001  3.000000e+000  1.854960e+001
      vertex  5.870433e+001  3.000000e+000  1.834074e+001
    endloop
  endfacet
  facet normal  0.000000e+000  1.000000e+000  0.000000e+000
    outer loop
      vertex  7.800000e+000  3.000000e+000  1.447500e+001
      vertex  5.870433e+001  3.000000e+000  1.834074e+001
      vertex  5.841113e+001  3.000000e+000  1.807345e+001
    endloop
  endfacet
  facet normal  0.000000e+000  1.000000e+000  0.000000e+000
    outer loop
      vertex  7.800000e+000  3.000000e+000  1.447500e+001
      vertex  5.841113e+001  3.000000e+000  1.807345e+001
      vertex  5.817203e+001  3.000000e+000  1.775683e+001
    endloop
  endfacet
  facet normal  0.000000e+000  1.000000e+000  0.000000e+000
    outer loop
      vertex  7.800000e+000  3.000000e+000  1.447500e+001
      vertex  5.817203e+001  3.000000e+000  1.775683e+001
      vertex  5.799519e+001  3.000000e+000  1.740167e+001
    endloop
  endfacet
  facet normal  0.000000e+000  1.000000e+000  0.000000e+000
    outer loop
      vertex  7.800000e+000  3.000000e+000  1.447500e+001
      vertex  5.799519e+001  3.000000e+000  1.740167e+001
      vertex  5.788661e+001  3.000000e+000  1.702006e+001
    endloop
  endfacet
  facet normal  0.000000e+000  1.000000e+000  0.000000e+000
    outer loop
      vertex  7.800000e+000  3.000000e+000  1.447500e+001
      vertex  5.788661e+001  3.000000e+000  1.702006e+001
      vertex  5.785000e+001  3.000000e+000  1.662500e+001
    endloop
  endfacet
  facet normal  0.000000e+000  1.000000e+000  0.000000e+000
    outer loop
      vertex  7.800000e+000  3.000000e+000  1.447500e+001
      vertex  5.785000e+001  3.000000e+000  1.662500e+001
      vertex  5.788661e+001  3.000000e+000  1.622994e+001
    endloop
  endfacet
  facet normal  0.000000e+000  1.000000e+000  0.000000e+000
    outer loop
      vertex  7.800000e+000  3.000000e+000  1.447500e+001
      vertex  5.788661e+001  3.000000e+000  1.622994e+001
      vertex  5.799519e+001  3.000000e+000  1.584833e+001
    endloop
  endfacet
  facet normal  0.000000e+000  1.000000e+000  0.000000e+000
    outer loop
      vertex  7.800000e+000  3.000000e+000  1.447500e+001
      vertex  5.799519e+001  3.000000e+000  1.584833e+001
      vertex  5.817203e+001  3.000000e+000  1.549317e+001
    endloop
  endfacet
  facet normal  0.000000e+000  1.000000e+000  0.000000e+000
    outer loop
      vertex  7.800000e+000  3.000000e+000  1.447500e+001
      vertex  5.817203e+001  3.000000e+000  1.549317e+001
      vertex  5.841113e+001  3.000000e+000  1.517655e+001
    endloop
  endfacet
  facet normal  0.000000e+000  1.000000e+000  0.000000e+000
    outer loop
      vertex  7.800000e+000  3.000000e+000  1.447500e+001
      vertex  5.841113e+001  3.000000e+000  1.517655e+001
      vertex  5.870433e+001  3.000000e+000  1.490926e+001
    endloop
  endfacet
  facet normal  0.000000e+000  1.000000e+000  0.000000e+000
    outer loop
      vertex  7.800000e+000  3.000000e+000  1.447500e+001
      vertex  5.870433e+001  3.000000e+000  1.490926e+001
      vertex  5.904166e+001  3.000000e+000  1.470040e+001
    endloop
  endfacet
  facet normal  0.000000e+000  1.000000e+000  0.000000e+000
    outer loop
      vertex  7.800000e+000  3.000000e+000  1.447500e+001
      vertex  5.904166e+001  3.000000e+000  1.470040e+001
      vertex  5.941162e+001  3.000000e+000  1.455707e+001
    endloop
  endfacet
  facet normal  0.000000e+000  1.000000e+000  0.000000e+000
    outer loop
      vertex  7.800000e+000  3.000000e+000  1.447500e+001
      vertex  5.941162e+001  3.000000e+000  1.455707e+001
      vertex  5.980162e+001  3.000000e+000  1.448417e+001
    endloop
  endfacet
  facet normal  0.000000e+000  1.000000e+000  0.000000e+000
    outer loop
      vertex  7.800000e+000  3.000000e+000 -2.253931e+001
      vertex  5.980162e+001  3.000000e+000 -1.448417e+001
      vertex  5.941162e+001  3.000000e+000 -1.455707e+001
    endloop
  endfacet
  facet normal  0.000000e+000  1.000000e+000  0.000000e+000
    outer loop
      vertex  7.800000e+000  3.000000e+000 -2.253931e+001
      vertex  5.941162e+001  3.000000e+000 -1.455707e+001
      vertex  5.904166e+001  3.000000e+000 -1.470040e+001
    endloop
  endfacet
  facet normal  0.000000e+000  1.000000e+000  0.000000e+000
    outer loop
      vertex  7.800000e+000  3.000000e+000 -2.253931e+001
      vertex  5.904166e+001  3.000000e+000 -1.470040e+001
      vertex  5.870433e+001  3.000000e+000 -1.490926e+001
    endloop
  endfacet
  facet normal  0.000000e+000  1.000000e+000  0.000000e+000
    outer loop
      vertex  7.800000e+000  3.000000e+000 -2.253931e+001
      vertex  5.870433e+001  3.000000e+000 -1.490926e+001
      vertex  5.841113e+001  3.000000e+000 -1.517655e+001
    endloop
  endfacet
  facet normal  0.000000e+000  9.999999e-001  0.000000e+000
    outer loop
      vertex  7.800000e+000  3.000000e+000 -2.253931e+001
      vertex  5.841113e+001  3.000000e+000 -1.517655e+001
      vertex  5.817203e+001  3.000000e+000 -1.549317e+001
    endloop
  endfacet
  facet normal  0.000000e+000  1.000000e+000  0.000000e+000
    outer loop
      vertex  7.800000e+000  3.000000e+000 -2.253931e+001
      vertex  5.817203e+001  3.000000e+000 -1.549317e+001
      vertex  5.799519e+001  3.000000e+000 -1.584833e+001
    endloop
  endfacet
  facet normal  0.000000e+000  1.000000e+000  0.000000e+000
    outer loop
      vertex  7.800000e+000  3.000000e+000 -2.253931e+001
      vertex  5.799519e+001  3.000000e+000 -1.584833e+001
      vertex  5.788661e+001  3.000000e+000 -1.622994e+001
    endloop
  endfacet
  facet normal  0.000000e+000  1.000000e+000  0.000000e+000
    outer loop
      vertex  7.800000e+000  3.000000e+000 -2.253931e+001
      vertex  5.788661e+001  3.000000e+000 -1.622994e+001
      vertex  5.785000e+001  3.000000e+000 -1.662500e+001
    endloop
  endfacet
  facet normal  0.000000e+000  9.999999e-001  0.000000e+000
    outer loop
      vertex  7.800000e+000  3.000000e+000 -2.253931e+001
      vertex  5.785000e+001  3.000000e+000 -1.662500e+001
      vertex  5.788661e+001  3.000000e+000 -1.702006e+001
    endloop
  endfacet
  facet normal  0.000000e+000  1.000000e+000  0.000000e+000
    outer loop
      vertex  7.800000e+000  3.000000e+000 -2.253931e+001
      vertex  5.788661e+001  3.000000e+000 -1.702006e+001
      vertex  5.799519e+001  3.000000e+000 -1.740167e+001
    endloop
  endfacet
  facet normal  0.000000e+000  1.000000e+000  0.000000e+000
    outer loop
      vertex  7.800000e+000  3.000000e+000 -2.253931e+001
      vertex  5.799519e+001  3.000000e+000 -1.740167e+001
      vertex  5.817203e+001  3.000000e+000 -1.775683e+001
    endloop
  endfacet
  facet normal  0.000000e+000  1.000000e+000  0.000000e+000
    outer loop
      vertex  7.800000e+000  3.000000e+000 -2.253931e+001
      vertex  5.817203e+001  3.000000e+000 -1.775683e+001
      vertex  5.841113e+001  3.000000e+000 -1.807345e+001
    endloop
  endfacet
  facet normal  0.000000e+000  1.000000e+000  0.000000e+000
    outer loop
      vertex  7.800000e+000  3.000000e+000 -2.253931e+001
      vertex  5.841113e+001  3.000000e+000 -1.807345e+001
      vertex  5.870433e+001  3.000000e+000 -1.834074e+001
    endloop
  endfacet
  facet normal  0.000000e+000  1.000000e+000  0.000000e+000
    outer loop
      vertex  7.800000e+000  3.000000e+000 -2.253931e+001
      vertex  5.870433e+001  3.000000e+000 -1.834074e+001
      vertex  5.904166e+001  3.000000e+000 -1.854960e+001
    endloop
  endfacet
  facet normal  0.000000e+000  1.000000e+000  0.000000e+000
    outer loop
      vertex  7.800000e+000  3.000000e+000 -2.253931e+001
      vertex  5.904166e+001  3.000000e+000 -1.854960e+001
      vertex  5.941162e+001  3.000000e+000 -1.869292e+001
    endloop
  endfacet
  facet normal  0.000000e+000  1.000000e+000  0.000000e+000
    outer loop
      vertex  7.800000e+000  3.000000e+000 -2.253931e+001
      vertex  5.941162e+001  3.000000e+000 -1.869292e+001
      vertex  5.980162e+001  3.000000e+000 -1.876583e+001
    endloop
  endfacet
  facet normal  0.000000e+000  1.000000e+000  0.000000e+000
    outer loop
      vertex  7.800000e+000  3.000000e+000 -2.253931e+001
      vertex  5.980162e+001  3.000000e+000 -1.876583e+001
      vertex  5.554506e+001  3.000000e+000 -2.253931e+001
    endloop
  endfacet
  facet normal  0.000000e+000  1.000000e+000  -0.000000e+000
    outer loop
      vertex -7.800000e+000  3.000000e+000 -2.253931e+001
      vertex -5.554506e+001  3.000000e+000 -2.253931e+001
      vertex -5.980162e+001  3.000000e+000 -1.876583e+001
    endloop
  endfacet
  facet normal  -0.000000e+000  1.000000e+000  0.000000e+000
    outer loop
      vertex -7.800000e+000  3.000000e+000 -2.253931e+001
      vertex -5.980162e+001  3.000000e+000 -1.876583e+001
      vertex -5.941162e+001  3.000000e+000 -1.869292e+001
    endloop
  endfacet
  facet normal  -0.000000e+000  1.000000e+000  0.000000e+000
    outer loop
      vertex -7.800000e+000  3.000000e+000 -2.253931e+001
      vertex -5.941162e+001  3.000000e+000 -1.869292e+001
      vertex -5.904166e+001  3.000000e+000 -1.854960e+001
    endloop
  endfacet
  facet normal  -0.000000e+000  1.000000e+000  0.000000e+000
    outer loop
      vertex -7.800000e+000  3.000000e+000 -2.253931e+001
      vertex -5.904166e+001  3.000000e+000 -1.854960e+001
      vertex -5.870433e+001  3.000000e+000 -1.834074e+001
    endloop
  endfacet
  facet normal  -0.000000e+000  1.000000e+000  0.000000e+000
    outer loop
      vertex -7.800000e+000  3.000000e+000 -2.253931e+001
      vertex -5.870433e+001  3.000000e+000 -1.834074e+001
      vertex -5.841113e+001  3.000000e+000 -1.807345e+001
    endloop
  endfacet
  facet normal  -0.000000e+000  1.000000e+000  0.000000e+000
    outer loop
      vertex -7.800000e+000  3.000000e+000 -2.253931e+001
      vertex -5.841113e+001  3.000000e+000 -1.807345e+001
      vertex -5.817203e+001  3.000000e+000 -1.775683e+001
    endloop
  endfacet
  facet normal  -0.000000e+000  1.000000e+000  0.000000e+000
    outer loop
      vertex -7.800000e+000  3.000000e+000 -2.253931e+001
      vertex -5.817203e+001  3.000000e+000 -1.775683e+001
      vertex -5.799519e+001  3.000000e+000 -1.740167e+001
    endloop
  endfacet
  facet normal  -0.000000e+000  1.000000e+000  0.000000e+000
    outer loop
      vertex -7.800000e+000  3.000000e+000 -2.253931e+001
      vertex -5.799519e+001  3.000000e+000 -1.740167e+001
      vertex -5.788661e+001  3.000000e+000 -1.702006e+001
    endloop
  endfacet
  facet normal  -0.000000e+000  9.999999e-001  0.000000e+000
    outer loop
      vertex -7.800000e+000  3.000000e+000 -2.253931e+001
      vertex -5.788661e+001  3.000000e+000 -1.702006e+001
      vertex -5.785000e+001  3.000000e+000 -1.662500e+001
    endloop
  endfacet
  facet normal  -0.000000e+000  1.000000e+000  -0.000000e+000
    outer loop
      vertex -7.800000e+000  3.000000e+000 -2.253931e+001
      vertex -5.785000e+001  3.000000e+000 -1.662500e+001
      vertex -5.788661e+001  3.000000e+000 -1.622994e+001
    endloop
  endfacet
  facet normal  -0.000000e+000  1.000000e+000  -0.000000e+000
    outer loop
      vertex -7.800000e+000  3.000000e+000 -2.253931e+001
      vertex -5.788661e+001  3.000000e+000 -1.622994e+001
      vertex -5.799519e+001  3.000000e+000 -1.584833e+001
    endloop
  endfacet
  facet normal  -0.000000e+000  1.000000e+000  -0.000000e+000
    outer loop
      vertex -7.800000e+000  3.000000e+000 -2.253931e+001
      vertex -5.799519e+001  3.000000e+000 -1.584833e+001
      vertex -5.817203e+001  3.000000e+000 -1.549317e+001
    endloop
  endfacet
  facet normal  -0.000000e+000  9.999999e-001  -0.000000e+000
    outer loop
      vertex -7.800000e+000  3.000000e+000 -2.253931e+001
      vertex -5.817203e+001  3.000000e+000 -1.549317e+001
      vertex -5.841113e+001  3.000000e+000 -1.517655e+001
    endloop
  endfacet
  facet normal  -0.000000e+000  1.000000e+000  -0.000000e+000
    outer loop
      vertex -7.800000e+000  3.000000e+000 -2.253931e+001
      vertex -5.841113e+001  3.000000e+000 -1.517655e+001
      vertex -5.870433e+001  3.000000e+000 -1.490926e+001
    endloop
  endfacet
  facet normal  -0.000000e+000  1.000000e+000  -0.000000e+000
    outer loop
      vertex -7.800000e+000  3.000000e+000 -2.253931e+001
      vertex -5.870433e+001  3.000000e+000 -1.490926e+001
      vertex -5.904166e+001  3.000000e+000 -1.470040e+001
    endloop
  endfacet
  facet normal  -0.000000e+000  1.000000e+000  -0.000000e+000
    outer loop
      vertex -7.800000e+000  3.000000e+000 -2.253931e+001
      vertex -5.904166e+001  3.000000e+000 -1.470040e+001
      vertex -5.941162e+001  3.000000e+000 -1.455707e+001
    endloop
  endfacet
  facet normal  -0.000000e+000  1.000000e+000  -0.000000e+000
    outer loop
      vertex -7.800000e+000  3.000000e+000 -2.253931e+001
      vertex -5.941162e+001  3.000000e+000 -1.455707e+001
      vertex -5.980162e+001  3.000000e+000 -1.448417e+001
    endloop
  endfacet
  facet normal  0.000000e+000  1.000000e+000  0.000000e+000
    outer loop
      vertex -6.445494e+001  3.000000e+000  1.192485e+001
      vertex -6.200481e+001  3.000000e+000  1.740167e+001
      vertex -6.211339e+001  3.000000e+000  1.702006e+001
    endloop
  endfacet
  facet normal  0.000000e+000  1.000000e+000  0.000000e+000
    outer loop
      vertex -6.445494e+001  3.000000e+000  1.192485e+001
      vertex -6.211339e+001  3.000000e+000  1.702006e+001
      vertex -6.215000e+001  3.000000e+000  1.662500e+001
    endloop
  endfacet
  facet normal  0.000000e+000  1.000000e+000  0.000000e+000
    outer loop
      vertex -6.445494e+001  3.000000e+000  1.192485e+001
      vertex -6.215000e+001  3.000000e+000  1.662500e+001
      vertex -6.211339e+001  3.000000e+000  1.622994e+001
    endloop
  endfacet
  facet normal  0.000000e+000  1.000000e+000  0.000000e+000
    outer loop
      vertex -6.445494e+001  3.000000e+000  1.192485e+001
      vertex -6.211339e+001  3.000000e+000  1.622994e+001
      vertex -6.200481e+001  3.000000e+000  1.584833e+001
    endloop
  endfacet
  facet normal  0.000000e+000  1.000000e+000  0.000000e+000
    outer loop
      vertex -6.445494e+001  3.000000e+000  1.192485e+001
      vertex -6.200481e+001  3.000000e+000  1.584833e+001
      vertex -6.182797e+001  3.000000e+000  1.549317e+001
    endloop
  endfacet
  facet normal  0.000000e+000  1.000000e+000  0.000000e+000
    outer loop
      vertex -6.445494e+001  3.000000e+000  1.192485e+001
      vertex -6.182797e+001  3.000000e+000  1.549317e+001
      vertex -6.158887e+001  3.000000e+000  1.517655e+001
    endloop
  endfacet
  facet normal  0.000000e+000  1.000000e+000  0.000000e+000
    outer loop
      vertex -6.445494e+001  3.000000e+000  1.192485e+001
      vertex -6.158887e+001  3.000000e+000  1.517655e+001
      vertex -6.129567e+001  3.000000e+000  1.490926e+001
    endloop
  endfacet
  facet normal  0.000000e+000  1.000000e+000  0.000000e+000
    outer loop
      vertex -6.445494e+001  3.000000e+000  1.192485e+001
      vertex -6.129567e+001  3.000000e+000  1.490926e+001
      vertex -6.095834e+001  3.000000e+000  1.470040e+001
    endloop
  endfacet
  facet normal  0.000000e+000  1.000000e+000  0.000000e+000
    outer loop
      vertex -6.445494e+001  3.000000e+000  1.192485e+001
      vertex -6.095834e+001  3.000000e+000  1.470040e+001
      vertex -6.058838e+001  3.000000e+000  1.455707e+001
    endloop
  endfacet
  facet normal  0.000000e+000  1.000000e+000  0.000000e+000
    outer loop
      vertex -6.445494e+001  3.000000e+000  1.192485e+001
      vertex -6.058838e+001  3.000000e+000  1.455707e+001
      vertex -6.019838e+001  3.000000e+000  1.448417e+001
    endloop
  endfacet
  facet normal  0.000000e+000  1.000000e+000  0.000000e+000
    outer loop
      vertex -6.445494e+001  3.000000e+000  2.253931e+001
      vertex -5.554506e+001  3.000000e+000  2.253931e+001
      vertex -5.980162e+001  3.000000e+000  1.876583e+001
    endloop
  endfacet
  facet normal  0.000000e+000  9.999999e-001  0.000000e+000
    outer loop
      vertex -6.445494e+001  3.000000e+000  2.253931e+001
      vertex -5.980162e+001  3.000000e+000  1.876583e+001
      vertex -6.019838e+001  3.000000e+000  1.876583e+001
    endloop
  endfacet
  facet normal  0.000000e+000  1.000000e+000  0.000000e+000
    outer loop
      vertex -6.445494e+001  3.000000e+000  2.253931e+001
      vertex -6.019838e+001  3.000000e+000  1.876583e+001
      vertex -6.058838e+001  3.000000e+000  1.869292e+001
    endloop
  endfacet
  facet normal  0.000000e+000  1.000000e+000  0.000000e+000
    outer loop
      vertex -6.445494e+001  3.000000e+000  2.253931e+001
      vertex -6.058838e+001  3.000000e+000  1.869292e+001
      vertex -6.095834e+001  3.000000e+000  1.854960e+001
    endloop
  endfacet
  facet normal  0.000000e+000  1.000000e+000  0.000000e+000
    outer loop
      vertex -6.445494e+001  3.000000e+000  2.253931e+001
      vertex -6.095834e+001  3.000000e+000  1.854960e+001
      vertex -6.129567e+001  3.000000e+000  1.834074e+001
    endloop
  endfacet
  facet normal  0.000000e+000  1.000000e+000  0.000000e+000
    outer loop
      vertex -6.445494e+001  3.000000e+000  2.253931e+001
      vertex -6.129567e+001  3.000000e+000  1.834074e+001
      vertex -6.158887e+001  3.000000e+000  1.807345e+001
    endloop
  endfacet
  facet normal  0.000000e+000  1.000000e+000  0.000000e+000
    outer loop
      vertex -6.445494e+001  3.000000e+000  2.253931e+001
      vertex -6.158887e+001  3.000000e+000  1.807345e+001
      vertex -6.182797e+001  3.000000e+000  1.775683e+001
    endloop
  endfacet
  facet normal  0.000000e+000  1.000000e+000  0.000000e+000
    outer loop
      vertex -6.445494e+001  3.000000e+000  2.253931e+001
      vertex -6.182797e+001  3.000000e+000  1.775683e+001
      vertex -6.200481e+001  3.000000e+000  1.740167e+001
    endloop
  endfacet
  facet normal  0.000000e+000  1.000000e+000  0.000000e+000
    outer loop
      vertex -6.445494e+001  3.000000e+000  2.253931e+001
      vertex -6.200481e+001  3.000000e+000  1.740167e+001
      vertex -6.445494e+001  3.000000e+000  1.192485e+001
    endloop
  endfacet
  facet normal  0.000000e+000  9.999999e-001  0.000000e+000
    outer loop
      vertex  4.160389e+001  3.000000e+000 -6.039310e+000
      vertex  3.204673e+001  3.000000e+000 -6.039310e+000
      vertex  4.160389e+001  3.000000e+000  0.000000e+000
    endloop
  endfacet
  facet normal  0.000000e+000  9.999999e-001  0.000000e+000
    outer loop
      vertex  4.160389e+001  3.000000e+000  0.000000e+000
      vertex  3.204673e+001  3.000000e+000 -6.039310e+000
      vertex  3.204673e+001  3.000000e+000  0.000000e+000
    endloop
  endfacet
  facet normal  0.000000e+000  1.000000e+000  0.000000e+000
    outer loop
      vertex -4.160389e+001  3.000000e+000 -3.469447e-018
      vertex  1.779871e+001  3.000000e+000  0.000000e+000
      vertex -4.160389e+001  3.000000e+000 -1.182492e+001
    endloop
  endfacet
  facet normal  -0.000000e+000  1.000000e+000  0.000000e+000
    outer loop
      vertex -4.160389e+001  3.000000e+000 -1.182492e+001
      vertex  1.779871e+001  3.000000e+000  0.000000e+000
      vertex  1.779871e+001  3.000000e+000 -1.203537e+001
    endloop
  endfacet
  facet normal  0.000000e+000  1.000000e+000  0.000000e+000
    outer loop
      vertex -4.160389e+001  3.000000e+000 -1.182492e+001
      vertex  1.779871e+001  3.000000e+000 -1.203537e+001
      vertex -5.554506e+001  3.000000e+000 -1.192485e+001
    endloop
  endfacet
  facet normal  0.000000e+000 -1.000000e+000  0.000000e+000
    outer loop
      vertex -7.800000e+000  0.000000e+000 -1.447500e+001
      vertex  7.800000e+000  0.000000e+000 -1.447500e+001
      vertex  1.779871e+001  0.000000e+000 -1.203537e+001
    endloop
  endfacet
  facet normal  0.000000e+000 -1.000000e+000  0.000000e+000
    outer loop
      vertex -3.550000e+001  0.000000e+000  5.539310e+000
      vertex -3.550000e+001  0.000000e+000 -1.550000e+001
      vertex -7.800000e+000  0.000000e+000 -1.550000e+001
    endloop
  endfacet
  facet normal  0.000000e+000 -1.000000e+000  0.000000e+000
    outer loop
      vertex -3.550000e+001  0.000000e+000  5.539310e+000
      vertex -7.800000e+000  0.000000e+000 -1.550000e+001
      vertex -7.800000e+000  0.000000e+000 -1.447500e+001
    endloop
  endfacet
  facet normal  0.000000e+000 -1.000000e+000  0.000000e+000
    outer loop
      vertex -3.550000e+001  0.000000e+000  5.539310e+000
      vertex -7.800000e+000  0.000000e+000 -1.447500e+001
      vertex  1.779871e+001  0.000000e+000 -1.203537e+001
    endloop
  endfacet
  facet normal  0.000000e+000 -1.000000e+000  0.000000e+000
    outer loop
      vertex -3.550000e+001  0.000000e+000  5.539310e+000
      vertex  1.779871e+001  0.000000e+000 -1.203537e+001
      vertex  1.779871e+001  0.000000e+000  0.000000e+000
    endloop
  endfacet
  facet normal  0.000000e+000 -1.000000e+000  0.000000e+000
    outer loop
      vertex -3.550000e+001  0.000000e+000  5.539310e+000
      vertex  1.779871e+001  0.000000e+000  0.000000e+000
      vertex  3.204673e+001  0.000000e+000  0.000000e+000
    endloop
  endfacet
  facet normal  2.495976e-017 -1.000000e+000  3.043610e-016
    outer loop
      vertex -3.550000e+001  0.000000e+000  5.539310e+000
      vertex  3.204673e+001  0.000000e+000  0.000000e+000
      vertex -2.660390e+001  2.220446e-016  5.539310e+000
    endloop
  endfacet
  facet normal  -0.000000e+000 -1.000000e+000  -0.000000e+000
    outer loop
      vertex  3.550000e+001  0.000000e+000 -1.550000e+001
      vertex  3.550000e+001  0.000000e+000 -1.192531e+001
      vertex  3.204673e+001  0.000000e+000 -1.192531e+001
    endloop
  endfacet
  facet normal  0.000000e+000 -1.000000e+000  0.000000e+000
    outer loop
      vertex  3.550000e+001  0.000000e+000 -1.550000e+001
      vertex  3.204673e+001  0.000000e+000 -1.192531e+001
      vertex  3.204673e+001  0.000000e+000 -1.203537e+001
    endloop
  endfacet
  facet normal  -0.000000e+000 -1.000000e+000  -0.000000e+000
    outer loop
      vertex  3.550000e+001  0.000000e+000 -1.550000e+001
      vertex  3.204673e+001  0.000000e+000 -1.203537e+001
      vertex  1.779871e+001  0.000000e+000 -1.203537e+001
    endloop
  endfacet
  facet normal  0.000000e+000 -1.000000e+000  -0.000000e+000
    outer loop
      vertex  3.550000e+001  0.000000e+000 -1.550000e+001
      vertex  1.779871e+001  0.000000e+000 -1.203537e+001
      vertex  7.800000e+000  0.000000e+000 -1.447500e+001
    endloop
  endfacet
  facet normal  0.000000e+000 -1.000000e+000  0.000000e+000
    outer loop
      vertex  3.550000e+001  0.000000e+000 -1.550000e+001
      vertex  7.800000e+000  0.000000e+000 -1.447500e+001
      vertex  7.800000e+000  0.000000e+000 -1.550000e+001
    endloop
  endfacet
  facet normal  0.000000e+000 -1.000000e+000  0.000000e+000
    outer loop
      vertex  7.800000e+000  0.000000e+000  1.447500e+001
      vertex  3.204673e+001  0.000000e+000  0.000000e+000
      vertex  7.800000e+000  0.000000e+000  1.550000e+001
    endloop
  endfacet
  facet normal  0.000000e+000 -9.999999e-001  0.000000e+000
    outer loop
      vertex  7.800000e+000  0.000000e+000  1.550000e+001
      vertex  3.204673e+001  0.000000e+000  0.000000e+000
      vertex  3.550000e+001  0.000000e+000  1.550000e+001
    endloop
  endfacet
  facet normal  0.000000e+000 -1.000000e+000  0.000000e+000
    outer loop
      vertex  3.204673e+001  0.000000e+000  0.000000e+000
      vertex  3.204673e+001  0.000000e+000 -6.039310e+000
      vertex  3.550000e+001  0.000000e+000  1.550000e+001
    endloop
  endfacet
  facet normal  0.000000e+000 -1.000000e+000  -0.000000e+000
    outer loop
      vertex  3.550000e+001  0.000000e+000  1.550000e+001
      vertex  3.204673e+001  0.000000e+000 -6.039310e+000
      vertex  3.550000e+001  0.000000e+000 -6.039310e+000
    endloop
  endfacet
  facet normal  -0.000000e+000 -1.000000e+000  0.000000e+000
    outer loop
      vertex -3.550000e+001  0.000000e+000  1.153931e+001
      vertex -7.800000e+000  0.000000e+000  1.550000e+001
      vertex -3.550000e+001  0.000000e+000  1.550000e+001
    endloop
  endfacet
  facet normal  0.000000e+000 -1.000000e+000  0.000000e+000
    outer loop
      vertex -7.800000e+000  0.000000e+000  1.550000e+001
      vertex -3.550000e+001  0.000000e+000  1.153931e+001
      vertex -7.800000e+000  0.000000e+000  1.447500e+001
    endloop
  endfacet
  facet normal  0.000000e+000 -1.000000e+000  0.000000e+000
    outer loop
      vertex -7.800000e+000  0.000000e+000  1.447500e+001
      vertex -3.550000e+001  0.000000e+000  1.153931e+001
      vertex -2.660390e+001  0.000000e+000  1.153931e+001
    endloop
  endfacet
  facet normal  0.000000e+000 -1.000000e+000  0.000000e+000
    outer loop
      vertex -7.800000e+000  0.000000e+000  1.447500e+001
      vertex -2.660390e+001  0.000000e+000  1.153931e+001
      vertex  7.800000e+000  0.000000e+000  1.447500e+001
    endloop
  endfacet
  facet normal  3.157850e-018 -1.000000e+000 -3.700744e-017
    outer loop
      vertex  7.800000e+000  0.000000e+000  1.447500e+001
      vertex -2.660390e+001  0.000000e+000  1.153931e+001
      vertex -2.660390e+001  2.220446e-016  5.539310e+000
    endloop
  endfacet
  facet normal -4.497393e-018 -1.000000e+000 -7.533474e-018
    outer loop
      vertex  7.800000e+000  0.000000e+000  1.447500e+001
      vertex -2.660390e+001  2.220446e-016  5.539310e+000
      vertex  3.204673e+001  0.000000e+000  0.000000e+000
    endloop
  endfacet
  facet normal  0.000000e+000  0.000000e+000  1.000000e+000
    outer loop
      vertex  4.160389e+001 -4.440892e-016 -1.192531e+001
      vertex  4.160389e+001  3.000000e+000 -1.192531e+001
      vertex  3.550000e+001  0.000000e+000 -1.192531e+001
    endloop
  endfacet
  facet normal  0.000000e+000  0.000000e+000  1.000000e+000
    outer loop
      vertex  4.160389e+001 -4.440892e-016 -1.192531e+001
      vertex  3.550000e+001  0.000000e+000 -1.192531e+001
      vertex  5.399965e+001 -4.930876e-001 -1.192531e+001
    endloop
  endfacet
  facet normal -3.331423e-005 -8.374881e-004  9.999997e-001
    outer loop
      vertex  4.160389e+001 -4.440892e-016 -1.192531e+001
      vertex  5.399965e+001 -4.930876e-001 -1.192531e+001
      vertex  5.554506e+001  0.000000e+000 -1.192485e+001
    endloop
  endfacet
  facet normal  0.000000e+000  0.000000e+000  1.000000e+000
    outer loop
      vertex  3.550000e+001  0.000000e+000 -1.192531e+001
      vertex  3.550000e+001 -8.000000e+000 -1.192531e+001
      vertex  4.160389e+001 -8.000000e+000 -1.192531e+001
    endloop
  endfacet
  facet normal  0.000000e+000  -0.000000e+000  1.000000e+000
    outer loop
      vertex  3.550000e+001  0.000000e+000 -1.192531e+001
      vertex  4.160389e+001 -8.000000e+000 -1.192531e+001
      vertex  4.280937e+001 -6.914517e+000 -1.192531e+001
    endloop
  endfacet
  facet normal  0.000000e+000  -0.000000e+000  1.000000e+000
    outer loop
      vertex  3.550000e+001  0.000000e+000 -1.192531e+001
      vertex  4.280937e+001 -6.914517e+000 -1.192531e+001
      vertex  4.406465e+001 -5.887038e+000 -1.192531e+001
    endloop
  endfacet
  facet normal  0.000000e+000  -0.000000e+000  1.000000e+000
    outer loop
      vertex  3.550000e+001  0.000000e+000 -1.192531e+001
      vertex  4.406465e+001 -5.887038e+000 -1.192531e+001
      vertex  4.536695e+001 -4.919847e+000 -1.192531e+001
    endloop
  endfacet
  facet normal  0.000000e+000  -0.000000e+000  1.000000e+000
    outer loop
      vertex  3.550000e+001  0.000000e+000 -1.192531e+001
      vertex  4.536695e+001 -4.919847e+000 -1.192531e+001
      vertex  4.671338e+001 -4.015091e+000 -1.192531e+001
    endloop
  endfacet
  facet normal  0.000000e+000  -0.000000e+000  1.000000e+000
    outer loop
      vertex  3.550000e+001  0.000000e+000 -1.192531e+001
      vertex  4.671338e+001 -4.015091e+000 -1.192531e+001
      vertex  4.810093e+001 -3.174780e+000 -1.192531e+001
    endloop
  endfacet
  facet normal  0.000000e+000  -0.000000e+000  1.000000e+000
    outer loop
      vertex  3.550000e+001  0.000000e+000 -1.192531e+001
      vertex  4.810093e+001 -3.174780e+000 -1.192531e+001
      vertex  4.952654e+001 -2.400781e+000 -1.192531e+001
    endloop
  endfacet
  facet normal  0.000000e+000  -0.000000e+000  1.000000e+000
    outer loop
      vertex  3.550000e+001  0.000000e+000 -1.192531e+001
      vertex  4.952654e+001 -2.400781e+000 -1.192531e+001
      vertex  5.098704e+001 -1.694813e+000 -1.192531e+001
    endloop
  endfacet
  facet normal  0.000000e+000  -0.000000e+000  1.000000e+000
    outer loop
      vertex  3.550000e+001  0.000000e+000 -1.192531e+001
      vertex  5.098704e+001 -1.694813e+000 -1.192531e+001
      vertex  5.247918e+001 -1.058444e+000 -1.192531e+001
    endloop
  endfacet
  facet normal  0.000000e+000  -0.000000e+000  1.000000e+000
    outer loop
      vertex  3.550000e+001  0.000000e+000 -1.192531e+001
      vertex  5.247918e+001 -1.058444e+000 -1.192531e+001
      vertex  5.399965e+001 -4.930876e-001 -1.192531e+001
    endloop
  endfacet
  facet normal  0.000000e+000  0.000000e+000  1.000000e+000
    outer loop
      vertex  3.204673e+001  0.000000e+000 -1.192531e+001
      vertex  3.550000e+001  0.000000e+000 -1.192531e+001
      vertex  3.204673e+001  3.000000e+000 -1.192531e+001
    endloop
  endfacet
  facet normal  -0.000000e+000  0.000000e+000  1.000000e+000
    outer loop
      vertex  3.204673e+001  3.000000e+000 -1.192531e+001
      vertex  3.550000e+001  0.000000e+000 -1.192531e+001
      vertex  4.160389e+001  3.000000e+000 -1.192531e+001
    endloop
  endfacet
  facet normal  -0.000000e+000  0.000000e+000 -1.000000e+000
    outer loop
      vertex  3.204673e+001  3.000000e+000 -6.039310e+000
      vertex  4.160389e+001  3.000000e+000 -6.039310e+000
      vertex  3.204673e+001  0.000000e+000 -6.039310e+000
    endloop
  endfacet
  facet normal  0.000000e+000  0.000000e+000 -1.000000e+000
    outer loop
      vertex  3.204673e+001  0.000000e+000 -6.039310e+000
      vertex  4.160389e+001  3.000000e+000 -6.039310e+000
      vertex  3.550000e+001  0.000000e+000 -6.039310e+000
    endloop
  endfacet
  facet normal  0.000000e+000  0.000000e+000 -1.000000e+000
    outer loop
      vertex  4.160389e+001  3.000000e+000 -6.039310e+000
      vertex  4.160389e+001 -8.000000e+000 -6.039310e+000
      vertex  3.550000e+001  0.000000e+000 -6.039310e+000
    endloop
  endfacet
  facet normal  0.000000e+000  0.000000e+000 -1.000000e+000
    outer loop
      vertex  3.550000e+001  0.000000e+000 -6.039310e+000
      vertex  4.160389e+001 -8.000000e+000 -6.039310e+000
      vertex  3.550000e+001 -8.000000e+000 -6.039310e+000
    endloop
  endfacet
  facet normal -1.000000e+000  -0.000000e+000  0.000000e+000
    outer loop
      vertex  3.204673e+001  0.000000e+000 -1.192531e+001
      vertex  3.204673e+001  3.000000e+000 -1.192531e+001
      vertex  3.204673e+001  0.000000e+000 -1.203537e+001
    endloop
  endfacet
  facet normal -1.000000e+000  0.000000e+000  0.000000e+000
    outer loop
      vertex  3.204673e+001  0.000000e+000 -1.203537e+001
      vertex  3.204673e+001  3.000000e+000 -1.192531e+001
      vertex  3.204673e+001  3.000000e+000 -1.203537e+001
    endloop
  endfacet
  facet normal -1.000000e+000  -0.000000e+000  0.000000e+000
    outer loop
      vertex  3.204673e+001  0.000000e+000  0.000000e+000
      vertex  3.204673e+001  3.000000e+000  0.000000e+000
      vertex  3.204673e+001  0.000000e+000 -6.039310e+000
    endloop
  endfacet
  facet normal -1.000000e+000  0.000000e+000  0.000000e+000
    outer loop
      vertex  3.204673e+001  0.000000e+000 -6.039310e+000
      vertex  3.204673e+001  3.000000e+000  0.000000e+000
      vertex  3.204673e+001  3.000000e+000 -6.039310e+000
    endloop
  endfacet
  facet normal  0.000000e+000  0.000000e+000 -1.000000e+000
    outer loop
      vertex  3.204673e+001  0.000000e+000  0.000000e+000
      vertex  1.779871e+001  0.000000e+000  0.000000e+000
      vertex  3.204673e+001  3.000000e+000  0.000000e+000
    endloop
  endfacet
  facet normal  -0.000000e+000  0.000000e+000 -1.000000e+000
    outer loop
      vertex  3.204673e+001  3.000000e+000  0.000000e+000
      vertex  1.779871e+001  0.000000e+000  0.000000e+000
      vertex  1.779871e+001  3.000000e+000  0.000000e+000
    endloop
  endfacet
  facet normal  1.000000e+000  0.000000e+000  0.000000e+000
    outer loop
      vertex  1.779871e+001  0.000000e+000 -1.203537e+001
      vertex  1.779871e+001  3.000000e+000 -1.203537e+001
      vertex  1.779871e+001  0.000000e+000  0.000000e+000
    endloop
  endfacet
  facet normal  1.000000e+000  -0.000000e+000  0.000000e+000
    outer loop
      vertex  1.779871e+001  0.000000e+000  0.000000e+000
      vertex  1.779871e+001  3.000000e+000 -1.203537e+001
      vertex  1.779871e+001  3.000000e+000  0.000000e+000
    endloop
  endfacet
  facet normal  0.000000e+000  0.000000e+000  1.000000e+000
    outer loop
      vertex  1.779871e+001  0.000000e+000 -1.203537e+001
      vertex  3.204673e+001  0.000000e+000 -1.203537e+001
      vertex  1.779871e+001  3.000000e+000 -1.203537e+001
    endloop
  endfacet
  facet normal  -0.000000e+000  0.000000e+000  1.000000e+000
    outer loop
      vertex  1.779871e+001  3.000000e+000 -1.203537e+001
      vertex  3.204673e+001  0.000000e+000 -1.203537e+001
      vertex  3.204673e+001  3.000000e+000 -1.203537e+001
    endloop
  endfacet
  facet normal -1.000000e+000  0.000000e+000  0.000000e+000
    outer loop
      vertex  4.160389e+001  3.000000e+000 -1.182492e+001
      vertex  4.160389e+001  3.000000e+000 -1.192531e+001
      vertex  4.160389e+001  0.000000e+000 -1.182492e+001
    endloop
  endfacet
  facet normal -1.000000e+000  0.000000e+000  -0.000000e+000
    outer loop
      vertex  4.160389e+001  0.000000e+000 -1.182492e+001
      vertex  4.160389e+001  3.000000e+000 -1.192531e+001
      vertex  4.160389e+001 -4.440892e-016 -1.192531e+001
    endloop
  endfacet
  facet normal  0.000000e+000 -1.000000e+000  0.000000e+000
    outer loop
      vertex  4.160389e+001 -8.000000e+000 -1.192531e+001
      vertex  3.550000e+001 -8.000000e+000 -1.192531e+001
      vertex  4.160389e+001 -8.000000e+000 -2.253931e+001
    endloop
  endfacet
  facet normal  0.000000e+000 -9.999999e-001  0.000000e+000
    outer loop
      vertex  4.160389e+001 -8.000000e+000 -2.253931e+001
      vertex  3.550000e+001 -8.000000e+000 -1.192531e+001
      vertex  3.550000e+001 -8.000000e+000 -1.550000e+001
    endloop
  endfacet
  facet normal  0.000000e+000 -1.000000e+000  -0.000000e+000
    outer loop
      vertex  4.160389e+001 -8.000000e+000 -2.253931e+001
      vertex  3.550000e+001 -8.000000e+000 -1.550000e+001
      vertex  1.380000e+001 -8.000000e+000 -2.253931e+001
    endloop
  endfacet
  facet normal  0.000000e+000 -1.000000e+000  0.000000e+000
    outer loop
      vertex  1.380000e+001 -8.000000e+000 -2.253931e+001
      vertex  3.550000e+001 -8.000000e+000 -1.550000e+001
      vertex  1.380000e+001 -8.000000e+000 -1.550000e+001
    endloop
  endfacet
  facet normal  0.000000e+000 -1.000000e+000  0.000000e+000
    outer loop
      vertex  1.380000e+001 -8.000000e+000  2.253931e+001
      vertex  1.380000e+001 -8.000000e+000  1.550000e+001
      vertex  4.160389e+001 -8.000000e+000  2.253931e+001
    endloop
  endfacet
  facet normal  0.000000e+000 -1.000000e+000  0.000000e+000
    outer loop
      vertex  4.160389e+001 -8.000000e+000  2.253931e+001
      vertex  1.380000e+001 -8.000000e+000  1.550000e+001
      vertex  3.550000e+001 -8.000000e+000  1.550000e+001
    endloop
  endfacet
  facet normal  0.000000e+000 -1.000000e+000  0.000000e+000
    outer loop
      vertex  4.160389e+001 -8.000000e+000  2.253931e+001
      vertex  3.550000e+001 -8.000000e+000  1.550000e+001
      vertex  4.160389e+001 -8.000000e+000  1.192531e+001
    endloop
  endfacet
  facet normal  0.000000e+000 -1.000000e+000  0.000000e+000
    outer loop
      vertex  3.550000e+001 -8.000000e+000 -6.039310e+000
      vertex  4.160389e+001 -8.000000e+000 -6.039310e+000
      vertex  3.550000e+001 -8.000000e+000  1.550000e+001
    endloop
  endfacet
  facet normal  0.000000e+000 -9.999999e-001  0.000000e+000
    outer loop
      vertex  3.550000e+001 -8.000000e+000  1.550000e+001
      vertex  4.160389e+001 -8.000000e+000 -6.039310e+000
      vertex  4.160389e+001 -8.000000e+000  1.192531e+001
    endloop
  endfacet
  facet normal  1.000000e+000  0.000000e+000  -0.000000e+000
    outer loop
      vertex  4.160389e+001  0.000000e+000  1.182492e+001
      vertex  4.160389e+001  3.000000e+000  0.000000e+000
      vertex  4.160389e+001  3.000000e+000  1.182492e+001
    endloop
  endfacet
  facet normal  1.000000e+000  0.000000e+000  0.000000e+000
    outer loop
      vertex  4.160389e+001  3.000000e+000 -6.039310e+000
      vertex  4.160389e+001  3.000000e+000  0.000000e+000
      vertex  4.160389e+001 -8.000000e+000 -6.039310e+000
    endloop
  endfacet
  facet normal  1.000000e+000  0.000000e+000  0.000000e+000
    outer loop
      vertex  4.160389e+001 -8.000000e+000 -6.039310e+000
      vertex  4.160389e+001  3.000000e+000  0.000000e+000
      vertex  4.160389e+001  0.000000e+000  1.182492e+001
    endloop
  endfacet
  facet normal  1.000000e+000  0.000000e+000  0.000000e+000
    outer loop
      vertex  4.160389e+001 -8.000000e+000 -6.039310e+000
      vertex  4.160389e+001  0.000000e+000  1.182492e+001
      vertex  4.160389e+001 -8.000000e+000  1.192531e+001
    endloop
  endfacet
  facet normal  1.000000e+000  -0.000000e+000  0.000000e+000
    outer loop
      vertex  4.160389e+001 -8.000000e+000  1.192531e+001
      vertex  4.160389e+001  0.000000e+000  1.182492e+001
      vertex  4.160389e+001  0.000000e+000  1.192531e+001
    endloop
  endfacet
  facet normal -1.000000e+000  -0.000000e+000  0.000000e+000
    outer loop
      vertex  3.550000e+001 -8.000000e+000  1.550000e+001
      vertex  3.550000e+001  0.000000e+000  1.550000e+001
      vertex  3.550000e+001 -8.000000e+000 -6.039310e+000
    endloop
  endfacet
  facet normal -1.000000e+000  0.000000e+000  0.000000e+000
    outer loop
      vertex  3.550000e+001 -8.000000e+000 -6.039310e+000
      vertex  3.550000e+001  0.000000e+000  1.550000e+001
      vertex  3.550000e+001  0.000000e+000 -6.039310e+000
    endloop
  endfacet
  facet normal -9.999999e-001  -0.000000e+000  0.000000e+000
    outer loop
      vertex  3.550000e+001 -8.000000e+000 -1.192531e+001
      vertex  3.550000e+001  0.000000e+000 -1.192531e+001
      vertex  3.550000e+001 -8.000000e+000 -1.550000e+001
    endloop
  endfacet
  facet normal -9.999999e-001  0.000000e+000  0.000000e+000
    outer loop
      vertex  3.550000e+001 -8.000000e+000 -1.550000e+001
      vertex  3.550000e+001  0.000000e+000 -1.192531e+001
      vertex  3.550000e+001  0.000000e+000 -1.550000e+001
    endloop
  endfacet
  facet normal  7.167714e-003  0.000000e+000  9.999743e-001
    outer loop
      vertex  5.554506e+001  3.000000e+000 -1.192485e+001
      vertex  4.160389e+001  3.000000e+000 -1.182492e+001
      vertex  5.554506e+001  0.000000e+000 -1.192485e+001
    endloop
  endfacet
  facet normal  7.167714e-003  0.000000e+000  9.999743e-001
    outer loop
      vertex  5.554506e+001  0.000000e+000 -1.192485e+001
      vertex  4.160389e+001  3.000000e+000 -1.182492e+001
      vertex  4.160389e+001  0.000000e+000 -1.182492e+001
    endloop
  endfacet
  facet normal  3.170716e-017 -9.999999e-001  4.423494e-015
    outer loop
      vertex  5.554506e+001  0.000000e+000 -1.192485e+001
      vertex  4.160389e+001  0.000000e+000 -1.182492e+001
      vertex  4.160389e+001 -4.440892e-016 -1.192531e+001
    endloop
  endfacet
  facet normal  4.771380e-001 -8.788284e-001  0.000000e+000
    outer loop
      vertex  4.810093e+001 -3.174780e+000 -1.192531e+001
      vertex  4.952654e+001 -2.400781e+000 -2.253931e+001
      vertex  4.952654e+001 -2.400781e+000 -1.192531e+001
    endloop
  endfacet
  facet normal  4.351988e-001 -9.003344e-001  0.000000e+000
    outer loop
      vertex  4.952654e+001 -2.400781e+000 -1.192531e+001
      vertex  4.952654e+001 -2.400781e+000 -2.253931e+001
      vertex  5.098704e+001 -1.694813e+000 -2.253931e+001
    endloop
  endfacet
  facet normal  4.351988e-001 -9.003344e-001  0.000000e+000
    outer loop
      vertex  4.952654e+001 -2.400781e+000 -1.192531e+001
      vertex  5.098704e+001 -1.694813e+000 -2.253931e+001
      vertex  5.098704e+001 -1.694813e+000 -1.192531e+001
    endloop
  endfacet
  facet normal  3.922945e-001 -9.198396e-001  0.000000e+000
    outer loop
      vertex  5.098704e+001 -1.694813e+000 -1.192531e+001
      vertex  5.098704e+001 -1.694813e+000 -2.253931e+001
      vertex  5.247918e+001 -1.058444e+000 -2.253931e+001
    endloop
  endfacet
  facet normal  3.922945e-001 -9.198396e-001  0.000000e+000
    outer loop
      vertex  5.098704e+001 -1.694813e+000 -1.192531e+001
      vertex  5.247918e+001 -1.058444e+000 -2.253931e+001
      vertex  5.247918e+001 -1.058444e+000 -1.192531e+001
    endloop
  endfacet
  facet normal  3.485179e-001 -9.373022e-001  0.000000e+000
    outer loop
      vertex  5.247918e+001 -1.058444e+000 -1.192531e+001
      vertex  5.247918e+001 -1.058444e+000 -2.253931e+001
      vertex  5.399965e+001 -4.930876e-001 -2.253931e+001
    endloop
  endfacet
  facet normal  3.485179e-001 -9.373022e-001  0.000000e+000
    outer loop
      vertex  5.247918e+001 -1.058444e+000 -1.192531e+001
      vertex  5.399965e+001 -4.930876e-001 -2.253931e+001
      vertex  5.399965e+001 -4.930876e-001 -1.192531e+001
    endloop
  endfacet
  facet normal  3.039677e-001 -9.526824e-001  0.000000e+000
    outer loop
      vertex  5.399965e+001 -4.930876e-001 -1.192531e+001
      vertex  5.399965e+001 -4.930876e-001 -2.253931e+001
      vertex  5.554506e+001  0.000000e+000 -2.253931e+001
    endloop
  endfacet
  facet normal  3.039676e-001 -9.526824e-001  0.000000e+000
    outer loop
      vertex  5.399965e+001 -4.930876e-001 -1.192531e+001
      vertex  5.554506e+001  0.000000e+000 -2.253931e+001
      vertex  5.554506e+001  0.000000e+000 -1.192485e+001
    endloop
  endfacet
  facet normal  4.771380e-001 -8.788284e-001  0.000000e+000
    outer loop
      vertex  4.952654e+001 -2.400781e+000 -2.253931e+001
      vertex  4.810093e+001 -3.174780e+000 -1.192531e+001
      vertex  4.810093e+001 -3.174780e+000 -2.253931e+001
    endloop
  endfacet
  facet normal  5.180162e-001 -8.553708e-001  0.000000e+000
    outer loop
      vertex  4.810093e+001 -3.174780e+000 -2.253931e+001
      vertex  4.810093e+001 -3.174780e+000 -1.192531e+001
      vertex  4.671338e+001 -4.015091e+000 -1.192531e+001
    endloop
  endfacet
  facet normal  5.180162e-001 -8.553708e-001  0.000000e+000
    outer loop
      vertex  4.810093e+001 -3.174780e+000 -2.253931e+001
      vertex  4.671338e+001 -4.015091e+000 -1.192531e+001
      vertex  4.671338e+001 -4.015091e+000 -2.253931e+001
    endloop
  endfacet
  facet normal  5.577437e-001 -8.300133e-001  0.000000e+000
    outer loop
      vertex  4.671338e+001 -4.015091e+000 -2.253931e+001
      vertex  4.671338e+001 -4.015091e+000 -1.192531e+001
      vertex  4.536695e+001 -4.919847e+000 -1.192531e+001
    endloop
  endfacet
  facet normal  5.577437e-001 -8.300133e-001  0.000000e+000
    outer loop
      vertex  4.671338e+001 -4.015091e+000 -2.253931e+001
      vertex  4.536695e+001 -4.919847e+000 -1.192531e+001
      vertex  4.536695e+001 -4.919847e+000 -2.253931e+001
    endloop
  endfacet
  facet normal  5.962321e-001 -8.028120e-001  0.000000e+000
    outer loop
      vertex  4.536695e+001 -4.919847e+000 -2.253931e+001
      vertex  4.536695e+001 -4.919847e+000 -1.192531e+001
      vertex  4.406465e+001 -5.887038e+000 -1.192531e+001
    endloop
  endfacet
  facet normal  5.962321e-001 -8.028120e-001  0.000000e+000
    outer loop
      vertex  4.536695e+001 -4.919847e+000 -2.253931e+001
      vertex  4.406465e+001 -5.887038e+000 -1.192531e+001
      vertex  4.406465e+001 -5.887038e+000 -2.253931e+001
    endloop
  endfacet
  facet normal  6.333960e-001 -7.738278e-001  0.000000e+000
    outer loop
      vertex  4.406465e+001 -5.887038e+000 -2.253931e+001
      vertex  4.406465e+001 -5.887038e+000 -1.192531e+001
      vertex  4.280937e+001 -6.914517e+000 -1.192531e+001
    endloop
  endfacet
  facet normal  6.333960e-001 -7.738278e-001  0.000000e+000
    outer loop
      vertex  4.406465e+001 -5.887038e+000 -2.253931e+001
      vertex  4.280937e+001 -6.914517e+000 -1.192531e+001
      vertex  4.280937e+001 -6.914517e+000 -2.253931e+001
    endloop
  endfacet
  facet normal  6.691540e-001 -7.431238e-001  0.000000e+000
    outer loop
      vertex  4.280937e+001 -6.914517e+000 -2.253931e+001
      vertex  4.280937e+001 -6.914517e+000 -1.192531e+001
      vertex  4.160389e+001 -8.000000e+000 -1.192531e+001
    endloop
  endfacet
  facet normal  6.691540e-001 -7.431238e-001  0.000000e+000
    outer loop
      vertex  4.280937e+001 -6.914517e+000 -2.253931e+001
      vertex  4.160389e+001 -8.000000e+000 -1.192531e+001
      vertex  4.160389e+001 -8.000000e+000 -2.253931e+001
    endloop
  endfacet
  facet normal  0.000000e+000  0.000000e+000  9.999999e-001
    outer loop
      vertex  7.800000e+000  3.000000e+000  2.253931e+001
      vertex  7.800000e+000 -1.390253e+001  2.253931e+001
      vertex  1.380000e+001 -1.390253e+001  2.253931e+001
    endloop
  endfacet
  facet normal  0.000000e+000  -0.000000e+000  1.000000e+000
    outer loop
      vertex  7.800000e+000  3.000000e+000  2.253931e+001
      vertex  1.380000e+001 -1.390253e+001  2.253931e+001
      vertex  1.380000e+001 -8.000000e+000  2.253931e+001
    endloop
  endfacet
  facet normal  0.000000e+000  -0.000000e+000  1.000000e+000
    outer loop
      vertex  7.800000e+000  3.000000e+000  2.253931e+001
      vertex  1.380000e+001 -8.000000e+000  2.253931e+001
      vertex  4.160389e+001 -8.000000e+000  2.253931e+001
    endloop
  endfacet
  facet normal  0.000000e+000  -0.000000e+000  1.000000e+000
    outer loop
      vertex  7.800000e+000  3.000000e+000  2.253931e+001
      vertex  4.160389e+001 -8.000000e+000  2.253931e+001
      vertex  4.280937e+001 -6.914517e+000  2.253931e+001
    endloop
  endfacet
  facet normal  0.000000e+000  -0.000000e+000  1.000000e+000
    outer loop
      vertex  7.800000e+000  3.000000e+000  2.253931e+001
      vertex  4.280937e+001 -6.914517e+000  2.253931e+001
      vertex  4.406465e+001 -5.887038e+000  2.253931e+001
    endloop
  endfacet
  facet normal  0.000000e+000  -0.000000e+000  1.000000e+000
    outer loop
      vertex  7.800000e+000  3.000000e+000  2.253931e+001
      vertex  4.406465e+001 -5.887038e+000  2.253931e+001
      vertex  4.536695e+001 -4.919847e+000  2.253931e+001
    endloop
  endfacet
  facet normal  0.000000e+000  -0.000000e+000  1.000000e+000
    outer loop
      vertex  7.800000e+000  3.000000e+000  2.253931e+001
      vertex  4.536695e+001 -4.919847e+000  2.253931e+001
      vertex  4.671338e+001 -4.015091e+000  2.253931e+001
    endloop
  endfacet
  facet normal  0.000000e+000  -0.000000e+000  1.000000e+000
    outer loop
      vertex  7.800000e+000  3.000000e+000  2.253931e+001
      vertex  4.671338e+001 -4.015091e+000  2.253931e+001
      vertex  4.810093e+001 -3.174780e+000  2.253931e+001
    endloop
  endfacet
  facet normal  0.000000e+000  -0.000000e+000  1.000000e+000
    outer loop
      vertex  7.800000e+000  3.000000e+000  2.253931e+001
      vertex  4.810093e+001 -3.174780e+000  2.253931e+001
      vertex  4.952654e+001 -2.400781e+000  2.253931e+001
    endloop
  endfacet
  facet normal  0.000000e+000  -0.000000e+000  1.000000e+000
    outer loop
      vertex  7.800000e+000  3.000000e+000  2.253931e+001
      vertex  4.952654e+001 -2.400781e+000  2.253931e+001
      vertex  5.098704e+001 -1.694813e+000  2.253931e+001
    endloop
  endfacet
  facet normal  0.000000e+000  -0.000000e+000  9.999999e-001
    outer loop
      vertex  7.800000e+000  3.000000e+000  2.253931e+001
      vertex  5.098704e+001 -1.694813e+000  2.253931e+001
      vertex  5.247918e+001 -1.058444e+000  2.253931e+001
    endloop
  endfacet
  facet normal  0.000000e+000  -0.000000e+000  9.999999e-001
    outer loop
      vertex  7.800000e+000  3.000000e+000  2.253931e+001
      vertex  5.247918e+001 -1.058444e+000  2.253931e+001
      vertex  5.399965e+001 -4.930876e-001  2.253931e+001
    endloop
  endfacet
  facet normal  0.000000e+000  -0.000000e+000  9.999999e-001
    outer loop
      vertex  7.800000e+000  3.000000e+000  2.253931e+001
      vertex  5.399965e+001 -4.930876e-001  2.253931e+001
      vertex  5.554506e+001  0.000000e+000  2.253931e+001
    endloop
  endfacet
  facet normal  0.000000e+000  -0.000000e+000  1.000000e+000
    outer loop
      vertex  7.800000e+000  3.000000e+000  2.253931e+001
      vertex  5.554506e+001  0.000000e+000  2.253931e+001
      vertex  5.554506e+001  1.205403e+000  2.253931e+001
    endloop
  endfacet
  facet normal  0.000000e+000  -0.000000e+000  1.000000e+000
    outer loop
      vertex  7.800000e+000  3.000000e+000  2.253931e+001
      vertex  5.554506e+001  1.205403e+000  2.253931e+001
      vertex  5.554506e+001  3.000000e+000  2.253931e+001
    endloop
  endfacet
  facet normal  -0.000000e+000  0.000000e+000  1.000000e+000
    outer loop
      vertex -5.554506e+001  1.205403e+000  2.253931e+001
      vertex -5.554506e+001 -8.526513e-014  2.253931e+001
      vertex -5.399965e+001 -4.930876e-001  2.253931e+001
    endloop
  endfacet
  facet normal  0.000000e+000  0.000000e+000  1.000000e+000
    outer loop
      vertex -1.380000e+001 -8.000000e+000  2.253931e+001
      vertex -5.554506e+001  3.000000e+000  2.253931e+001
      vertex -4.406465e+001 -5.887038e+000  2.253931e+001
    endloop
  endfacet
  facet normal  0.000000e+000  0.000000e+000  1.000000e+000
    outer loop
      vertex -1.380000e+001 -8.000000e+000  2.253931e+001
      vertex -4.406465e+001 -5.887038e+000  2.253931e+001
      vertex -4.280937e+001 -6.914517e+000  2.253931e+001
    endloop
  endfacet
  facet normal  0.000000e+000  0.000000e+000  1.000000e+000
    outer loop
      vertex -1.380000e+001 -8.000000e+000  2.253931e+001
      vertex -4.280937e+001 -6.914517e+000  2.253931e+001
      vertex -4.160389e+001 -8.000000e+000  2.253931e+001
    endloop
  endfacet
  facet normal  -0.000000e+000  0.000000e+000  9.999999e-001
    outer loop
      vertex -5.554506e+001  3.000000e+000  2.253931e+001
      vertex -5.554506e+001  1.205403e+000  2.253931e+001
      vertex -5.399965e+001 -4.930876e-001  2.253931e+001
    endloop
  endfacet
  facet normal  -0.000000e+000  -0.000000e+000  1.000000e+000
    outer loop
      vertex -5.554506e+001  3.000000e+000  2.253931e+001
      vertex -5.399965e+001 -4.930876e-001  2.253931e+001
      vertex -5.247918e+001 -1.058444e+000  2.253931e+001
    endloop
  endfacet
  facet normal  -0.000000e+000  -0.000000e+000  1.000000e+000
    outer loop
      vertex -5.554506e+001  3.000000e+000  2.253931e+001
      vertex -5.247918e+001 -1.058444e+000  2.253931e+001
      vertex -5.098704e+001 -1.694813e+000  2.253931e+001
    endloop
  endfacet
  facet normal  -0.000000e+000  -0.000000e+000  1.000000e+000
    outer loop
      vertex -5.554506e+001  3.000000e+000  2.253931e+001
      vertex -5.098704e+001 -1.694813e+000  2.253931e+001
      vertex -4.952654e+001 -2.400781e+000  2.253931e+001
    endloop
  endfacet
  facet normal  -0.000000e+000  -0.000000e+000  1.000000e+000
    outer loop
      vertex -5.554506e+001  3.000000e+000  2.253931e+001
      vertex -4.952654e+001 -2.400781e+000  2.253931e+001
      vertex -4.810093e+001 -3.174780e+000  2.253931e+001
    endloop
  endfacet
  facet normal  -0.000000e+000  -0.000000e+000  1.000000e+000
    outer loop
      vertex -5.554506e+001  3.000000e+000  2.253931e+001
      vertex -4.810093e+001 -3.174780e+000  2.253931e+001
      vertex -4.671338e+001 -4.015091e+000  2.253931e+001
    endloop
  endfacet
  facet normal  -0.000000e+000  -0.000000e+000  1.000000e+000
    outer loop
      vertex -5.554506e+001  3.000000e+000  2.253931e+001
      vertex -4.671338e+001 -4.015091e+000  2.253931e+001
      vertex -4.536695e+001 -4.919847e+000  2.253931e+001
    endloop
  endfacet
  facet normal  -0.000000e+000  -0.000000e+000  1.000000e+000
    outer loop
      vertex -5.554506e+001  3.000000e+000  2.253931e+001
      vertex -4.536695e+001 -4.919847e+000  2.253931e+001
      vertex -4.406465e+001 -5.887038e+000  2.253931e+001
    endloop
  endfacet
  facet normal  -0.000000e+000  0.000000e+000  1.000000e+000
    outer loop
      vertex -7.800000e+000  3.000000e+000  2.253931e+001
      vertex -5.554506e+001  3.000000e+000  2.253931e+001
      vertex -1.380000e+001 -8.000000e+000  2.253931e+001
    endloop
  endfacet
  facet normal  -0.000000e+000  0.000000e+000  1.000000e+000
    outer loop
      vertex -7.800000e+000  3.000000e+000  2.253931e+001
      vertex -1.380000e+001 -8.000000e+000  2.253931e+001
      vertex -1.380000e+001 -1.390253e+001  2.253931e+001
    endloop
  endfacet
  facet normal  0.000000e+000  0.000000e+000  9.999999e-001
    outer loop
      vertex -7.800000e+000  3.000000e+000  2.253931e+001
      vertex -1.380000e+001 -1.390253e+001  2.253931e+001
      vertex -7.800000e+000 -1.390253e+001  2.253931e+001
    endloop
  endfacet
  facet normal  0.000000e+000  0.000000e+000 -1.000000e+000
    outer loop
      vertex -4.160389e+001  0.000000e+000  1.192531e+001
      vertex -4.160389e+001 -8.000000e+000  1.192531e+001
      vertex -4.280937e+001 -6.914517e+000  1.192531e+001
    endloop
  endfacet
  facet normal  0.000000e+000  0.000000e+000 -1.000000e+000
    outer loop
      vertex -4.160389e+001  0.000000e+000  1.192531e+001
      vertex -4.280937e+001 -6.914517e+000  1.192531e+001
      vertex -4.406465e+001 -5.887038e+000  1.192531e+001
    endloop
  endfacet
  facet normal  0.000000e+000  0.000000e+000 -1.000000e+000
    outer loop
      vertex -4.160389e+001  0.000000e+000  1.192531e+001
      vertex -4.406465e+001 -5.887038e+000  1.192531e+001
      vertex -4.536695e+001 -4.919847e+000  1.192531e+001
    endloop
  endfacet
  facet normal  0.000000e+000  0.000000e+000 -1.000000e+000
    outer loop
      vertex -4.160389e+001  0.000000e+000  1.192531e+001
      vertex -4.536695e+001 -4.919847e+000  1.192531e+001
      vertex -4.671338e+001 -4.015091e+000  1.192531e+001
    endloop
  endfacet
  facet normal  0.000000e+000  0.000000e+000 -9.999999e-001
    outer loop
      vertex -4.160389e+001  0.000000e+000  1.192531e+001
      vertex -4.671338e+001 -4.015091e+000  1.192531e+001
      vertex -4.810093e+001 -3.174780e+000  1.192531e+001
    endloop
  endfacet
  facet normal  0.000000e+000  0.000000e+000 -1.000000e+000
    outer loop
      vertex -4.160389e+001  0.000000e+000  1.192531e+001
      vertex -4.810093e+001 -3.174780e+000  1.192531e+001
      vertex -4.952654e+001 -2.400781e+000  1.192531e+001
    endloop
  endfacet
  facet normal  0.000000e+000  0.000000e+000 -1.000000e+000
    outer loop
      vertex -4.160389e+001  0.000000e+000  1.192531e+001
      vertex -4.952654e+001 -2.400781e+000  1.192531e+001
      vertex -5.098704e+001 -1.694813e+000  1.192531e+001
    endloop
  endfacet
  facet normal  0.000000e+000  0.000000e+000 -1.000000e+000
    outer loop
      vertex -4.160389e+001  0.000000e+000  1.192531e+001
      vertex -5.098704e+001 -1.694813e+000  1.192531e+001
      vertex -5.247918e+001 -1.058444e+000  1.192531e+001
    endloop
  endfacet
  facet normal  0.000000e+000  0.000000e+000 -1.000000e+000
    outer loop
      vertex -4.160389e+001  0.000000e+000  1.192531e+001
      vertex -5.247918e+001 -1.058444e+000  1.192531e+001
      vertex -5.399965e+001 -4.930876e-001  1.192531e+001
    endloop
  endfacet
  facet normal  0.000000e+000  0.000000e+000 -1.000000e+000
    outer loop
      vertex -4.160389e+001  0.000000e+000  1.192531e+001
      vertex -5.399965e+001 -4.930876e-001  1.192531e+001
      vertex -5.554506e+001  0.000000e+000  1.192531e+001
    endloop
  endfacet
  facet normal -5.180162e-001 -8.553708e-001  0.000000e+000
    outer loop
      vertex -4.810093e+001 -3.174780e+000  2.253931e+001
      vertex -4.671338e+001 -4.015091e+000  1.192531e+001
      vertex -4.671338e+001 -4.015091e+000  2.253931e+001
    endloop
  endfacet
  facet normal -5.577437e-001 -8.300133e-001  -0.000000e+000
    outer loop
      vertex -4.671338e+001 -4.015091e+000  2.253931e+001
      vertex -4.671338e+001 -4.015091e+000  1.192531e+001
      vertex -4.536695e+001 -4.919847e+000  1.192531e+001
    endloop
  endfacet
  facet normal -5.577437e-001 -8.300133e-001  0.000000e+000
    outer loop
      vertex -4.671338e+001 -4.015091e+000  2.253931e+001
      vertex -4.536695e+001 -4.919847e+000  1.192531e+001
      vertex -4.536695e+001 -4.919847e+000  2.253931e+001
    endloop
  endfacet
  facet normal -5.962321e-001 -8.028120e-001  -0.000000e+000
    outer loop
      vertex -4.536695e+001 -4.919847e+000  2.253931e+001
      vertex -4.536695e+001 -4.919847e+000  1.192531e+001
      vertex -4.406465e+001 -5.887038e+000  1.192531e+001
    endloop
  endfacet
  facet normal -5.962321e-001 -8.028120e-001  0.000000e+000
    outer loop
      vertex -4.536695e+001 -4.919847e+000  2.253931e+001
      vertex -4.406465e+001 -5.887038e+000  1.192531e+001
      vertex -4.406465e+001 -5.887038e+000  2.253931e+001
    endloop
  endfacet
  facet normal -6.333960e-001 -7.738278e-001  -0.000000e+000
    outer loop
      vertex -4.406465e+001 -5.887038e+000  2.253931e+001
      vertex -4.406465e+001 -5.887038e+000  1.192531e+001
      vertex -4.280937e+001 -6.914517e+000  1.192531e+001
    endloop
  endfacet
  facet normal -6.333960e-001 -7.738278e-001  0.000000e+000
    outer loop
      vertex -4.406465e+001 -5.887038e+000  2.253931e+001
      vertex -4.280937e+001 -6.914517e+000  1.192531e+001
      vertex -4.280937e+001 -6.914517e+000  2.253931e+001
    endloop
  endfacet
  facet normal -6.691540e-001 -7.431238e-001  -0.000000e+000
    outer loop
      vertex -4.280937e+001 -6.914517e+000  2.253931e+001
      vertex -4.280937e+001 -6.914517e+000  1.192531e+001
      vertex -4.160389e+001 -8.000000e+000  1.192531e+001
    endloop
  endfacet
  facet normal -6.691540e-001 -7.431238e-001  0.000000e+000
    outer loop
      vertex -4.280937e+001 -6.914517e+000  2.253931e+001
      vertex -4.160389e+001 -8.000000e+000  1.192531e+001
      vertex -4.160389e+001 -8.000000e+000  2.253931e+001
    endloop
  endfacet
  facet normal -5.180162e-001 -8.553708e-001  -0.000000e+000
    outer loop
      vertex -4.671338e+001 -4.015091e+000  1.192531e+001
      vertex -4.810093e+001 -3.174780e+000  2.253931e+001
      vertex -4.810093e+001 -3.174780e+000  1.192531e+001
    endloop
  endfacet
  facet normal -4.771380e-001 -8.788284e-001  0.000000e+000
    outer loop
      vertex -4.810093e+001 -3.174780e+000  1.192531e+001
      vertex -4.810093e+001 -3.174780e+000  2.253931e+001
      vertex -4.952654e+001 -2.400781e+000  2.253931e+001
    endloop
  endfacet
  facet normal -4.771380e-001 -8.788284e-001  -0.000000e+000
    outer loop
      vertex -4.810093e+001 -3.174780e+000  1.192531e+001
      vertex -4.952654e+001 -2.400781e+000  2.253931e+001
      vertex -4.952654e+001 -2.400781e+000  1.192531e+001
    endloop
  endfacet
  facet normal -4.351988e-001 -9.003344e-001  0.000000e+000
    outer loop
      vertex -4.952654e+001 -2.400781e+000  1.192531e+001
      vertex -4.952654e+001 -2.400781e+000  2.253931e+001
      vertex -5.098704e+001 -1.694813e+000  2.253931e+001
    endloop
  endfacet
  facet normal -4.351988e-001 -9.003344e-001  -0.000000e+000
    outer loop
      vertex -4.952654e+001 -2.400781e+000  1.192531e+001
      vertex -5.098704e+001 -1.694813e+000  2.253931e+001
      vertex -5.098704e+001 -1.694813e+000  1.192531e+001
    endloop
  endfacet
  facet normal -3.922945e-001 -9.198396e-001  0.000000e+000
    outer loop
      vertex -5.098704e+001 -1.694813e+000  1.192531e+001
      vertex -5.098704e+001 -1.694813e+000  2.253931e+001
      vertex -5.247918e+001 -1.058444e+000  2.253931e+001
    endloop
  endfacet
  facet normal -3.922945e-001 -9.198396e-001  -0.000000e+000
    outer loop
      vertex -5.098704e+001 -1.694813e+000  1.192531e+001
      vertex -5.247918e+001 -1.058444e+000  2.253931e+001
      vertex -5.247918e+001 -1.058444e+000  1.192531e+001
    endloop
  endfacet
  facet normal -3.485179e-001 -9.373022e-001  0.000000e+000
    outer loop
      vertex -5.247918e+001 -1.058444e+000  1.192531e+001
      vertex -5.247918e+001 -1.058444e+000  2.253931e+001
      vertex -5.399965e+001 -4.930876e-001  2.253931e+001
    endloop
  endfacet
  facet normal -3.485179e-001 -9.373022e-001  -0.000000e+000
    outer loop
      vertex -5.247918e+001 -1.058444e+000  1.192531e+001
      vertex -5.399965e+001 -4.930876e-001  2.253931e+001
      vertex -5.399965e+001 -4.930876e-001  1.192531e+001
    endloop
  endfacet
  facet normal -3.039677e-001 -9.526824e-001  0.000000e+000
    outer loop
      vertex -5.399965e+001 -4.930876e-001  1.192531e+001
      vertex -5.399965e+001 -4.930876e-001  2.253931e+001
      vertex -5.554506e+001 -8.526513e-014  2.253931e+001
    endloop
  endfacet
  facet normal -3.039677e-001 -9.526824e-001 -7.653154e-015
    outer loop
      vertex -5.399965e+001 -4.930876e-001  1.192531e+001
      vertex -5.554506e+001 -8.526513e-014  2.253931e+001
      vertex -5.554506e+001  0.000000e+000  1.192531e+001
    endloop
  endfacet
  facet normal -3.331423e-005 -8.374881e-004 -9.999997e-001
    outer loop
      vertex  4.160389e+001  0.000000e+000  1.192531e+001
      vertex  5.554506e+001  0.000000e+000  1.192485e+001
      vertex  5.399965e+001 -4.930876e-001  1.192531e+001
    endloop
  endfacet
  facet normal  -0.000000e+000  0.000000e+000 -1.000000e+000
    outer loop
      vertex  4.160389e+001  0.000000e+000  1.192531e+001
      vertex  5.399965e+001 -4.930876e-001  1.192531e+001
      vertex  5.247918e+001 -1.058444e+000  1.192531e+001
    endloop
  endfacet
  facet normal  -0.000000e+000  0.000000e+000 -1.000000e+000
    outer loop
      vertex  4.160389e+001  0.000000e+000  1.192531e+001
      vertex  5.247918e+001 -1.058444e+000  1.192531e+001
      vertex  5.098704e+001 -1.694813e+000  1.192531e+001
    endloop
  endfacet
  facet normal  -0.000000e+000  0.000000e+000 -1.000000e+000
    outer loop
      vertex  4.160389e+001  0.000000e+000  1.192531e+001
      vertex  5.098704e+001 -1.694813e+000  1.192531e+001
      vertex  4.952654e+001 -2.400781e+000  1.192531e+001
    endloop
  endfacet
  facet normal  -0.000000e+000  0.000000e+000 -1.000000e+000
    outer loop
      vertex  4.160389e+001  0.000000e+000  1.192531e+001
      vertex  4.952654e+001 -2.400781e+000  1.192531e+001
      vertex  4.810093e+001 -3.174780e+000  1.192531e+001
    endloop
  endfacet
  facet normal  -0.000000e+000  0.000000e+000 -9.999999e-001
    outer loop
      vertex  4.160389e+001  0.000000e+000  1.192531e+001
      vertex  4.810093e+001 -3.174780e+000  1.192531e+001
      vertex  4.671338e+001 -4.015091e+000  1.192531e+001
    endloop
  endfacet
  facet normal  -0.000000e+000  0.000000e+000 -1.000000e+000
    outer loop
      vertex  4.160389e+001  0.000000e+000  1.192531e+001
      vertex  4.671338e+001 -4.015091e+000  1.192531e+001
      vertex  4.536695e+001 -4.919847e+000  1.192531e+001
    endloop
  endfacet
  facet normal  -0.000000e+000  0.000000e+000 -1.000000e+000
    outer loop
      vertex  4.160389e+001  0.000000e+000  1.192531e+001
      vertex  4.536695e+001 -4.919847e+000  1.192531e+001
      vertex  4.406465e+001 -5.887038e+000  1.192531e+001
    endloop
  endfacet
  facet normal  -0.000000e+000  0.000000e+000 -1.000000e+000
    outer loop
      vertex  4.160389e+001  0.000000e+000  1.192531e+001
      vertex  4.406465e+001 -5.887038e+000  1.192531e+001
      vertex  4.280937e+001 -6.914517e+000  1.192531e+001
    endloop
  endfacet
  facet normal  -0.000000e+000  0.000000e+000 -1.000000e+000
    outer loop
      vertex  4.160389e+001  0.000000e+000  1.192531e+001
      vertex  4.280937e+001 -6.914517e+000  1.192531e+001
      vertex  4.160389e+001 -8.000000e+000  1.192531e+001
    endloop
  endfacet
  facet normal  4.771380e-001 -8.788284e-001  0.000000e+000
    outer loop
      vertex  4.810093e+001 -3.174780e+000  2.253931e+001
      vertex  4.952654e+001 -2.400781e+000  1.192531e+001
      vertex  4.952654e+001 -2.400781e+000  2.253931e+001
    endloop
  endfacet
  facet normal  4.351988e-001 -9.003344e-001  0.000000e+000
    outer loop
      vertex  4.952654e+001 -2.400781e+000  2.253931e+001
      vertex  4.952654e+001 -2.400781e+000  1.192531e+001
      vertex  5.098704e+001 -1.694813e+000  1.192531e+001
    endloop
  endfacet
  facet normal  4.351988e-001 -9.003344e-001  0.000000e+000
    outer loop
      vertex  4.952654e+001 -2.400781e+000  2.253931e+001
      vertex  5.098704e+001 -1.694813e+000  1.192531e+001
      vertex  5.098704e+001 -1.694813e+000  2.253931e+001
    endloop
  endfacet
  facet normal  3.922945e-001 -9.198396e-001  0.000000e+000
    outer loop
      vertex  5.098704e+001 -1.694813e+000  2.253931e+001
      vertex  5.098704e+001 -1.694813e+000  1.192531e+001
      vertex  5.247918e+001 -1.058444e+000  1.192531e+001
    endloop
  endfacet
  facet normal  3.922945e-001 -9.198396e-001  0.000000e+000
    outer loop
      vertex  5.098704e+001 -1.694813e+000  2.253931e+001
      vertex  5.247918e+001 -1.058444e+000  1.192531e+001
      vertex  5.247918e+001 -1.058444e+000  2.253931e+001
    endloop
  endfacet
  facet normal  3.485179e-001 -9.373022e-001  0.000000e+000
    outer loop
      vertex  5.247918e+001 -1.058444e+000  2.253931e+001
      vertex  5.247918e+001 -1.058444e+000  1.192531e+001
      vertex  5.399965e+001 -4.930876e-001  1.192531e+001
    endloop
  endfacet
  facet normal  3.485179e-001 -9.373022e-001  0.000000e+000
    outer loop
      vertex  5.247918e+001 -1.058444e+000  2.253931e+001
      vertex  5.399965e+001 -4.930876e-001  1.192531e+001
      vertex  5.399965e+001 -4.930876e-001  2.253931e+001
    endloop
  endfacet
  facet normal  3.039677e-001 -9.526824e-001  0.000000e+000
    outer loop
      vertex  5.399965e+001 -4.930876e-001  2.253931e+001
      vertex  5.399965e+001 -4.930876e-001  1.192531e+001
      vertex  5.554506e+001  0.000000e+000  1.192485e+001
    endloop
  endfacet
  facet normal  3.039676e-001 -9.526824e-001  0.000000e+000
    outer loop
      vertex  5.399965e+001 -4.930876e-001  2.253931e+001
      vertex  5.554506e+001  0.000000e+000  1.192485e+001
      vertex  5.554506e+001  0.000000e+000  2.253931e+001
    endloop
  endfacet
  facet normal  4.771380e-001 -8.788284e-001  0.000000e+000
    outer loop
      vertex  4.952654e+001 -2.400781e+000  1.192531e+001
      vertex  4.810093e+001 -3.174780e+000  2.253931e+001
      vertex  4.810093e+001 -3.174780e+000  1.192531e+001
    endloop
  endfacet
  facet normal  5.180162e-001 -8.553708e-001  0.000000e+000
    outer loop
      vertex  4.810093e+001 -3.174780e+000  1.192531e+001
      vertex  4.810093e+001 -3.174780e+000  2.253931e+001
      vertex  4.671338e+001 -4.015091e+000  2.253931e+001
    endloop
  endfacet
  facet normal  5.180162e-001 -8.553708e-001  0.000000e+000
    outer loop
      vertex  4.810093e+001 -3.174780e+000  1.192531e+001
      vertex  4.671338e+001 -4.015091e+000  2.253931e+001
      vertex  4.671338e+001 -4.015091e+000  1.192531e+001
    endloop
  endfacet
  facet normal  5.577437e-001 -8.300133e-001  0.000000e+000
    outer loop
      vertex  4.671338e+001 -4.015091e+000  1.192531e+001
      vertex  4.671338e+001 -4.015091e+000  2.253931e+001
      vertex  4.536695e+001 -4.919847e+000  2.253931e+001
    endloop
  endfacet
  facet normal  5.577437e-001 -8.300133e-001  0.000000e+000
    outer loop
      vertex  4.671338e+001 -4.015091e+000  1.192531e+001
      vertex  4.536695e+001 -4.919847e+000  2.253931e+001
      vertex  4.536695e+001 -4.919847e+000  1.192531e+001
    endloop
  endfacet
  facet normal  5.962321e-001 -8.028120e-001  0.000000e+000
    outer loop
      vertex  4.536695e+001 -4.919847e+000  1.192531e+001
      vertex  4.536695e+001 -4.919847e+000  2.253931e+001
      vertex  4.406465e+001 -5.887038e+000  2.253931e+001
    endloop
  endfacet
  facet normal  5.962321e-001 -8.028120e-001  0.000000e+000
    outer loop
      vertex  4.536695e+001 -4.919847e+000  1.192531e+001
      vertex  4.406465e+001 -5.887038e+000  2.253931e+001
      vertex  4.406465e+001 -5.887038e+000  1.192531e+001
    endloop
  endfacet
  facet normal  6.333960e-001 -7.738278e-001  0.000000e+000
    outer loop
      vertex  4.406465e+001 -5.887038e+000  1.192531e+001
      vertex  4.406465e+001 -5.887038e+000  2.253931e+001
      vertex  4.280937e+001 -6.914517e+000  2.253931e+001
    endloop
  endfacet
  facet normal  6.333960e-001 -7.738278e-001  0.000000e+000
    outer loop
      vertex  4.406465e+001 -5.887038e+000  1.192531e+001
      vertex  4.280937e+001 -6.914517e+000  2.253931e+001
      vertex  4.280937e+001 -6.914517e+000  1.192531e+001
    endloop
  endfacet
  facet normal  6.691540e-001 -7.431238e-001  0.000000e+000
    outer loop
      vertex  4.280937e+001 -6.914517e+000  1.192531e+001
      vertex  4.280937e+001 -6.914517e+000  2.253931e+001
      vertex  4.160389e+001 -8.000000e+000  2.253931e+001
    endloop
  endfacet
  facet normal  6.691540e-001 -7.431238e-001  0.000000e+000
    outer loop
      vertex  4.280937e+001 -6.914517e+000  1.192531e+001
      vertex  4.160389e+001 -8.000000e+000  2.253931e+001
      vertex  4.160389e+001 -8.000000e+000  1.192531e+001
    endloop
  endfacet
  facet normal  0.000000e+000 -9.999999e-001  0.000000e+000
    outer loop
      vertex -5.554506e+001  0.000000e+000  1.192531e+001
      vertex -4.160389e+001  0.000000e+000  1.182492e+001
      vertex -4.160389e+001  0.000000e+000  1.192531e+001
    endloop
  endfacet
  facet normal  0.000000e+000 -1.000000e+000  0.000000e+000
    outer loop
      vertex -5.554506e+001  0.000000e+000  1.192531e+001
      vertex -5.799519e+001  0.000000e+000  1.740167e+001
      vertex -5.788661e+001  0.000000e+000  1.702006e+001
    endloop
  endfacet
  facet normal  0.000000e+000 -1.000000e+000  0.000000e+000
    outer loop
      vertex -5.554506e+001  0.000000e+000  1.192531e+001
      vertex -5.788661e+001  0.000000e+000  1.702006e+001
      vertex -5.785000e+001  0.000000e+000  1.662500e+001
    endloop
  endfacet
  facet normal  0.000000e+000 -1.000000e+000  -0.000000e+000
    outer loop
      vertex -5.554506e+001  0.000000e+000  1.192531e+001
      vertex -5.785000e+001  0.000000e+000  1.662500e+001
      vertex -5.788661e+001  0.000000e+000  1.622994e+001
    endloop
  endfacet
  facet normal  0.000000e+000 -9.999999e-001  -0.000000e+000
    outer loop
      vertex -5.554506e+001  0.000000e+000  1.192531e+001
      vertex -5.788661e+001  0.000000e+000  1.622994e+001
      vertex -5.799519e+001  0.000000e+000  1.584833e+001
    endloop
  endfacet
  facet normal  0.000000e+000 -9.999999e-001  -0.000000e+000
    outer loop
      vertex -5.554506e+001  0.000000e+000  1.192531e+001
      vertex -5.799519e+001  0.000000e+000  1.584833e+001
      vertex -5.817203e+001  0.000000e+000  1.549317e+001
    endloop
  endfacet
  facet normal  0.000000e+000 -1.000000e+000  -0.000000e+000
    outer loop
      vertex -5.554506e+001  0.000000e+000  1.192531e+001
      vertex -5.817203e+001  0.000000e+000  1.549317e+001
      vertex -5.841113e+001  0.000000e+000  1.517655e+001
    endloop
  endfacet
  facet normal  0.000000e+000 -1.000000e+000  -0.000000e+000
    outer loop
      vertex -5.554506e+001  0.000000e+000  1.192531e+001
      vertex -5.841113e+001  0.000000e+000  1.517655e+001
      vertex -5.870433e+001  0.000000e+000  1.490926e+001
    endloop
  endfacet
  facet normal  0.000000e+000 -1.000000e+000  -0.000000e+000
    outer loop
      vertex -5.554506e+001  0.000000e+000  1.192531e+001
      vertex -5.870433e+001  0.000000e+000  1.490926e+001
      vertex -5.904166e+001  0.000000e+000  1.470040e+001
    endloop
  endfacet
  facet normal  0.000000e+000 -1.000000e+000  -0.000000e+000
    outer loop
      vertex -5.554506e+001  0.000000e+000  1.192531e+001
      vertex -5.904166e+001  0.000000e+000  1.470040e+001
      vertex -5.941162e+001  0.000000e+000  1.455707e+001
    endloop
  endfacet
  facet normal  0.000000e+000 -9.999999e-001  -0.000000e+000
    outer loop
      vertex -5.554506e+001  0.000000e+000  1.192531e+001
      vertex -5.941162e+001  0.000000e+000  1.455707e+001
      vertex -5.980162e+001  0.000000e+000  1.448417e+001
    endloop
  endfacet
  facet normal  -0.000000e+000 -1.000000e+000  -0.000000e+000
    outer loop
      vertex -5.554506e+001  0.000000e+000  1.192531e+001
      vertex -5.980162e+001  0.000000e+000  1.448417e+001
      vertex -6.019838e+001  0.000000e+000  1.448417e+001
    endloop
  endfacet
  facet normal  0.000000e+000 -1.000000e+000  -0.000000e+000
    outer loop
      vertex -5.554506e+001  0.000000e+000  1.192531e+001
      vertex -6.019838e+001  0.000000e+000  1.448417e+001
      vertex -6.445494e+001  0.000000e+000  1.192485e+001
    endloop
  endfacet
  facet normal -9.569726e-015 -1.000000e+000 -1.079485e-014
    outer loop
      vertex -5.554506e+001 -8.526513e-014  2.253931e+001
      vertex -6.445494e+001  0.000000e+000  2.253931e+001
      vertex -6.019838e+001  0.000000e+000  1.876583e+001
    endloop
  endfacet
  facet normal  0.000000e+000 -9.999999e-001 -2.259588e-014
    outer loop
      vertex -5.554506e+001 -8.526513e-014  2.253931e+001
      vertex -6.019838e+001  0.000000e+000  1.876583e+001
      vertex -5.980162e+001  0.000000e+000  1.876583e+001
    endloop
  endfacet
  facet normal -3.488380e-015 -1.000000e+000 -1.866091e-014
    outer loop
      vertex -5.554506e+001 -8.526513e-014  2.253931e+001
      vertex -5.980162e+001  0.000000e+000  1.876583e+001
      vertex -5.941162e+001  0.000000e+000  1.869292e+001
    endloop
  endfacet
  facet normal -6.180778e-015 -1.000000e+000 -1.595439e-014
    outer loop
      vertex -5.554506e+001 -8.526513e-014  2.253931e+001
      vertex -5.941162e+001  0.000000e+000  1.869292e+001
      vertex -5.904166e+001  0.000000e+000  1.854960e+001
    endloop
  endfacet
  facet normal -8.577759e-015 -1.000000e+000 -1.385366e-014
    outer loop
      vertex -5.554506e+001 -8.526513e-014  2.253931e+001
      vertex -5.904166e+001  0.000000e+000  1.854960e+001
      vertex -5.870433e+001  0.000000e+000  1.834074e+001
    endloop
  endfacet
  facet normal -1.098081e-014 -1.000000e+000 -1.204545e-014
    outer loop
      vertex -5.554506e+001 -8.526513e-014  2.253931e+001
      vertex -5.870433e+001  0.000000e+000  1.834074e+001
      vertex -5.841113e+001  0.000000e+000  1.807345e+001
    endloop
  endfacet
  facet normal -1.366753e-014 -1.000000e+000 -1.032119e-014
    outer loop
      vertex -5.554506e+001 -8.526513e-014  2.253931e+001
      vertex -5.841113e+001  0.000000e+000  1.807345e+001
      vertex -5.817203e+001  0.000000e+000  1.775683e+001
    endloop
  endfacet
  facet normal -1.702464e-014 -1.000000e+000 -8.477163e-015
    outer loop
      vertex -5.554506e+001 -8.526513e-014  2.253931e+001
      vertex -5.817203e+001  0.000000e+000  1.775683e+001
      vertex -5.799519e+001  0.000000e+000  1.740167e+001
    endloop
  endfacet
  facet normal -1.795543e-014 -1.000000e+000 -8.033270e-015
    outer loop
      vertex -5.554506e+001 -8.526513e-014  2.253931e+001
      vertex -5.799519e+001  0.000000e+000  1.740167e+001
      vertex -5.554506e+001  0.000000e+000  1.192531e+001
    endloop
  endfacet
  facet normal  -0.000000e+000 -1.000000e+000  0.000000e+000
    outer loop
      vertex -6.445494e+001  0.000000e+000  1.192485e+001
      vertex -6.019838e+001  0.000000e+000  1.448417e+001
      vertex -6.058838e+001  0.000000e+000  1.455707e+001
    endloop
  endfacet
  facet normal  -0.000000e+000 -1.000000e+000  0.000000e+000
    outer loop
      vertex -6.445494e+001  0.000000e+000  1.192485e+001
      vertex -6.058838e+001  0.000000e+000  1.455707e+001
      vertex -6.095834e+001  0.000000e+000  1.470040e+001
    endloop
  endfacet
  facet normal  -0.000000e+000 -1.000000e+000  0.000000e+000
    outer loop
      vertex -6.445494e+001  0.000000e+000  1.192485e+001
      vertex -6.095834e+001  0.000000e+000  1.470040e+001
      vertex -6.129567e+001  0.000000e+000  1.490926e+001
    endloop
  endfacet
  facet normal  -0.000000e+000 -1.000000e+000  0.000000e+000
    outer loop
      vertex -6.445494e+001  0.000000e+000  1.192485e+001
      vertex -6.129567e+001  0.000000e+000  1.490926e+001
      vertex -6.158887e+001  0.000000e+000  1.517655e+001
    endloop
  endfacet
  facet normal  -0.000000e+000 -1.000000e+000  0.000000e+000
    outer loop
      vertex -6.445494e+001  0.000000e+000  1.192485e+001
      vertex -6.158887e+001  0.000000e+000  1.517655e+001
      vertex -6.182797e+001  0.000000e+000  1.549317e+001
    endloop
  endfacet
  facet normal  -0.000000e+000 -1.000000e+000  0.000000e+000
    outer loop
      vertex -6.445494e+001  0.000000e+000  1.192485e+001
      vertex -6.182797e+001  0.000000e+000  1.549317e+001
      vertex -6.200481e+001  0.000000e+000  1.584833e+001
    endloop
  endfacet
  facet normal  -0.000000e+000 -1.000000e+000  0.000000e+000
    outer loop
      vertex -6.445494e+001  0.000000e+000  1.192485e+001
      vertex -6.200481e+001  0.000000e+000  1.584833e+001
      vertex -6.211339e+001  0.000000e+000  1.622994e+001
    endloop
  endfacet
  facet normal  -0.000000e+000 -1.000000e+000  0.000000e+000
    outer loop
      vertex -6.445494e+001  0.000000e+000  1.192485e+001
      vertex -6.211339e+001  0.000000e+000  1.622994e+001
      vertex -6.215000e+001  0.000000e+000  1.662500e+001
    endloop
  endfacet
  facet normal  -0.000000e+000 -1.000000e+000  0.000000e+000
    outer loop
      vertex -6.445494e+001  0.000000e+000  1.192485e+001
      vertex -6.215000e+001  0.000000e+000  1.662500e+001
      vertex -6.211339e+001  0.000000e+000  1.702006e+001
    endloop
  endfacet
  facet normal  -0.000000e+000 -1.000000e+000  0.000000e+000
    outer loop
      vertex -6.445494e+001  0.000000e+000  1.192485e+001
      vertex -6.211339e+001  0.000000e+000  1.702006e+001
      vertex -6.200481e+001  0.000000e+000  1.740167e+001
    endloop
  endfacet
  facet normal  0.000000e+000 -1.000000e+000  0.000000e+000
    outer loop
      vertex -6.445494e+001  0.000000e+000  2.253931e+001
      vertex -6.445494e+001  0.000000e+000  1.192485e+001
      vertex -6.200481e+001  0.000000e+000  1.740167e+001
    endloop
  endfacet
  facet normal  0.000000e+000 -1.000000e+000  0.000000e+000
    outer loop
      vertex -6.445494e+001  0.000000e+000  2.253931e+001
      vertex -6.200481e+001  0.000000e+000  1.740167e+001
      vertex -6.182797e+001  0.000000e+000  1.775683e+001
    endloop
  endfacet
  facet normal  0.000000e+000 -1.000000e+000  0.000000e+000
    outer loop
      vertex -6.445494e+001  0.000000e+000  2.253931e+001
      vertex -6.182797e+001  0.000000e+000  1.775683e+001
      vertex -6.158887e+001  0.000000e+000  1.807345e+001
    endloop
  endfacet
  facet normal  0.000000e+000 -1.000000e+000  0.000000e+000
    outer loop
      vertex -6.445494e+001  0.000000e+000  2.253931e+001
      vertex -6.158887e+001  0.000000e+000  1.807345e+001
      vertex -6.129567e+001  0.000000e+000  1.834074e+001
    endloop
  endfacet
  facet normal  0.000000e+000 -1.000000e+000  0.000000e+000
    outer loop
      vertex -6.445494e+001  0.000000e+000  2.253931e+001
      vertex -6.129567e+001  0.000000e+000  1.834074e+001
      vertex -6.095834e+001  0.000000e+000  1.854960e+001
    endloop
  endfacet
  facet normal  0.000000e+000 -1.000000e+000  0.000000e+000
    outer loop
      vertex -6.445494e+001  0.000000e+000  2.253931e+001
      vertex -6.095834e+001  0.000000e+000  1.854960e+001
      vertex -6.058838e+001  0.000000e+000  1.869292e+001
    endloop
  endfacet
  facet normal  0.000000e+000 -1.000000e+000  0.000000e+000
    outer loop
      vertex -6.445494e+001  0.000000e+000  2.253931e+001
      vertex -6.058838e+001  0.000000e+000  1.869292e+001
      vertex -6.019838e+001  0.000000e+000  1.876583e+001
    endloop
  endfacet
  facet normal -1.000000e+000  0.000000e+000  0.000000e+000
    outer loop
      vertex -4.160389e+001  0.000000e+000 -1.182492e+001
      vertex -4.160389e+001 -2.000000e+000  5.539310e+000
      vertex -4.160389e+001  3.000000e+000  5.539310e+000
    endloop
  endfacet
  facet normal -1.000000e+000  0.000000e+000  -0.000000e+000
    outer loop
      vertex -4.160389e+001  0.000000e+000 -1.182492e+001
      vertex -4.160389e+001  3.000000e+000  5.539310e+000
      vertex -4.160389e+001  3.000000e+000 -3.469447e-018
    endloop
  endfacet
  facet normal -1.000000e+000  0.000000e+000  -0.000000e+000
    outer loop
      vertex -4.160389e+001  0.000000e+000 -1.182492e+001
      vertex -4.160389e+001  3.000000e+000 -3.469447e-018
      vertex -4.160389e+001  3.000000e+000 -1.182492e+001
    endloop
  endfacet
  facet normal -1.000000e+000  -0.000000e+000  -0.000000e+000
    outer loop
      vertex -4.160389e+001 -8.000000e+000  1.192531e+001
      vertex -4.160389e+001  0.000000e+000  1.192531e+001
      vertex -4.160389e+001  0.000000e+000  1.182492e+001
    endloop
  endfacet
  facet normal -1.000000e+000  -0.000000e+000  0.000000e+000
    outer loop
      vertex -4.160389e+001 -8.000000e+000  1.192531e+001
      vertex -4.160389e+001  0.000000e+000  1.182492e+001
      vertex -4.160389e+001 -2.000000e+000  1.153931e+001
    endloop
  endfacet
  facet normal -1.000000e+000  -0.000000e+000  -0.000000e+000
    outer loop
      vertex -4.160389e+001 -8.000000e+000  1.192531e+001
      vertex -4.160389e+001 -2.000000e+000  1.153931e+001
      vertex -4.160389e+001 -2.000000e+000  5.539310e+000
    endloop
  endfacet
  facet normal -9.999999e-001  -0.000000e+000  -0.000000e+000
    outer loop
      vertex -4.160389e+001 -8.000000e+000  1.192531e+001
      vertex -4.160389e+001 -2.000000e+000  5.539310e+000
      vertex -4.160389e+001  0.000000e+000 -1.182492e+001
    endloop
  endfacet
  facet normal -1.000000e+000  -0.000000e+000  -0.000000e+000
    outer loop
      vertex -4.160389e+001 -8.000000e+000  1.192531e+001
      vertex -4.160389e+001  0.000000e+000 -1.182492e+001
      vertex -4.160389e+001  0.000000e+000 -1.192531e+001
    endloop
  endfacet
  facet normal -1.000000e+000  0.000000e+000  0.000000e+000
    outer loop
      vertex -4.160389e+001 -8.000000e+000  1.192531e+001
      vertex -4.160389e+001  0.000000e+000 -1.192531e+001
      vertex -4.160389e+001 -8.000000e+000 -1.192531e+001
    endloop
  endfacet
  facet normal -1.000000e+000  0.000000e+000  0.000000e+000
    outer loop
      vertex -4.160389e+001  3.000000e+000  1.182492e+001
      vertex -4.160389e+001  3.000000e+000  1.153931e+001
      vertex -4.160389e+001  0.000000e+000  1.182492e+001
    endloop
  endfacet
  facet normal -1.000000e+000  0.000000e+000  -0.000000e+000
    outer loop
      vertex -4.160389e+001  0.000000e+000  1.182492e+001
      vertex -4.160389e+001  3.000000e+000  1.153931e+001
      vertex -4.160389e+001 -2.000000e+000  1.153931e+001
    endloop
  endfacet
  facet normal  0.000000e+000 -1.000000e+000  0.000000e+000
    outer loop
      vertex  6.445494e+001  0.000000e+000  2.253931e+001
      vertex  5.554506e+001  0.000000e+000  2.253931e+001
      vertex  5.980162e+001  0.000000e+000  1.876583e+001
    endloop
  endfacet
  facet normal  0.000000e+000 -9.999999e-001  0.000000e+000
    outer loop
      vertex  6.445494e+001  0.000000e+000  2.253931e+001
      vertex  5.980162e+001  0.000000e+000  1.876583e+001
      vertex  6.019838e+001  0.000000e+000  1.876583e+001
    endloop
  endfacet
  facet normal  0.000000e+000 -1.000000e+000  0.000000e+000
    outer loop
      vertex  6.445494e+001  0.000000e+000  2.253931e+001
      vertex  6.019838e+001  0.000000e+000  1.876583e+001
      vertex  6.058838e+001  0.000000e+000  1.869292e+001
    endloop
  endfacet
  facet normal  0.000000e+000 -1.000000e+000  0.000000e+000
    outer loop
      vertex  6.445494e+001  0.000000e+000  2.253931e+001
      vertex  6.058838e+001  0.000000e+000  1.869292e+001
      vertex  6.095834e+001  0.000000e+000  1.854960e+001
    endloop
  endfacet
  facet normal  0.000000e+000 -1.000000e+000  0.000000e+000
    outer loop
      vertex  6.445494e+001  0.000000e+000  2.253931e+001
      vertex  6.095834e+001  0.000000e+000  1.854960e+001
      vertex  6.129567e+001  0.000000e+000  1.834074e+001
    endloop
  endfacet
  facet normal  0.000000e+000 -1.000000e+000  0.000000e+000
    outer loop
      vertex  6.445494e+001  0.000000e+000  2.253931e+001
      vertex  6.129567e+001  0.000000e+000  1.834074e+001
      vertex  6.158887e+001  0.000000e+000  1.807345e+001
    endloop
  endfacet
  facet normal  0.000000e+000 -1.000000e+000  0.000000e+000
    outer loop
      vertex  6.445494e+001  0.000000e+000  2.253931e+001
      vertex  6.158887e+001  0.000000e+000  1.807345e+001
      vertex  6.182797e+001  0.000000e+000  1.775683e+001
    endloop
  endfacet
  facet normal  0.000000e+000 -1.000000e+000  0.000000e+000
    outer loop
      vertex  6.445494e+001  0.000000e+000  2.253931e+001
      vertex  6.182797e+001  0.000000e+000  1.775683e+001
      vertex  6.200481e+001  0.000000e+000  1.740167e+001
    endloop
  endfacet
  facet normal  0.000000e+000 -1.000000e+000  0.000000e+000
    outer loop
      vertex  6.445494e+001  0.000000e+000  2.253931e+001
      vertex  6.200481e+001  0.000000e+000  1.740167e+001
      vertex  6.445494e+001  0.000000e+000  1.192485e+001
    endloop
  endfacet
  facet normal  0.000000e+000 -1.000000e+000  0.000000e+000
    outer loop
      vertex  6.445494e+001  0.000000e+000  1.192485e+001
      vertex  6.200481e+001  0.000000e+000  1.740167e+001
      vertex  6.211339e+001  0.000000e+000  1.702006e+001
    endloop
  endfacet
  facet normal  0.000000e+000 -1.000000e+000  0.000000e+000
    outer loop
      vertex  6.445494e+001  0.000000e+000  1.192485e+001
      vertex  6.211339e+001  0.000000e+000  1.702006e+001
      vertex  6.215000e+001  0.000000e+000  1.662500e+001
    endloop
  endfacet
  facet normal  0.000000e+000 -1.000000e+000  -0.000000e+000
    outer loop
      vertex  6.445494e+001  0.000000e+000  1.192485e+001
      vertex  6.215000e+001  0.000000e+000  1.662500e+001
      vertex  6.211339e+001  0.000000e+000  1.622994e+001
    endloop
  endfacet
  facet normal  0.000000e+000 -1.000000e+000  -0.000000e+000
    outer loop
      vertex  6.445494e+001  0.000000e+000  1.192485e+001
      vertex  6.211339e+001  0.000000e+000  1.622994e+001
      vertex  6.200481e+001  0.000000e+000  1.584833e+001
    endloop
  endfacet
  facet normal  0.000000e+000 -1.000000e+000  -0.000000e+000
    outer loop
      vertex  6.445494e+001  0.000000e+000  1.192485e+001
      vertex  6.200481e+001  0.000000e+000  1.584833e+001
      vertex  6.182797e+001  0.000000e+000  1.549317e+001
    endloop
  endfacet
  facet normal  0.000000e+000 -1.000000e+000  -0.000000e+000
    outer loop
      vertex  6.445494e+001  0.000000e+000  1.192485e+001
      vertex  6.182797e+001  0.000000e+000  1.549317e+001
      vertex  6.158887e+001  0.000000e+000  1.517655e+001
    endloop
  endfacet
  facet normal  0.000000e+000 -1.000000e+000  -0.000000e+000
    outer loop
      vertex  6.445494e+001  0.000000e+000  1.192485e+001
      vertex  6.158887e+001  0.000000e+000  1.517655e+001
      vertex  6.129567e+001  0.000000e+000  1.490926e+001
    endloop
  endfacet
  facet normal  0.000000e+000 -1.000000e+000  -0.000000e+000
    outer loop
      vertex  6.445494e+001  0.000000e+000  1.192485e+001
      vertex  6.129567e+001  0.000000e+000  1.490926e+001
      vertex  6.095834e+001  0.000000e+000  1.470040e+001
    endloop
  endfacet
  facet normal  0.000000e+000 -1.000000e+000  -0.000000e+000
    outer loop
      vertex  6.445494e+001  0.000000e+000  1.192485e+001
      vertex  6.095834e+001  0.000000e+000  1.470040e+001
      vertex  6.058838e+001  0.000000e+000  1.455707e+001
    endloop
  endfacet
  facet normal  0.000000e+000 -1.000000e+000  -0.000000e+000
    outer loop
      vertex  6.445494e+001  0.000000e+000  1.192485e+001
      vertex  6.058838e+001  0.000000e+000  1.455707e+001
      vertex  6.019838e+001  0.000000e+000  1.448417e+001
    endloop
  endfacet
  facet normal  -0.000000e+000 -1.000000e+000  -0.000000e+000
    outer loop
      vertex  6.445494e+001  0.000000e+000  1.192485e+001
      vertex  6.019838e+001  0.000000e+000  1.448417e+001
      vertex  5.980162e+001  0.000000e+000  1.448417e+001
    endloop
  endfacet
  facet normal  0.000000e+000 -1.000000e+000  -0.000000e+000
    outer loop
      vertex  6.445494e+001  0.000000e+000  1.192485e+001
      vertex  5.980162e+001  0.000000e+000  1.448417e+001
      vertex  5.554506e+001  0.000000e+000  1.192485e+001
    endloop
  endfacet
  facet normal  -0.000000e+000 -1.000000e+000  0.000000e+000
    outer loop
      vertex  5.554506e+001  0.000000e+000  1.192485e+001
      vertex  5.980162e+001  0.000000e+000  1.448417e+001
      vertex  5.941162e+001  0.000000e+000  1.455707e+001
    endloop
  endfacet
  facet normal  -0.000000e+000 -1.000000e+000  0.000000e+000
    outer loop
      vertex  5.554506e+001  0.000000e+000  1.192485e+001
      vertex  5.941162e+001  0.000000e+000  1.455707e+001
      vertex  5.904166e+001  0.000000e+000  1.470040e+001
    endloop
  endfacet
  facet normal  -0.000000e+000 -1.000000e+000  0.000000e+000
    outer loop
      vertex  5.554506e+001  0.000000e+000  1.192485e+001
      vertex  5.904166e+001  0.000000e+000  1.470040e+001
      vertex  5.870433e+001  0.000000e+000  1.490926e+001
    endloop
  endfacet
  facet normal  -0.000000e+000 -1.000000e+000  0.000000e+000
    outer loop
      vertex  5.554506e+001  0.000000e+000  1.192485e+001
      vertex  5.870433e+001  0.000000e+000  1.490926e+001
      vertex  5.841113e+001  0.000000e+000  1.517655e+001
    endloop
  endfacet
  facet normal  -0.000000e+000 -1.000000e+000  0.000000e+000
    outer loop
      vertex  5.554506e+001  0.000000e+000  1.192485e+001
      vertex  5.841113e+001  0.000000e+000  1.517655e+001
      vertex  5.817203e+001  0.000000e+000  1.549317e+001
    endloop
  endfacet
  facet normal  -0.000000e+000 -1.000000e+000  0.000000e+000
    outer loop
      vertex  5.554506e+001  0.000000e+000  1.192485e+001
      vertex  5.817203e+001  0.000000e+000  1.549317e+001
      vertex  5.799519e+001  0.000000e+000  1.584833e+001
    endloop
  endfacet
  facet normal  -0.000000e+000 -1.000000e+000  0.000000e+000
    outer loop
      vertex  5.554506e+001  0.000000e+000  1.192485e+001
      vertex  5.799519e+001  0.000000e+000  1.584833e+001
      vertex  5.788661e+001  0.000000e+000  1.622994e+001
    endloop
  endfacet
  facet normal  -0.000000e+000 -1.000000e+000  0.000000e+000
    outer loop
      vertex  5.554506e+001  0.000000e+000  1.192485e+001
      vertex  5.788661e+001  0.000000e+000  1.622994e+001
      vertex  5.785000e+001  0.000000e+000  1.662500e+001
    endloop
  endfacet
  facet normal  -0.000000e+000 -1.000000e+000  0.000000e+000
    outer loop
      vertex  5.554506e+001  0.000000e+000  1.192485e+001
      vertex  5.785000e+001  0.000000e+000  1.662500e+001
      vertex  5.788661e+001  0.000000e+000  1.702006e+001
    endloop
  endfacet
  facet normal  -0.000000e+000 -1.000000e+000  0.000000e+000
    outer loop
      vertex  5.554506e+001  0.000000e+000  1.192485e+001
      vertex  5.788661e+001  0.000000e+000  1.702006e+001
      vertex  5.799519e+001  0.000000e+000  1.740167e+001
    endloop
  endfacet
  facet normal  0.000000e+000 -1.000000e+000  0.000000e+000
    outer loop
      vertex  5.554506e+001  0.000000e+000  2.253931e+001
      vertex  5.554506e+001  0.000000e+000  1.192485e+001
      vertex  5.799519e+001  0.000000e+000  1.740167e+001
    endloop
  endfacet
  facet normal  0.000000e+000 -1.000000e+000  0.000000e+000
    outer loop
      vertex  5.554506e+001  0.000000e+000  2.253931e+001
      vertex  5.799519e+001  0.000000e+000  1.740167e+001
      vertex  5.817203e+001  0.000000e+000  1.775683e+001
    endloop
  endfacet
  facet normal  0.000000e+000 -1.000000e+000  0.000000e+000
    outer loop
      vertex  5.554506e+001  0.000000e+000  2.253931e+001
      vertex  5.817203e+001  0.000000e+000  1.775683e+001
      vertex  5.841113e+001  0.000000e+000  1.807345e+001
    endloop
  endfacet
  facet normal  0.000000e+000 -1.000000e+000  0.000000e+000
    outer loop
      vertex  5.554506e+001  0.000000e+000  2.253931e+001
      vertex  5.841113e+001  0.000000e+000  1.807345e+001
      vertex  5.870433e+001  0.000000e+000  1.834074e+001
    endloop
  endfacet
  facet normal  0.000000e+000 -1.000000e+000  0.000000e+000
    outer loop
      vertex  5.554506e+001  0.000000e+000  2.253931e+001
      vertex  5.870433e+001  0.000000e+000  1.834074e+001
      vertex  5.904166e+001  0.000000e+000  1.854960e+001
    endloop
  endfacet
  facet normal  0.000000e+000 -1.000000e+000  0.000000e+000
    outer loop
      vertex  5.554506e+001  0.000000e+000  2.253931e+001
      vertex  5.904166e+001  0.000000e+000  1.854960e+001
      vertex  5.941162e+001  0.000000e+000  1.869292e+001
    endloop
  endfacet
  facet normal  0.000000e+000 -1.000000e+000  0.000000e+000
    outer loop
      vertex  5.554506e+001  0.000000e+000  2.253931e+001
      vertex  5.941162e+001  0.000000e+000  1.869292e+001
      vertex  5.980162e+001  0.000000e+000  1.876583e+001
    endloop
  endfacet
  facet normal  0.000000e+000 -9.999999e-001  0.000000e+000
    outer loop
      vertex  4.160389e+001  0.000000e+000  1.192531e+001
      vertex  4.160389e+001  0.000000e+000  1.182492e+001
      vertex  5.554506e+001  0.000000e+000  1.192485e+001
    endloop
  endfacet
  facet normal  7.167714e-003  0.000000e+000 -9.999743e-001
    outer loop
      vertex  5.554506e+001  3.000000e+000  1.192485e+001
      vertex  5.554506e+001  0.000000e+000  1.192485e+001
      vertex  4.160389e+001  3.000000e+000  1.182492e+001
    endloop
  endfacet
  facet normal  7.167714e-003  0.000000e+000 -9.999743e-001
    outer loop
      vertex  4.160389e+001  3.000000e+000  1.182492e+001
      vertex  5.554506e+001  0.000000e+000  1.192485e+001
      vertex  4.160389e+001  0.000000e+000  1.182492e+001
    endloop
  endfacet
  facet normal  0.000000e+000  0.000000e+000 -1.000000e+000
    outer loop
      vertex  6.445494e+001  3.000000e+000  1.192485e+001
      vertex  6.445494e+001  0.000000e+000  1.192485e+001
      vertex  5.554506e+001  3.000000e+000  1.192485e+001
    endloop
  endfacet
  facet normal  0.000000e+000  0.000000e+000 -1.000000e+000
    outer loop
      vertex  5.554506e+001  3.000000e+000  1.192485e+001
      vertex  6.445494e+001  0.000000e+000  1.192485e+001
      vertex  5.554506e+001  0.000000e+000  1.192485e+001
    endloop
  endfacet
  facet normal  -0.000000e+000  0.000000e+000  1.000000e+000
    outer loop
      vertex  6.445494e+001  3.000000e+000  2.253931e+001
      vertex  5.554506e+001  3.000000e+000  2.253931e+001
      vertex  6.445494e+001  0.000000e+000  2.253931e+001
    endloop
  endfacet
  facet normal  0.000000e+000  0.000000e+000  1.000000e+000
    outer loop
      vertex  6.445494e+001  0.000000e+000  2.253931e+001
      vertex  5.554506e+001  3.000000e+000  2.253931e+001
      vertex  5.554506e+001  1.205403e+000  2.253931e+001
    endloop
  endfacet
  facet normal  0.000000e+000  0.000000e+000  1.000000e+000
    outer loop
      vertex  6.445494e+001  0.000000e+000  2.253931e+001
      vertex  5.554506e+001  1.205403e+000  2.253931e+001
      vertex  5.554506e+001  0.000000e+000  2.253931e+001
    endloop
  endfacet
  facet normal  0.000000e+000 -1.548131e-004 -1.000000e+000
    outer loop
      vertex -5.554506e+001  3.000000e+000  1.192485e+001
      vertex -5.554506e+001  0.000000e+000  1.192531e+001
      vertex -6.445494e+001  3.000000e+000  1.192485e+001
    endloop
  endfacet
  facet normal  5.212632e-005  0.000000e+000 -1.000000e+000
    outer loop
      vertex -6.445494e+001  3.000000e+000  1.192485e+001
      vertex -5.554506e+001  0.000000e+000  1.192531e+001
      vertex -6.445494e+001  0.000000e+000  1.192485e+001
    endloop
  endfacet
  facet normal -7.167714e-003 -1.548092e-004 -9.999743e-001
    outer loop
      vertex -5.554506e+001  3.000000e+000  1.192485e+001
      vertex -4.160389e+001  3.000000e+000  1.182492e+001
      vertex -5.554506e+001  0.000000e+000  1.192531e+001
    endloop
  endfacet
  facet normal -7.201026e-003  0.000000e+000 -9.999741e-001
    outer loop
      vertex -5.554506e+001  0.000000e+000  1.192531e+001
      vertex -4.160389e+001  3.000000e+000  1.182492e+001
      vertex -4.160389e+001  0.000000e+000  1.182492e+001
    endloop
  endfacet
  facet normal  0.000000e+000  0.000000e+000  1.000000e+000
    outer loop
      vertex -6.445494e+001  0.000000e+000  2.253931e+001
      vertex -5.554506e+001 -8.526513e-014  2.253931e+001
      vertex -6.445494e+001  3.000000e+000  2.253931e+001
    endloop
  endfacet
  facet normal  0.000000e+000  0.000000e+000  1.000000e+000
    outer loop
      vertex -6.445494e+001  3.000000e+000  2.253931e+001
      vertex -5.554506e+001 -8.526513e-014  2.253931e+001
      vertex -5.554506e+001  1.205403e+000  2.253931e+001
    endloop
  endfacet
  facet normal  0.000000e+000  -0.000000e+000  1.000000e+000
    outer loop
      vertex -6.445494e+001  3.000000e+000  2.253931e+001
      vertex -5.554506e+001  1.205403e+000  2.253931e+001
      vertex -5.554506e+001  3.000000e+000  2.253931e+001
    endloop
  endfacet
  facet normal  0.000000e+000 -1.000000e+000  0.000000e+000
    outer loop
      vertex -3.550000e+001 -8.000000e+000  1.550000e+001
      vertex -1.380000e+001 -8.000000e+000  1.550000e+001
      vertex -1.380000e+001 -8.000000e+000  2.253931e+001
    endloop
  endfacet
  facet normal  -0.000000e+000 -1.000000e+000  0.000000e+000
    outer loop
      vertex -3.550000e+001 -8.000000e+000  1.550000e+001
      vertex -1.380000e+001 -8.000000e+000  2.253931e+001
      vertex -4.160389e+001 -8.000000e+000  2.253931e+001
    endloop
  endfacet
  facet normal  0.000000e+000 -1.000000e+000  0.000000e+000
    outer loop
      vertex -3.550000e+001 -8.000000e+000  1.550000e+001
      vertex -4.160389e+001 -8.000000e+000  2.253931e+001
      vertex -4.160389e+001 -8.000000e+000  1.192531e+001
    endloop
  endfacet
  facet normal  0.000000e+000 -1.000000e+000  0.000000e+000
    outer loop
      vertex -3.550000e+001 -8.000000e+000  1.550000e+001
      vertex -4.160389e+001 -8.000000e+000  1.192531e+001
      vertex -4.160389e+001 -8.000000e+000 -1.192531e+001
    endloop
  endfacet
  facet normal  0.000000e+000 -9.999999e-001  0.000000e+000
    outer loop
      vertex -3.550000e+001 -8.000000e+000  1.550000e+001
      vertex -4.160389e+001 -8.000000e+000 -1.192531e+001
      vertex -3.550000e+001 -8.000000e+000 -1.550000e+001
    endloop
  endfacet
  facet normal  0.000000e+000 -1.000000e+000  -0.000000e+000
    outer loop
      vertex -1.380000e+001 -8.000000e+000 -2.253931e+001
      vertex -1.380000e+001 -8.000000e+000 -1.550000e+001
      vertex -4.160389e+001 -8.000000e+000 -2.253931e+001
    endloop
  endfacet
  facet normal  0.000000e+000 -1.000000e+000  0.000000e+000
    outer loop
      vertex -4.160389e+001 -8.000000e+000 -2.253931e+001
      vertex -1.380000e+001 -8.000000e+000 -1.550000e+001
      vertex -3.550000e+001 -8.000000e+000 -1.550000e+001
    endloop
  endfacet
  facet normal  -0.000000e+000 -1.000000e+000  0.000000e+000
    outer loop
      vertex -4.160389e+001 -8.000000e+000 -2.253931e+001
      vertex -3.550000e+001 -8.000000e+000 -1.550000e+001
      vertex -4.160389e+001 -8.000000e+000 -1.192531e+001
    endloop
  endfacet
  facet normal  -0.000000e+000  -0.000000e+000 -1.000000e+000
    outer loop
      vertex  7.800000e+000  3.000000e+000 -2.253931e+001
      vertex  5.554506e+001  3.000000e+000 -2.253931e+001
      vertex  5.554506e+001  1.205403e+000 -2.253931e+001
    endloop
  endfacet
  facet normal  -0.000000e+000  -0.000000e+000 -1.000000e+000
    outer loop
      vertex  7.800000e+000  3.000000e+000 -2.253931e+001
      vertex  5.554506e+001  1.205403e+000 -2.253931e+001
      vertex  5.554506e+001  0.000000e+000 -2.253931e+001
    endloop
  endfacet
  facet normal  -0.000000e+000  0.000000e+000 -9.999999e-001
    outer loop
      vertex  7.800000e+000  3.000000e+000 -2.253931e+001
      vertex  5.554506e+001  0.000000e+000 -2.253931e+001
      vertex  5.399965e+001 -4.930876e-001 -2.253931e+001
    endloop
  endfacet
  facet normal  -0.000000e+000  0.000000e+000 -9.999999e-001
    outer loop
      vertex  7.800000e+000  3.000000e+000 -2.253931e+001
      vertex  5.399965e+001 -4.930876e-001 -2.253931e+001
      vertex  5.247918e+001 -1.058444e+000 -2.253931e+001
    endloop
  endfacet
  facet normal  -0.000000e+000  0.000000e+000 -9.999999e-001
    outer loop
      vertex  7.800000e+000  3.000000e+000 -2.253931e+001
      vertex  5.247918e+001 -1.058444e+000 -2.253931e+001
      vertex  5.098704e+001 -1.694813e+000 -2.253931e+001
    endloop
  endfacet
  facet normal  -0.000000e+000  0.000000e+000 -1.000000e+000
    outer loop
      vertex  7.800000e+000  3.000000e+000 -2.253931e+001
      vertex  5.098704e+001 -1.694813e+000 -2.253931e+001
      vertex  4.952654e+001 -2.400781e+000 -2.253931e+001
    endloop
  endfacet
  facet normal  -0.000000e+000  0.000000e+000 -1.000000e+000
    outer loop
      vertex  7.800000e+000  3.000000e+000 -2.253931e+001
      vertex  4.952654e+001 -2.400781e+000 -2.253931e+001
      vertex  4.810093e+001 -3.174780e+000 -2.253931e+001
    endloop
  endfacet
  facet normal  -0.000000e+000  0.000000e+000 -1.000000e+000
    outer loop
      vertex  7.800000e+000  3.000000e+000 -2.253931e+001
      vertex  4.810093e+001 -3.174780e+000 -2.253931e+001
      vertex  4.671338e+001 -4.015091e+000 -2.253931e+001
    endloop
  endfacet
  facet normal  -0.000000e+000  0.000000e+000 -1.000000e+000
    outer loop
      vertex  7.800000e+000  3.000000e+000 -2.253931e+001
      vertex  4.671338e+001 -4.015091e+000 -2.253931e+001
      vertex  4.536695e+001 -4.919847e+000 -2.253931e+001
    endloop
  endfacet
  facet normal  -0.000000e+000  0.000000e+000 -1.000000e+000
    outer loop
      vertex  7.800000e+000  3.000000e+000 -2.253931e+001
      vertex  4.536695e+001 -4.919847e+000 -2.253931e+001
      vertex  4.406465e+001 -5.887038e+000 -2.253931e+001
    endloop
  endfacet
  facet normal  -0.000000e+000  0.000000e+000 -1.000000e+000
    outer loop
      vertex  7.800000e+000  3.000000e+000 -2.253931e+001
      vertex  4.406465e+001 -5.887038e+000 -2.253931e+001
      vertex  4.280937e+001 -6.914517e+000 -2.253931e+001
    endloop
  endfacet
  facet normal  -0.000000e+000  0.000000e+000 -1.000000e+000
    outer loop
      vertex  7.800000e+000  3.000000e+000 -2.253931e+001
      vertex  4.280937e+001 -6.914517e+000 -2.253931e+001
      vertex  4.160389e+001 -8.000000e+000 -2.253931e+001
    endloop
  endfacet
  facet normal  0.000000e+000  0.000000e+000 -1.000000e+000
    outer loop
      vertex  7.800000e+000  3.000000e+000 -2.253931e+001
      vertex  4.160389e+001 -8.000000e+000 -2.253931e+001
      vertex  1.380000e+001 -8.000000e+000 -2.253931e+001
    endloop
  endfacet
  facet normal  -0.000000e+000  -0.000000e+000 -1.000000e+000
    outer loop
      vertex  7.800000e+000  3.000000e+000 -2.253931e+001
      vertex  1.380000e+001 -8.000000e+000 -2.253931e+001
      vertex  1.380000e+001 -1.390253e+001 -2.253931e+001
    endloop
  endfacet
  facet normal  0.000000e+000  0.000000e+000 -9.999999e-001
    outer loop
      vertex  7.800000e+000  3.000000e+000 -2.253931e+001
      vertex  1.380000e+001 -1.390253e+001 -2.253931e+001
      vertex  7.800000e+000 -1.390253e+001 -2.253931e+001
    endloop
  endfacet
  facet normal  0.000000e+000  0.000000e+000 -1.000000e+000
    outer loop
      vertex -5.399965e+001 -4.930876e-001 -2.253931e+001
      vertex -5.554506e+001  0.000000e+000 -2.253931e+001
      vertex -5.554506e+001  1.205403e+000 -2.253931e+001
    endloop
  endfacet
  facet normal  0.000000e+000  0.000000e+000 -1.000000e+000
    outer loop
      vertex -1.380000e+001 -8.000000e+000 -2.253931e+001
      vertex -4.160389e+001 -8.000000e+000 -2.253931e+001
      vertex -4.280937e+001 -6.914517e+000 -2.253931e+001
    endloop
  endfacet
  facet normal  0.000000e+000  0.000000e+000 -1.000000e+000
    outer loop
      vertex -1.380000e+001 -8.000000e+000 -2.253931e+001
      vertex -4.280937e+001 -6.914517e+000 -2.253931e+001
      vertex -4.406465e+001 -5.887038e+000 -2.253931e+001
    endloop
  endfacet
  facet normal  0.000000e+000  0.000000e+000 -1.000000e+000
    outer loop
      vertex -1.380000e+001 -8.000000e+000 -2.253931e+001
      vertex -4.406465e+001 -5.887038e+000 -2.253931e+001
      vertex -5.554506e+001  3.000000e+000 -2.253931e+001
    endloop
  endfacet
  facet normal  0.000000e+000  0.000000e+000 -1.000000e+000
    outer loop
      vertex -5.554506e+001  3.000000e+000 -2.253931e+001
      vertex -4.406465e+001 -5.887038e+000 -2.253931e+001
      vertex -4.536695e+001 -4.919847e+000 -2.253931e+001
    endloop
  endfacet
  facet normal  0.000000e+000  0.000000e+000 -1.000000e+000
    outer loop
      vertex -5.554506e+001  3.000000e+000 -2.253931e+001
      vertex -4.536695e+001 -4.919847e+000 -2.253931e+001
      vertex -4.671338e+001 -4.015091e+000 -2.253931e+001
    endloop
  endfacet
  facet normal  0.000000e+000  0.000000e+000 -1.000000e+000
    outer loop
      vertex -5.554506e+001  3.000000e+000 -2.253931e+001
      vertex -4.671338e+001 -4.015091e+000 -2.253931e+001
      vertex -4.810093e+001 -3.174780e+000 -2.253931e+001
    endloop
  endfacet
  facet normal  0.000000e+000  0.000000e+000 -1.000000e+000
    outer loop
      vertex -5.554506e+001  3.000000e+000 -2.253931e+001
      vertex -4.810093e+001 -3.174780e+000 -2.253931e+001
      vertex -4.952654e+001 -2.400781e+000 -2.253931e+001
    endloop
  endfacet
  facet normal  0.000000e+000  0.000000e+000 -1.000000e+000
    outer loop
      vertex -5.554506e+001  3.000000e+000 -2.253931e+001
      vertex -4.952654e+001 -2.400781e+000 -2.253931e+001
      vertex -5.098704e+001 -1.694813e+000 -2.253931e+001
    endloop
  endfacet
  facet normal  0.000000e+000  0.000000e+000 -1.000000e+000
    outer loop
      vertex -5.554506e+001  3.000000e+000 -2.253931e+001
      vertex -5.098704e+001 -1.694813e+000 -2.253931e+001
      vertex -5.247918e+001 -1.058444e+000 -2.253931e+001
    endloop
  endfacet
  facet normal  0.000000e+000  0.000000e+000 -1.000000e+000
    outer loop
      vertex -5.554506e+001  3.000000e+000 -2.253931e+001
      vertex -5.247918e+001 -1.058444e+000 -2.253931e+001
      vertex -5.399965e+001 -4.930876e-001 -2.253931e+001
    endloop
  endfacet
  facet normal  0.000000e+000  0.000000e+000 -9.999999e-001
    outer loop
      vertex -5.554506e+001  3.000000e+000 -2.253931e+001
      vertex -5.399965e+001 -4.930876e-001 -2.253931e+001
      vertex -5.554506e+001  1.205403e+000 -2.253931e+001
    endloop
  endfacet
  facet normal  0.000000e+000  0.000000e+000 -9.999999e-001
    outer loop
      vertex -7.800000e+000  3.000000e+000 -2.253931e+001
      vertex -7.800000e+000 -1.390253e+001 -2.253931e+001
      vertex -1.380000e+001 -1.390253e+001 -2.253931e+001
    endloop
  endfacet
  facet normal  0.000000e+000  0.000000e+000 -1.000000e+000
    outer loop
      vertex -7.800000e+000  3.000000e+000 -2.253931e+001
      vertex -1.380000e+001 -1.390253e+001 -2.253931e+001
      vertex -1.380000e+001 -8.000000e+000 -2.253931e+001
    endloop
  endfacet
  facet normal  0.000000e+000  0.000000e+000 -1.000000e+000
    outer loop
      vertex -7.800000e+000  3.000000e+000 -2.253931e+001
      vertex -1.380000e+001 -8.000000e+000 -2.253931e+001
      vertex -5.554506e+001  3.000000e+000 -2.253931e+001
    endloop
  endfacet
  facet normal  -0.000000e+000  0.000000e+000  1.000000e+000
    outer loop
      vertex -4.160389e+001  0.000000e+000 -1.192531e+001
      vertex -5.554506e+001  0.000000e+000 -1.192531e+001
      vertex -5.399965e+001 -4.930876e-001 -1.192531e+001
    endloop
  endfacet
  facet normal  -0.000000e+000  0.000000e+000  1.000000e+000
    outer loop
      vertex -4.160389e+001  0.000000e+000 -1.192531e+001
      vertex -5.399965e+001 -4.930876e-001 -1.192531e+001
      vertex -5.247918e+001 -1.058444e+000 -1.192531e+001
    endloop
  endfacet
  facet normal  -0.000000e+000  0.000000e+000  1.000000e+000
    outer loop
      vertex -4.160389e+001  0.000000e+000 -1.192531e+001
      vertex -5.247918e+001 -1.058444e+000 -1.192531e+001
      vertex -5.098704e+001 -1.694813e+000 -1.192531e+001
    endloop
  endfacet
  facet normal  -0.000000e+000  0.000000e+000  1.000000e+000
    outer loop
      vertex -4.160389e+001  0.000000e+000 -1.192531e+001
      vertex -5.098704e+001 -1.694813e+000 -1.192531e+001
      vertex -4.952654e+001 -2.400781e+000 -1.192531e+001
    endloop
  endfacet
  facet normal  -0.000000e+000  0.000000e+000  1.000000e+000
    outer loop
      vertex -4.160389e+001  0.000000e+000 -1.192531e+001
      vertex -4.952654e+001 -2.400781e+000 -1.192531e+001
      vertex -4.810093e+001 -3.174780e+000 -1.192531e+001
    endloop
  endfacet
  facet normal  -0.000000e+000  0.000000e+000  9.999999e-001
    outer loop
      vertex -4.160389e+001  0.000000e+000 -1.192531e+001
      vertex -4.810093e+001 -3.174780e+000 -1.192531e+001
      vertex -4.671338e+001 -4.015091e+000 -1.192531e+001
    endloop
  endfacet
  facet normal  -0.000000e+000  0.000000e+000  1.000000e+000
    outer loop
      vertex -4.160389e+001  0.000000e+000 -1.192531e+001
      vertex -4.671338e+001 -4.015091e+000 -1.192531e+001
      vertex -4.536695e+001 -4.919847e+000 -1.192531e+001
    endloop
  endfacet
  facet normal  -0.000000e+000  0.000000e+000  1.000000e+000
    outer loop
      vertex -4.160389e+001  0.000000e+000 -1.192531e+001
      vertex -4.536695e+001 -4.919847e+000 -1.192531e+001
      vertex -4.406465e+001 -5.887038e+000 -1.192531e+001
    endloop
  endfacet
  facet normal  -0.000000e+000  0.000000e+000  1.000000e+000
    outer loop
      vertex -4.160389e+001  0.000000e+000 -1.192531e+001
      vertex -4.406465e+001 -5.887038e+000 -1.192531e+001
      vertex -4.280937e+001 -6.914517e+000 -1.192531e+001
    endloop
  endfacet
  facet normal  -0.000000e+000  0.000000e+000  1.000000e+000
    outer loop
      vertex -4.160389e+001  0.000000e+000 -1.192531e+001
      vertex -4.280937e+001 -6.914517e+000 -1.192531e+001
      vertex -4.160389e+001 -8.000000e+000 -1.192531e+001
    endloop
  endfacet
  facet normal -5.180162e-001 -8.553708e-001  0.000000e+000
    outer loop
      vertex -4.810093e+001 -3.174780e+000 -1.192531e+001
      vertex -4.671338e+001 -4.015091e+000 -2.253931e+001
      vertex -4.671338e+001 -4.015091e+000 -1.192531e+001
    endloop
  endfacet
  facet normal -5.577437e-001 -8.300133e-001  -0.000000e+000
    outer loop
      vertex -4.671338e+001 -4.015091e+000 -1.192531e+001
      vertex -4.671338e+001 -4.015091e+000 -2.253931e+001
      vertex -4.536695e+001 -4.919847e+000 -2.253931e+001
    endloop
  endfacet
  facet normal -5.577437e-001 -8.300133e-001  0.000000e+000
    outer loop
      vertex -4.671338e+001 -4.015091e+000 -1.192531e+001
      vertex -4.536695e+001 -4.919847e+000 -2.253931e+001
      vertex -4.536695e+001 -4.919847e+000 -1.192531e+001
    endloop
  endfacet
  facet normal -5.962321e-001 -8.028120e-001  -0.000000e+000
    outer loop
      vertex -4.536695e+001 -4.919847e+000 -1.192531e+001
      vertex -4.536695e+001 -4.919847e+000 -2.253931e+001
      vertex -4.406465e+001 -5.887038e+000 -2.253931e+001
    endloop
  endfacet
  facet normal -5.962321e-001 -8.028120e-001  0.000000e+000
    outer loop
      vertex -4.536695e+001 -4.919847e+000 -1.192531e+001
      vertex -4.406465e+001 -5.887038e+000 -2.253931e+001
      vertex -4.406465e+001 -5.887038e+000 -1.192531e+001
    endloop
  endfacet
  facet normal -6.333960e-001 -7.738278e-001  -0.000000e+000
    outer loop
      vertex -4.406465e+001 -5.887038e+000 -1.192531e+001
      vertex -4.406465e+001 -5.887038e+000 -2.253931e+001
      vertex -4.280937e+001 -6.914517e+000 -2.253931e+001
    endloop
  endfacet
  facet normal -6.333960e-001 -7.738278e-001  0.000000e+000
    outer loop
      vertex -4.406465e+001 -5.887038e+000 -1.192531e+001
      vertex -4.280937e+001 -6.914517e+000 -2.253931e+001
      vertex -4.280937e+001 -6.914517e+000 -1.192531e+001
    endloop
  endfacet
  facet normal -6.691540e-001 -7.431238e-001  -0.000000e+000
    outer loop
      vertex -4.280937e+001 -6.914517e+000 -1.192531e+001
      vertex -4.280937e+001 -6.914517e+000 -2.253931e+001
      vertex -4.160389e+001 -8.000000e+000 -2.253931e+001
    endloop
  endfacet
  facet normal -6.691540e-001 -7.431238e-001  0.000000e+000
    outer loop
      vertex -4.280937e+001 -6.914517e+000 -1.192531e+001
      vertex -4.160389e+001 -8.000000e+000 -2.253931e+001
      vertex -4.160389e+001 -8.000000e+000 -1.192531e+001
    endloop
  endfacet
  facet normal -5.180162e-001 -8.553708e-001  -0.000000e+000
    outer loop
      vertex -4.671338e+001 -4.015091e+000 -2.253931e+001
      vertex -4.810093e+001 -3.174780e+000 -1.192531e+001
      vertex -4.810093e+001 -3.174780e+000 -2.253931e+001
    endloop
  endfacet
  facet normal -4.771380e-001 -8.788284e-001  0.000000e+000
    outer loop
      vertex -4.810093e+001 -3.174780e+000 -2.253931e+001
      vertex -4.810093e+001 -3.174780e+000 -1.192531e+001
      vertex -4.952654e+001 -2.400781e+000 -1.192531e+001
    endloop
  endfacet
  facet normal -4.771380e-001 -8.788284e-001  -0.000000e+000
    outer loop
      vertex -4.810093e+001 -3.174780e+000 -2.253931e+001
      vertex -4.952654e+001 -2.400781e+000 -1.192531e+001
      vertex -4.952654e+001 -2.400781e+000 -2.253931e+001
    endloop
  endfacet
  facet normal -4.351988e-001 -9.003344e-001  0.000000e+000
    outer loop
      vertex -4.952654e+001 -2.400781e+000 -2.253931e+001
      vertex -4.952654e+001 -2.400781e+000 -1.192531e+001
      vertex -5.098704e+001 -1.694813e+000 -1.192531e+001
    endloop
  endfacet
  facet normal -4.351988e-001 -9.003344e-001  -0.000000e+000
    outer loop
      vertex -4.952654e+001 -2.400781e+000 -2.253931e+001
      vertex -5.098704e+001 -1.694813e+000 -1.192531e+001
      vertex -5.098704e+001 -1.694813e+000 -2.253931e+001
    endloop
  endfacet
  facet normal -3.922945e-001 -9.198396e-001  0.000000e+000
    outer loop
      vertex -5.098704e+001 -1.694813e+000 -2.253931e+001
      vertex -5.098704e+001 -1.694813e+000 -1.192531e+001
      vertex -5.247918e+001 -1.058444e+000 -1.192531e+001
    endloop
  endfacet
  facet normal -3.922945e-001 -9.198396e-001  -0.000000e+000
    outer loop
      vertex -5.098704e+001 -1.694813e+000 -2.253931e+001
      vertex -5.247918e+001 -1.058444e+000 -1.192531e+001
      vertex -5.247918e+001 -1.058444e+000 -2.253931e+001
    endloop
  endfacet
  facet normal -3.485179e-001 -9.373022e-001  0.000000e+000
    outer loop
      vertex -5.247918e+001 -1.058444e+000 -2.253931e+001
      vertex -5.247918e+001 -1.058444e+000 -1.192531e+001
      vertex -5.399965e+001 -4.930876e-001 -1.192531e+001
    endloop
  endfacet
  facet normal -3.485179e-001 -9.373022e-001  -0.000000e+000
    outer loop
      vertex -5.247918e+001 -1.058444e+000 -2.253931e+001
      vertex -5.399965e+001 -4.930876e-001 -1.192531e+001
      vertex -5.399965e+001 -4.930876e-001 -2.253931e+001
    endloop
  endfacet
  facet normal -3.039677e-001 -9.526824e-001  0.000000e+000
    outer loop
      vertex -5.399965e+001 -4.930876e-001 -2.253931e+001
      vertex -5.399965e+001 -4.930876e-001 -1.192531e+001
      vertex -5.554506e+001  0.000000e+000 -1.192531e+001
    endloop
  endfacet
  facet normal -3.039677e-001 -9.526824e-001  -0.000000e+000
    outer loop
      vertex -5.399965e+001 -4.930876e-001 -2.253931e+001
      vertex -5.554506e+001  0.000000e+000 -1.192531e+001
      vertex -5.554506e+001  0.000000e+000 -2.253931e+001
    endloop
  endfacet
  facet normal  0.000000e+000 -1.000000e+000  0.000000e+000
    outer loop
      vertex  6.445494e+001  0.000000e+000 -1.192485e+001
      vertex  5.554506e+001  0.000000e+000 -1.192485e+001
      vertex  5.980162e+001  0.000000e+000 -1.448417e+001
    endloop
  endfacet
  facet normal  0.000000e+000 -1.000000e+000  0.000000e+000
    outer loop
      vertex  6.445494e+001  0.000000e+000 -1.192485e+001
      vertex  5.980162e+001  0.000000e+000 -1.448417e+001
      vertex  6.019838e+001  0.000000e+000 -1.448417e+001
    endloop
  endfacet
  facet normal  0.000000e+000 -1.000000e+000  0.000000e+000
    outer loop
      vertex  6.445494e+001  0.000000e+000 -1.192485e+001
      vertex  6.019838e+001  0.000000e+000 -1.448417e+001
      vertex  6.058838e+001  0.000000e+000 -1.455707e+001
    endloop
  endfacet
  facet normal  0.000000e+000 -1.000000e+000  0.000000e+000
    outer loop
      vertex  6.445494e+001  0.000000e+000 -1.192485e+001
      vertex  6.058838e+001  0.000000e+000 -1.455707e+001
      vertex  6.095834e+001  0.000000e+000 -1.470040e+001
    endloop
  endfacet
  facet normal  0.000000e+000 -1.000000e+000  0.000000e+000
    outer loop
      vertex  6.445494e+001  0.000000e+000 -1.192485e+001
      vertex  6.095834e+001  0.000000e+000 -1.470040e+001
      vertex  6.129567e+001  0.000000e+000 -1.490926e+001
    endloop
  endfacet
  facet normal  0.000000e+000 -1.000000e+000  0.000000e+000
    outer loop
      vertex  6.445494e+001  0.000000e+000 -1.192485e+001
      vertex  6.129567e+001  0.000000e+000 -1.490926e+001
      vertex  6.158887e+001  0.000000e+000 -1.517655e+001
    endloop
  endfacet
  facet normal  0.000000e+000 -1.000000e+000  0.000000e+000
    outer loop
      vertex  6.445494e+001  0.000000e+000 -1.192485e+001
      vertex  6.158887e+001  0.000000e+000 -1.517655e+001
      vertex  6.182797e+001  0.000000e+000 -1.549317e+001
    endloop
  endfacet
  facet normal  0.000000e+000 -1.000000e+000  0.000000e+000
    outer loop
      vertex  6.445494e+001  0.000000e+000 -1.192485e+001
      vertex  6.182797e+001  0.000000e+000 -1.549317e+001
      vertex  6.200481e+001  0.000000e+000 -1.584833e+001
    endloop
  endfacet
  facet normal  0.000000e+000 -1.000000e+000  0.000000e+000
    outer loop
      vertex  6.445494e+001  0.000000e+000 -1.192485e+001
      vertex  6.200481e+001  0.000000e+000 -1.584833e+001
      vertex  6.445494e+001  0.000000e+000 -2.253931e+001
    endloop
  endfacet
  facet normal  0.000000e+000 -1.000000e+000  0.000000e+000
    outer loop
      vertex  6.445494e+001  0.000000e+000 -2.253931e+001
      vertex  6.200481e+001  0.000000e+000 -1.584833e+001
      vertex  6.211339e+001  0.000000e+000 -1.622994e+001
    endloop
  endfacet
  facet normal  0.000000e+000 -9.999999e-001  0.000000e+000
    outer loop
      vertex  6.445494e+001  0.000000e+000 -2.253931e+001
      vertex  6.211339e+001  0.000000e+000 -1.622994e+001
      vertex  6.215000e+001  0.000000e+000 -1.662500e+001
    endloop
  endfacet
  facet normal  0.000000e+000 -1.000000e+000  -0.000000e+000
    outer loop
      vertex  6.445494e+001  0.000000e+000 -2.253931e+001
      vertex  6.215000e+001  0.000000e+000 -1.662500e+001
      vertex  6.211339e+001  0.000000e+000 -1.702006e+001
    endloop
  endfacet
  facet normal  0.000000e+000 -1.000000e+000  -0.000000e+000
    outer loop
      vertex  6.445494e+001  0.000000e+000 -2.253931e+001
      vertex  6.211339e+001  0.000000e+000 -1.702006e+001
      vertex  6.200481e+001  0.000000e+000 -1.740167e+001
    endloop
  endfacet
  facet normal  0.000000e+000 -1.000000e+000  -0.000000e+000
    outer loop
      vertex  6.445494e+001  0.000000e+000 -2.253931e+001
      vertex  6.200481e+001  0.000000e+000 -1.740167e+001
      vertex  6.182797e+001  0.000000e+000 -1.775683e+001
    endloop
  endfacet
  facet normal  0.000000e+000 -1.000000e+000  -0.000000e+000
    outer loop
      vertex  6.445494e+001  0.000000e+000 -2.253931e+001
      vertex  6.182797e+001  0.000000e+000 -1.775683e+001
      vertex  6.158887e+001  0.000000e+000 -1.807345e+001
    endloop
  endfacet
  facet normal  0.000000e+000 -1.000000e+000  -0.000000e+000
    outer loop
      vertex  6.445494e+001  0.000000e+000 -2.253931e+001
      vertex  6.158887e+001  0.000000e+000 -1.807345e+001
      vertex  6.129567e+001  0.000000e+000 -1.834074e+001
    endloop
  endfacet
  facet normal  0.000000e+000 -1.000000e+000  -0.000000e+000
    outer loop
      vertex  6.445494e+001  0.000000e+000 -2.253931e+001
      vertex  6.129567e+001  0.000000e+000 -1.834074e+001
      vertex  6.095834e+001  0.000000e+000 -1.854960e+001
    endloop
  endfacet
  facet normal  0.000000e+000 -1.000000e+000  -0.000000e+000
    outer loop
      vertex  6.445494e+001  0.000000e+000 -2.253931e+001
      vertex  6.095834e+001  0.000000e+000 -1.854960e+001
      vertex  6.058838e+001  0.000000e+000 -1.869292e+001
    endloop
  endfacet
  facet normal  0.000000e+000 -1.000000e+000  -0.000000e+000
    outer loop
      vertex  6.445494e+001  0.000000e+000 -2.253931e+001
      vertex  6.058838e+001  0.000000e+000 -1.869292e+001
      vertex  6.019838e+001  0.000000e+000 -1.876583e+001
    endloop
  endfacet
  facet normal  -0.000000e+000 -9.999999e-001  -0.000000e+000
    outer loop
      vertex  6.445494e+001  0.000000e+000 -2.253931e+001
      vertex  6.019838e+001  0.000000e+000 -1.876583e+001
      vertex  5.980162e+001  0.000000e+000 -1.876583e+001
    endloop
  endfacet
  facet normal  0.000000e+000 -1.000000e+000  -0.000000e+000
    outer loop
      vertex  6.445494e+001  0.000000e+000 -2.253931e+001
      vertex  5.980162e+001  0.000000e+000 -1.876583e+001
      vertex  5.554506e+001  0.000000e+000 -2.253931e+001
    endloop
  endfacet
  facet normal  -0.000000e+000 -1.000000e+000  0.000000e+000
    outer loop
      vertex  5.554506e+001  0.000000e+000 -2.253931e+001
      vertex  5.980162e+001  0.000000e+000 -1.876583e+001
      vertex  5.941162e+001  0.000000e+000 -1.869292e+001
    endloop
  endfacet
  facet normal  -0.000000e+000 -1.000000e+000  0.000000e+000
    outer loop
      vertex  5.554506e+001  0.000000e+000 -2.253931e+001
      vertex  5.941162e+001  0.000000e+000 -1.869292e+001
      vertex  5.904166e+001  0.000000e+000 -1.854960e+001
    endloop
  endfacet
  facet normal  -0.000000e+000 -1.000000e+000  0.000000e+000
    outer loop
      vertex  5.554506e+001  0.000000e+000 -2.253931e+001
      vertex  5.904166e+001  0.000000e+000 -1.854960e+001
      vertex  5.870433e+001  0.000000e+000 -1.834074e+001
    endloop
  endfacet
  facet normal  -0.000000e+000 -1.000000e+000  0.000000e+000
    outer loop
      vertex  5.554506e+001  0.000000e+000 -2.253931e+001
      vertex  5.870433e+001  0.000000e+000 -1.834074e+001
      vertex  5.841113e+001  0.000000e+000 -1.807345e+001
    endloop
  endfacet
  facet normal  -0.000000e+000 -1.000000e+000  0.000000e+000
    outer loop
      vertex  5.554506e+001  0.000000e+000 -2.253931e+001
      vertex  5.841113e+001  0.000000e+000 -1.807345e+001
      vertex  5.817203e+001  0.000000e+000 -1.775683e+001
    endloop
  endfacet
  facet normal  -0.000000e+000 -1.000000e+000  0.000000e+000
    outer loop
      vertex  5.554506e+001  0.000000e+000 -2.253931e+001
      vertex  5.817203e+001  0.000000e+000 -1.775683e+001
      vertex  5.799519e+001  0.000000e+000 -1.740167e+001
    endloop
  endfacet
  facet normal  -0.000000e+000 -1.000000e+000  0.000000e+000
    outer loop
      vertex  5.554506e+001  0.000000e+000 -2.253931e+001
      vertex  5.799519e+001  0.000000e+000 -1.740167e+001
      vertex  5.788661e+001  0.000000e+000 -1.702006e+001
    endloop
  endfacet
  facet normal  -0.000000e+000 -1.000000e+000  0.000000e+000
    outer loop
      vertex  5.554506e+001  0.000000e+000 -2.253931e+001
      vertex  5.788661e+001  0.000000e+000 -1.702006e+001
      vertex  5.785000e+001  0.000000e+000 -1.662500e+001
    endloop
  endfacet
  facet normal  -0.000000e+000 -9.999999e-001  0.000000e+000
    outer loop
      vertex  5.554506e+001  0.000000e+000 -2.253931e+001
      vertex  5.785000e+001  0.000000e+000 -1.662500e+001
      vertex  5.788661e+001  0.000000e+000 -1.622994e+001
    endloop
  endfacet
  facet normal  -0.000000e+000 -1.000000e+000  0.000000e+000
    outer loop
      vertex  5.554506e+001  0.000000e+000 -2.253931e+001
      vertex  5.788661e+001  0.000000e+000 -1.622994e+001
      vertex  5.799519e+001  0.000000e+000 -1.584833e+001
    endloop
  endfacet
  facet normal  0.000000e+000 -1.000000e+000  0.000000e+000
    outer loop
      vertex  5.554506e+001  0.000000e+000 -1.192485e+001
      vertex  5.554506e+001  0.000000e+000 -2.253931e+001
      vertex  5.799519e+001  0.000000e+000 -1.584833e+001
    endloop
  endfacet
  facet normal  0.000000e+000 -1.000000e+000  0.000000e+000
    outer loop
      vertex  5.554506e+001  0.000000e+000 -1.192485e+001
      vertex  5.799519e+001  0.000000e+000 -1.584833e+001
      vertex  5.817203e+001  0.000000e+000 -1.549317e+001
    endloop
  endfacet
  facet normal  0.000000e+000 -1.000000e+000  0.000000e+000
    outer loop
      vertex  5.554506e+001  0.000000e+000 -1.192485e+001
      vertex  5.817203e+001  0.000000e+000 -1.549317e+001
      vertex  5.841113e+001  0.000000e+000 -1.517655e+001
    endloop
  endfacet
  facet normal  0.000000e+000 -1.000000e+000  0.000000e+000
    outer loop
      vertex  5.554506e+001  0.000000e+000 -1.192485e+001
      vertex  5.841113e+001  0.000000e+000 -1.517655e+001
      vertex  5.870433e+001  0.000000e+000 -1.490926e+001
    endloop
  endfacet
  facet normal  0.000000e+000 -1.000000e+000  0.000000e+000
    outer loop
      vertex  5.554506e+001  0.000000e+000 -1.192485e+001
      vertex  5.870433e+001  0.000000e+000 -1.490926e+001
      vertex  5.904166e+001  0.000000e+000 -1.470040e+001
    endloop
  endfacet
  facet normal  0.000000e+000 -1.000000e+000  0.000000e+000
    outer loop
      vertex  5.554506e+001  0.000000e+000 -1.192485e+001
      vertex  5.904166e+001  0.000000e+000 -1.470040e+001
      vertex  5.941162e+001  0.000000e+000 -1.455707e+001
    endloop
  endfacet
  facet normal  0.000000e+000 -1.000000e+000  0.000000e+000
    outer loop
      vertex  5.554506e+001  0.000000e+000 -1.192485e+001
      vertex  5.941162e+001  0.000000e+000 -1.455707e+001
      vertex  5.980162e+001  0.000000e+000 -1.448417e+001
    endloop
  endfacet
  facet normal  0.000000e+000 -1.000000e+000  0.000000e+000
    outer loop
      vertex -5.554506e+001  0.000000e+000 -1.192531e+001
      vertex -6.445494e+001  0.000000e+000 -1.192485e+001
      vertex -6.019838e+001  0.000000e+000 -1.448417e+001
    endloop
  endfacet
  facet normal  0.000000e+000 -1.000000e+000  0.000000e+000
    outer loop
      vertex -5.554506e+001  0.000000e+000 -1.192531e+001
      vertex -6.019838e+001  0.000000e+000 -1.448417e+001
      vertex -5.980162e+001  0.000000e+000 -1.448417e+001
    endloop
  endfacet
  facet normal  0.000000e+000 -9.999999e-001  0.000000e+000
    outer loop
      vertex -5.554506e+001  0.000000e+000 -1.192531e+001
      vertex -5.980162e+001  0.000000e+000 -1.448417e+001
      vertex -5.941162e+001  0.000000e+000 -1.455707e+001
    endloop
  endfacet
  facet normal  0.000000e+000 -1.000000e+000  0.000000e+000
    outer loop
      vertex -5.554506e+001  0.000000e+000 -1.192531e+001
      vertex -5.941162e+001  0.000000e+000 -1.455707e+001
      vertex -5.904166e+001  0.000000e+000 -1.470040e+001
    endloop
  endfacet
  facet normal  0.000000e+000 -1.000000e+000  0.000000e+000
    outer loop
      vertex -5.554506e+001  0.000000e+000 -1.192531e+001
      vertex -5.904166e+001  0.000000e+000 -1.470040e+001
      vertex -5.870433e+001  0.000000e+000 -1.490926e+001
    endloop
  endfacet
  facet normal  0.000000e+000 -1.000000e+000  0.000000e+000
    outer loop
      vertex -5.554506e+001  0.000000e+000 -1.192531e+001
      vertex -5.870433e+001  0.000000e+000 -1.490926e+001
      vertex -5.841113e+001  0.000000e+000 -1.517655e+001
    endloop
  endfacet
  facet normal  0.000000e+000 -1.000000e+000  0.000000e+000
    outer loop
      vertex -5.554506e+001  0.000000e+000 -1.192531e+001
      vertex -5.841113e+001  0.000000e+000 -1.517655e+001
      vertex -5.817203e+001  0.000000e+000 -1.549317e+001
    endloop
  endfacet
  facet normal  0.000000e+000 -9.999999e-001  0.000000e+000
    outer loop
      vertex -5.554506e+001  0.000000e+000 -1.192531e+001
      vertex -5.817203e+001  0.000000e+000 -1.549317e+001
      vertex -5.799519e+001  0.000000e+000 -1.584833e+001
    endloop
  endfacet
  facet normal  0.000000e+000 -1.000000e+000  0.000000e+000
    outer loop
      vertex -5.554506e+001  0.000000e+000 -1.192531e+001
      vertex -5.799519e+001  0.000000e+000 -1.584833e+001
      vertex -5.554506e+001  0.000000e+000 -2.253931e+001
    endloop
  endfacet
  facet normal  0.000000e+000 -1.000000e+000  0.000000e+000
    outer loop
      vertex -5.554506e+001  0.000000e+000 -2.253931e+001
      vertex -5.799519e+001  0.000000e+000 -1.584833e+001
      vertex -5.788661e+001  0.000000e+000 -1.622994e+001
    endloop
  endfacet
  facet normal  0.000000e+000 -9.999999e-001  0.000000e+000
    outer loop
      vertex -5.554506e+001  0.000000e+000 -2.253931e+001
      vertex -5.788661e+001  0.000000e+000 -1.622994e+001
      vertex -5.785000e+001  0.000000e+000 -1.662500e+001
    endloop
  endfacet
  facet normal  0.000000e+000 -1.000000e+000  -0.000000e+000
    outer loop
      vertex -5.554506e+001  0.000000e+000 -2.253931e+001
      vertex -5.785000e+001  0.000000e+000 -1.662500e+001
      vertex -5.788661e+001  0.000000e+000 -1.702006e+001
    endloop
  endfacet
  facet normal  0.000000e+000 -1.000000e+000  -0.000000e+000
    outer loop
      vertex -5.554506e+001  0.000000e+000 -2.253931e+001
      vertex -5.788661e+001  0.000000e+000 -1.702006e+001
      vertex -5.799519e+001  0.000000e+000 -1.740167e+001
    endloop
  endfacet
  facet normal  0.000000e+000 -1.000000e+000  -0.000000e+000
    outer loop
      vertex -5.554506e+001  0.000000e+000 -2.253931e+001
      vertex -5.799519e+001  0.000000e+000 -1.740167e+001
      vertex -5.817203e+001  0.000000e+000 -1.775683e+001
    endloop
  endfacet
  facet normal  0.000000e+000 -1.000000e+000  -0.000000e+000
    outer loop
      vertex -5.554506e+001  0.000000e+000 -2.253931e+001
      vertex -5.817203e+001  0.000000e+000 -1.775683e+001
      vertex -5.841113e+001  0.000000e+000 -1.807345e+001
    endloop
  endfacet
  facet normal  0.000000e+000 -1.000000e+000  -0.000000e+000
    outer loop
      vertex -5.554506e+001  0.000000e+000 -2.253931e+001
      vertex -5.841113e+001  0.000000e+000 -1.807345e+001
      vertex -5.870433e+001  0.000000e+000 -1.834074e+001
    endloop
  endfacet
  facet normal  0.000000e+000 -1.000000e+000  -0.000000e+000
    outer loop
      vertex -5.554506e+001  0.000000e+000 -2.253931e+001
      vertex -5.870433e+001  0.000000e+000 -1.834074e+001
      vertex -5.904166e+001  0.000000e+000 -1.854960e+001
    endloop
  endfacet
  facet normal  0.000000e+000 -1.000000e+000  -0.000000e+000
    outer loop
      vertex -5.554506e+001  0.000000e+000 -2.253931e+001
      vertex -5.904166e+001  0.000000e+000 -1.854960e+001
      vertex -5.941162e+001  0.000000e+000 -1.869292e+001
    endloop
  endfacet
  facet normal  0.000000e+000 -1.000000e+000  -0.000000e+000
    outer loop
      vertex -5.554506e+001  0.000000e+000 -2.253931e+001
      vertex -5.941162e+001  0.000000e+000 -1.869292e+001
      vertex -5.980162e+001  0.000000e+000 -1.876583e+001
    endloop
  endfacet
  facet normal  -0.000000e+000 -9.999999e-001  -0.000000e+000
    outer loop
      vertex -5.554506e+001  0.000000e+000 -2.253931e+001
      vertex -5.980162e+001  0.000000e+000 -1.876583e+001
      vertex -6.019838e+001  0.000000e+000 -1.876583e+001
    endloop
  endfacet
  facet normal  0.000000e+000 -1.000000e+000  -0.000000e+000
    outer loop
      vertex -5.554506e+001  0.000000e+000 -2.253931e+001
      vertex -6.019838e+001  0.000000e+000 -1.876583e+001
      vertex -6.445494e+001  0.000000e+000 -2.253931e+001
    endloop
  endfacet
  facet normal  -0.000000e+000 -1.000000e+000  0.000000e+000
    outer loop
      vertex -6.445494e+001  0.000000e+000 -2.253931e+001
      vertex -6.019838e+001  0.000000e+000 -1.876583e+001
      vertex -6.058838e+001  0.000000e+000 -1.869292e+001
    endloop
  endfacet
  facet normal  -0.000000e+000 -1.000000e+000  0.000000e+000
    outer loop
      vertex -6.445494e+001  0.000000e+000 -2.253931e+001
      vertex -6.058838e+001  0.000000e+000 -1.869292e+001
      vertex -6.095834e+001  0.000000e+000 -1.854960e+001
    endloop
  endfacet
  facet normal  -0.000000e+000 -1.000000e+000  0.000000e+000
    outer loop
      vertex -6.445494e+001  0.000000e+000 -2.253931e+001
      vertex -6.095834e+001  0.000000e+000 -1.854960e+001
      vertex -6.129567e+001  0.000000e+000 -1.834074e+001
    endloop
  endfacet
  facet normal  -0.000000e+000 -1.000000e+000  0.000000e+000
    outer loop
      vertex -6.445494e+001  0.000000e+000 -2.253931e+001
      vertex -6.129567e+001  0.000000e+000 -1.834074e+001
      vertex -6.158887e+001  0.000000e+000 -1.807345e+001
    endloop
  endfacet
  facet normal  -0.000000e+000 -1.000000e+000  0.000000e+000
    outer loop
      vertex -6.445494e+001  0.000000e+000 -2.253931e+001
      vertex -6.158887e+001  0.000000e+000 -1.807345e+001
      vertex -6.182797e+001  0.000000e+000 -1.775683e+001
    endloop
  endfacet
  facet normal  -0.000000e+000 -1.000000e+000  0.000000e+000
    outer loop
      vertex -6.445494e+001  0.000000e+000 -2.253931e+001
      vertex -6.182797e+001  0.000000e+000 -1.775683e+001
      vertex -6.200481e+001  0.000000e+000 -1.740167e+001
    endloop
  endfacet
  facet normal  -0.000000e+000 -1.000000e+000  0.000000e+000
    outer loop
      vertex -6.445494e+001  0.000000e+000 -2.253931e+001
      vertex -6.200481e+001  0.000000e+000 -1.740167e+001
      vertex -6.211339e+001  0.000000e+000 -1.702006e+001
    endloop
  endfacet
  facet normal  -0.000000e+000 -1.000000e+000  0.000000e+000
    outer loop
      vertex -6.445494e+001  0.000000e+000 -2.253931e+001
      vertex -6.211339e+001  0.000000e+000 -1.702006e+001
      vertex -6.215000e+001  0.000000e+000 -1.662500e+001
    endloop
  endfacet
  facet normal  -0.000000e+000 -9.999999e-001  0.000000e+000
    outer loop
      vertex -6.445494e+001  0.000000e+000 -2.253931e+001
      vertex -6.215000e+001  0.000000e+000 -1.662500e+001
      vertex -6.211339e+001  0.000000e+000 -1.622994e+001
    endloop
  endfacet
  facet normal  -0.000000e+000 -1.000000e+000  0.000000e+000
    outer loop
      vertex -6.445494e+001  0.000000e+000 -2.253931e+001
      vertex -6.211339e+001  0.000000e+000 -1.622994e+001
      vertex -6.200481e+001  0.000000e+000 -1.584833e+001
    endloop
  endfacet
  facet normal  0.000000e+000 -1.000000e+000  0.000000e+000
    outer loop
      vertex -6.445494e+001  0.000000e+000 -1.192485e+001
      vertex -6.445494e+001  0.000000e+000 -2.253931e+001
      vertex -6.200481e+001  0.000000e+000 -1.584833e+001
    endloop
  endfacet
  facet normal  0.000000e+000 -1.000000e+000  0.000000e+000
    outer loop
      vertex -6.445494e+001  0.000000e+000 -1.192485e+001
      vertex -6.200481e+001  0.000000e+000 -1.584833e+001
      vertex -6.182797e+001  0.000000e+000 -1.549317e+001
    endloop
  endfacet
  facet normal  0.000000e+000 -1.000000e+000  0.000000e+000
    outer loop
      vertex -6.445494e+001  0.000000e+000 -1.192485e+001
      vertex -6.182797e+001  0.000000e+000 -1.549317e+001
      vertex -6.158887e+001  0.000000e+000 -1.517655e+001
    endloop
  endfacet
  facet normal  0.000000e+000 -1.000000e+000  0.000000e+000
    outer loop
      vertex -6.445494e+001  0.000000e+000 -1.192485e+001
      vertex -6.158887e+001  0.000000e+000 -1.517655e+001
      vertex -6.129567e+001  0.000000e+000 -1.490926e+001
    endloop
  endfacet
  facet normal  0.000000e+000 -1.000000e+000  0.000000e+000
    outer loop
      vertex -6.445494e+001  0.000000e+000 -1.192485e+001
      vertex -6.129567e+001  0.000000e+000 -1.490926e+001
      vertex -6.095834e+001  0.000000e+000 -1.470040e+001
    endloop
  endfacet
  facet normal  0.000000e+000 -1.000000e+000  0.000000e+000
    outer loop
      vertex -6.445494e+001  0.000000e+000 -1.192485e+001
      vertex -6.095834e+001  0.000000e+000 -1.470040e+001
      vertex -6.058838e+001  0.000000e+000 -1.455707e+001
    endloop
  endfacet
  facet normal  0.000000e+000 -1.000000e+000  0.000000e+000
    outer loop
      vertex -6.445494e+001  0.000000e+000 -1.192485e+001
      vertex -6.058838e+001  0.000000e+000 -1.455707e+001
      vertex -6.019838e+001  0.000000e+000 -1.448417e+001
    endloop
  endfacet
  facet normal  0.000000e+000 -9.999999e-001  -0.000000e+000
    outer loop
      vertex -4.160389e+001  0.000000e+000 -1.192531e+001
      vertex -4.160389e+001  0.000000e+000 -1.182492e+001
      vertex -5.554506e+001  0.000000e+000 -1.192531e+001
    endloop
  endfacet
  facet normal -7.167714e-003 -1.548092e-004  9.999743e-001
    outer loop
      vertex -5.554506e+001  3.000000e+000 -1.192485e+001
      vertex -5.554506e+001  0.000000e+000 -1.192531e+001
      vertex -4.160389e+001  3.000000e+000 -1.182492e+001
    endloop
  endfacet
  facet normal -7.201026e-003  0.000000e+000  9.999741e-001
    outer loop
      vertex -4.160389e+001  3.000000e+000 -1.182492e+001
      vertex -5.554506e+001  0.000000e+000 -1.192531e+001
      vertex -4.160389e+001  0.000000e+000 -1.182492e+001
    endloop
  endfacet
  facet normal  0.000000e+000 -1.548131e-004  1.000000e+000
    outer loop
      vertex -5.554506e+001  3.000000e+000 -1.192485e+001
      vertex -6.445494e+001  3.000000e+000 -1.192485e+001
      vertex -5.554506e+001  0.000000e+000 -1.192531e+001
    endloop
  endfacet
  facet normal  5.212632e-005  0.000000e+000  1.000000e+000
    outer loop
      vertex -5.554506e+001  0.000000e+000 -1.192531e+001
      vertex -6.445494e+001  3.000000e+000 -1.192485e+001
      vertex -6.445494e+001  0.000000e+000 -1.192485e+001
    endloop
  endfacet
  facet normal  0.000000e+000  0.000000e+000 -1.000000e+000
    outer loop
      vertex -5.554506e+001  3.000000e+000 -2.253931e+001
      vertex -5.554506e+001  1.205403e+000 -2.253931e+001
      vertex -6.445494e+001  3.000000e+000 -2.253931e+001
    endloop
  endfacet
  facet normal  0.000000e+000  0.000000e+000 -1.000000e+000
    outer loop
      vertex -6.445494e+001  3.000000e+000 -2.253931e+001
      vertex -5.554506e+001  1.205403e+000 -2.253931e+001
      vertex -5.554506e+001  0.000000e+000 -2.253931e+001
    endloop
  endfacet
  facet normal  0.000000e+000  0.000000e+000 -1.000000e+000
    outer loop
      vertex -6.445494e+001  3.000000e+000 -2.253931e+001
      vertex -5.554506e+001  0.000000e+000 -2.253931e+001
      vertex -6.445494e+001  0.000000e+000 -2.253931e+001
    endloop
  endfacet
  facet normal  0.000000e+000  0.000000e+000 -1.000000e+000
    outer loop
      vertex  5.554506e+001  0.000000e+000 -2.253931e+001
      vertex  5.554506e+001  1.205403e+000 -2.253931e+001
      vertex  6.445494e+001  0.000000e+000 -2.253931e+001
    endloop
  endfacet
  facet normal  0.000000e+000  0.000000e+000 -1.000000e+000
    outer loop
      vertex  6.445494e+001  0.000000e+000 -2.253931e+001
      vertex  5.554506e+001  1.205403e+000 -2.253931e+001
      vertex  5.554506e+001  3.000000e+000 -2.253931e+001
    endloop
  endfacet
  facet normal  0.000000e+000  0.000000e+000 -1.000000e+000
    outer loop
      vertex  6.445494e+001  0.000000e+000 -2.253931e+001
      vertex  5.554506e+001  3.000000e+000 -2.253931e+001
      vertex  6.445494e+001  3.000000e+000 -2.253931e+001
    endloop
  endfacet
  facet normal  -0.000000e+000  0.000000e+000  1.000000e+000
    outer loop
      vertex  6.445494e+001  3.000000e+000 -1.192485e+001
      vertex  5.554506e+001  3.000000e+000 -1.192485e+001
      vertex  6.445494e+001  0.000000e+000 -1.192485e+001
    endloop
  endfacet
  facet normal  0.000000e+000  0.000000e+000  1.000000e+000
    outer loop
      vertex  6.445494e+001  0.000000e+000 -1.192485e+001
      vertex  5.554506e+001  3.000000e+000 -1.192485e+001
      vertex  5.554506e+001  0.000000e+000 -1.192485e+001
    endloop
  endfacet
  facet normal  1.000000e+000  0.000000e+000  -0.000000e+000
    outer loop
      vertex -3.550000e+001 -8.000000e+000  1.550000e+001
      vertex -3.550000e+001  0.000000e+000  1.153931e+001
      vertex -3.550000e+001  0.000000e+000  1.550000e+001
    endloop
  endfacet
  facet normal  1.000000e+000  0.000000e+000  0.000000e+000
    outer loop
      vertex -3.550000e+001  0.000000e+000  1.153931e+001
      vertex -3.550000e+001 -8.000000e+000  1.550000e+001
      vertex -3.550000e+001 -2.000000e+000  1.153931e+001
    endloop
  endfacet
  facet normal  1.000000e+000  0.000000e+000  0.000000e+000
    outer loop
      vertex -3.550000e+001 -2.000000e+000  1.153931e+001
      vertex -3.550000e+001 -8.000000e+000  1.550000e+001
      vertex -3.550000e+001 -8.000000e+000 -1.550000e+001
    endloop
  endfacet
  facet normal  1.000000e+000  0.000000e+000  0.000000e+000
    outer loop
      vertex -3.550000e+001 -2.000000e+000  1.153931e+001
      vertex -3.550000e+001 -8.000000e+000 -1.550000e+001
      vertex -3.550000e+001 -2.000000e+000  5.539310e+000
    endloop
  endfacet
  facet normal  1.000000e+000  0.000000e+000  0.000000e+000
    outer loop
      vertex -3.550000e+001 -2.000000e+000  5.539310e+000
      vertex -3.550000e+001 -8.000000e+000 -1.550000e+001
      vertex -3.550000e+001  0.000000e+000 -1.550000e+001
    endloop
  endfacet
  facet normal  1.000000e+000  0.000000e+000  -0.000000e+000
    outer loop
      vertex -3.550000e+001 -2.000000e+000  5.539310e+000
      vertex -3.550000e+001  0.000000e+000 -1.550000e+001
      vertex -3.550000e+001  0.000000e+000  5.539310e+000
    endloop
  endfacet
  facet normal  0.000000e+000  0.000000e+000 -9.999999e-001
    outer loop
      vertex -2.660390e+001  0.000000e+000  1.153931e+001
      vertex -3.550000e+001  0.000000e+000  1.153931e+001
      vertex -2.660390e+001  3.000000e+000  1.153931e+001
    endloop
  endfacet
  facet normal  -0.000000e+000  0.000000e+000 -1.000000e+000
    outer loop
      vertex -2.660390e+001  3.000000e+000  1.153931e+001
      vertex -3.550000e+001  0.000000e+000  1.153931e+001
      vertex -4.160389e+001  3.000000e+000  1.153931e+001
    endloop
  endfacet
  facet normal  0.000000e+000  0.000000e+000 -1.000000e+000
    outer loop
      vertex -3.550000e+001  0.000000e+000  1.153931e+001
      vertex -3.550000e+001 -2.000000e+000  1.153931e+001
      vertex -4.160389e+001  3.000000e+000  1.153931e+001
    endloop
  endfacet
  facet normal  0.000000e+000  0.000000e+000 -1.000000e+000
    outer loop
      vertex -4.160389e+001  3.000000e+000  1.153931e+001
      vertex -3.550000e+001 -2.000000e+000  1.153931e+001
      vertex -4.160389e+001 -2.000000e+000  1.153931e+001
    endloop
  endfacet
  facet normal  -0.000000e+000  0.000000e+000  1.000000e+000
    outer loop
      vertex -2.660390e+001  3.000000e+000  5.539310e+000
      vertex -4.160389e+001  3.000000e+000  5.539310e+000
      vertex -2.660390e+001  2.220446e-016  5.539310e+000
    endloop
  endfacet
  facet normal  0.000000e+000  0.000000e+000  9.999999e-001
    outer loop
      vertex -2.660390e+001  2.220446e-016  5.539310e+000
      vertex -4.160389e+001  3.000000e+000  5.539310e+000
      vertex -3.550000e+001  0.000000e+000  5.539310e+000
    endloop
  endfacet
  facet normal  0.000000e+000  0.000000e+000  1.000000e+000
    outer loop
      vertex -4.160389e+001  3.000000e+000  5.539310e+000
      vertex -4.160389e+001 -2.000000e+000  5.539310e+000
      vertex -3.550000e+001  0.000000e+000  5.539310e+000
    endloop
  endfacet
  facet normal  0.000000e+000  0.000000e+000  1.000000e+000
    outer loop
      vertex -3.550000e+001  0.000000e+000  5.539310e+000
      vertex -4.160389e+001 -2.000000e+000  5.539310e+000
      vertex -3.550000e+001 -2.000000e+000  5.539310e+000
    endloop
  endfacet
  facet normal  0.000000e+000  1.000000e+000  0.000000e+000
    outer loop
      vertex -4.160389e+001 -2.000000e+000  1.153931e+001
      vertex -3.550000e+001 -2.000000e+000  1.153931e+001
      vertex -4.160389e+001 -2.000000e+000  5.539310e+000
    endloop
  endfacet
  facet normal  0.000000e+000  1.000000e+000  0.000000e+000
    outer loop
      vertex -4.160389e+001 -2.000000e+000  5.539310e+000
      vertex -3.550000e+001 -2.000000e+000  1.153931e+001
      vertex -3.550000e+001 -2.000000e+000  5.539310e+000
    endloop
  endfacet
  facet normal -1.000000e+000  0.000000e+000  0.000000e+000
    outer loop
      vertex -2.660390e+001  3.000000e+000  5.539310e+000
      vertex -2.660390e+001  2.220446e-016  5.539310e+000
      vertex -2.660390e+001  3.000000e+000  1.153931e+001
    endloop
  endfacet
  facet normal -1.000000e+000  -0.000000e+000  0.000000e+000
    outer loop
      vertex -2.660390e+001  3.000000e+000  1.153931e+001
      vertex -2.660390e+001  2.220446e-016  5.539310e+000
      vertex -2.660390e+001  0.000000e+000  1.153931e+001
    endloop
  endfacet
  facet normal  0.000000e+000 -9.999999e-001  -0.000000e+000
    outer loop
      vertex -7.800000e+000 -1.390253e+001 -2.253931e+001
      vertex -7.800000e+000 -1.390253e+001 -1.500000e+001
      vertex -1.380000e+001 -1.390253e+001 -2.253931e+001
    endloop
  endfacet
  facet normal  0.000000e+000 -9.999999e-001  0.000000e+000
    outer loop
      vertex -1.380000e+001 -1.390253e+001 -2.253931e+001
      vertex -7.800000e+000 -1.390253e+001 -1.500000e+001
      vertex -1.380000e+001 -1.390253e+001 -1.500000e+001
    endloop
  endfacet
  facet normal  0.000000e+000 -9.999999e-001  -0.000000e+000
    outer loop
      vertex -7.800000e+000 -1.390253e+001  1.500000e+001
      vertex -7.800000e+000 -1.390253e+001  2.253931e+001
      vertex -1.380000e+001 -1.390253e+001  1.500000e+001
    endloop
  endfacet
  facet normal  0.000000e+000 -9.999999e-001  0.000000e+000
    outer loop
      vertex -1.380000e+001 -1.390253e+001  1.500000e+001
      vertex -7.800000e+000 -1.390253e+001  2.253931e+001
      vertex -1.380000e+001 -1.390253e+001  2.253931e+001
    endloop
  endfacet
  facet normal  1.000000e+000  0.000000e+000  0.000000e+000
    outer loop
      vertex -7.800000e+000 -1.390253e+001  2.253931e+001
      vertex -7.800000e+000 -1.390253e+001  1.500000e+001
      vertex -7.800000e+000 -1.216513e+001  1.928718e+001
    endloop
  endfacet
  facet normal  1.000000e+000  0.000000e+000  -0.000000e+000
    outer loop
      vertex -7.800000e+000 -1.390253e+001  2.253931e+001
      vertex -7.800000e+000 -1.216513e+001  1.928718e+001
      vertex -7.800000e+000 -1.206255e+001  1.955767e+001
    endloop
  endfacet
  facet normal  1.000000e+000  0.000000e+000  -0.000000e+000
    outer loop
      vertex -7.800000e+000 -1.390253e+001  2.253931e+001
      vertex -7.800000e+000 -1.206255e+001  1.955767e+001
      vertex -7.800000e+000 -1.189821e+001  1.979575e+001
    endloop
  endfacet
  facet normal  1.000000e+000  0.000000e+000  -0.000000e+000
    outer loop
      vertex -7.800000e+000 -1.390253e+001  2.253931e+001
      vertex -7.800000e+000 -1.189821e+001  1.979575e+001
      vertex -7.800000e+000 -1.168168e+001  1.998758e+001
    endloop
  endfacet
  facet normal  1.000000e+000  0.000000e+000  -0.000000e+000
    outer loop
      vertex -7.800000e+000 -1.390253e+001  2.253931e+001
      vertex -7.800000e+000 -1.168168e+001  1.998758e+001
      vertex -7.800000e+000 -1.142553e+001  2.012202e+001
    endloop
  endfacet
  facet normal  9.999999e-001  0.000000e+000  -0.000000e+000
    outer loop
      vertex -7.800000e+000 -1.390253e+001  2.253931e+001
      vertex -7.800000e+000 -1.142553e+001  2.012202e+001
      vertex -7.800000e+000 -1.114464e+001  2.019125e+001
    endloop
  endfacet
  facet normal  1.000000e+000  0.000000e+000  -0.000000e+000
    outer loop
      vertex -7.800000e+000 -1.390253e+001  2.253931e+001
      vertex -7.800000e+000 -1.114464e+001  2.019125e+001
      vertex -7.800000e+000 -1.085536e+001  2.019125e+001
    endloop
  endfacet
  facet normal  1.000000e+000  -0.000000e+000  -0.000000e+000
    outer loop
      vertex -7.800000e+000 -1.390253e+001  2.253931e+001
      vertex -7.800000e+000 -1.085536e+001  2.019125e+001
      vertex -7.800000e+000 -1.057447e+001  2.012202e+001
    endloop
  endfacet
  facet normal  9.999999e-001  -0.000000e+000  -0.000000e+000
    outer loop
      vertex -7.800000e+000 -1.390253e+001  2.253931e+001
      vertex -7.800000e+000 -1.057447e+001  2.012202e+001
      vertex -7.800000e+000  0.000000e+000  1.550000e+001
    endloop
  endfacet
  facet normal  1.000000e+000  0.000000e+000  -0.000000e+000
    outer loop
      vertex -7.800000e+000 -1.390253e+001  2.253931e+001
      vertex -7.800000e+000  0.000000e+000  1.550000e+001
      vertex -7.800000e+000  3.000000e+000  2.253931e+001
    endloop
  endfacet
  facet normal  1.000000e+000  0.000000e+000  -0.000000e+000
    outer loop
      vertex -7.800000e+000 -1.390253e+001  1.500000e+001
      vertex -7.800000e+000 -8.000000e+000  1.500000e+001
      vertex -7.800000e+000 -8.000000e+000  1.550000e+001
    endloop
  endfacet
  facet normal  1.000000e+000  0.000000e+000  0.000000e+000
    outer loop
      vertex -7.800000e+000 -1.390253e+001  1.500000e+001
      vertex -7.800000e+000 -8.000000e+000  1.550000e+001
      vertex -7.800000e+000 -1.085536e+001  1.780875e+001
    endloop
  endfacet
  facet normal  1.000000e+000  0.000000e+000  0.000000e+000
    outer loop
      vertex -7.800000e+000 -1.390253e+001  1.500000e+001
      vertex -7.800000e+000 -1.085536e+001  1.780875e+001
      vertex -7.800000e+000 -1.114464e+001  1.780875e+001
    endloop
  endfacet
  facet normal  1.000000e+000  0.000000e+000  0.000000e+000
    outer loop
      vertex -7.800000e+000 -1.390253e+001  1.500000e+001
      vertex -7.800000e+000 -1.114464e+001  1.780875e+001
      vertex -7.800000e+000 -1.142553e+001  1.787798e+001
    endloop
  endfacet
  facet normal  1.000000e+000  0.000000e+000  0.000000e+000
    outer loop
      vertex -7.800000e+000 -1.390253e+001  1.500000e+001
      vertex -7.800000e+000 -1.142553e+001  1.787798e+001
      vertex -7.800000e+000 -1.168168e+001  1.801242e+001
    endloop
  endfacet
  facet normal  1.000000e+000  0.000000e+000  0.000000e+000
    outer loop
      vertex -7.800000e+000 -1.390253e+001  1.500000e+001
      vertex -7.800000e+000 -1.168168e+001  1.801242e+001
      vertex -7.800000e+000 -1.189821e+001  1.820425e+001
    endloop
  endfacet
  facet normal  1.000000e+000  0.000000e+000  0.000000e+000
    outer loop
      vertex -7.800000e+000 -1.390253e+001  1.500000e+001
      vertex -7.800000e+000 -1.189821e+001  1.820425e+001
      vertex -7.800000e+000 -1.206255e+001  1.844233e+001
    endloop
  endfacet
  facet normal  9.999999e-001  0.000000e+000  0.000000e+000
    outer loop
      vertex -7.800000e+000 -1.390253e+001  1.500000e+001
      vertex -7.800000e+000 -1.206255e+001  1.844233e+001
      vertex -7.800000e+000 -1.216513e+001  1.871282e+001
    endloop
  endfacet
  facet normal  1.000000e+000  0.000000e+000  0.000000e+000
    outer loop
      vertex -7.800000e+000 -1.390253e+001  1.500000e+001
      vertex -7.800000e+000 -1.216513e+001  1.871282e+001
      vertex -7.800000e+000 -1.220000e+001  1.900000e+001
    endloop
  endfacet
  facet normal  1.000000e+000  0.000000e+000  -0.000000e+000
    outer loop
      vertex -7.800000e+000 -1.390253e+001  1.500000e+001
      vertex -7.800000e+000 -1.220000e+001  1.900000e+001
      vertex -7.800000e+000 -1.216513e+001  1.928718e+001
    endloop
  endfacet
  facet normal  1.000000e+000  0.000000e+000  0.000000e+000
    outer loop
      vertex -7.800000e+000  0.000000e+000  1.550000e+001
      vertex -7.800000e+000 -1.057447e+001  2.012202e+001
      vertex -7.800000e+000 -1.031832e+001  1.998758e+001
    endloop
  endfacet
  facet normal  1.000000e+000  0.000000e+000  0.000000e+000
    outer loop
      vertex -7.800000e+000  0.000000e+000  1.550000e+001
      vertex -7.800000e+000 -1.031832e+001  1.998758e+001
      vertex -7.800000e+000 -1.010179e+001  1.979575e+001
    endloop
  endfacet
  facet normal  1.000000e+000  0.000000e+000  0.000000e+000
    outer loop
      vertex -7.800000e+000  0.000000e+000  1.550000e+001
      vertex -7.800000e+000 -1.010179e+001  1.979575e+001
      vertex -7.800000e+000 -9.937452e+000  1.955767e+001
    endloop
  endfacet
  facet normal  9.999999e-001  0.000000e+000  0.000000e+000
    outer loop
      vertex -7.800000e+000  0.000000e+000  1.550000e+001
      vertex -7.800000e+000 -9.937452e+000  1.955767e+001
      vertex -7.800000e+000 -9.834869e+000  1.928718e+001
    endloop
  endfacet
  facet normal  1.000000e+000  0.000000e+000  0.000000e+000
    outer loop
      vertex -7.800000e+000  0.000000e+000  1.550000e+001
      vertex -7.800000e+000 -9.834869e+000  1.928718e+001
      vertex -7.800000e+000 -9.800000e+000  1.900000e+001
    endloop
  endfacet
  facet normal  1.000000e+000  0.000000e+000  0.000000e+000
    outer loop
      vertex -7.800000e+000  0.000000e+000  1.550000e+001
      vertex -7.800000e+000 -9.800000e+000  1.900000e+001
      vertex -7.800000e+000 -9.834869e+000  1.871282e+001
    endloop
  endfacet
  facet normal  1.000000e+000  0.000000e+000  0.000000e+000
    outer loop
      vertex -7.800000e+000  0.000000e+000  1.550000e+001
      vertex -7.800000e+000 -9.834869e+000  1.871282e+001
      vertex -7.800000e+000 -9.937452e+000  1.844233e+001
    endloop
  endfacet
  facet normal  1.000000e+000  0.000000e+000  0.000000e+000
    outer loop
      vertex -7.800000e+000  0.000000e+000  1.550000e+001
      vertex -7.800000e+000 -9.937452e+000  1.844233e+001
      vertex -7.800000e+000 -1.010179e+001  1.820425e+001
    endloop
  endfacet
  facet normal  9.999999e-001  0.000000e+000  0.000000e+000
    outer loop
      vertex -7.800000e+000  0.000000e+000  1.550000e+001
      vertex -7.800000e+000 -1.010179e+001  1.820425e+001
      vertex -7.800000e+000 -1.031832e+001  1.801242e+001
    endloop
  endfacet
  facet normal  1.000000e+000  0.000000e+000  0.000000e+000
    outer loop
      vertex -7.800000e+000  0.000000e+000  1.550000e+001
      vertex -7.800000e+000 -1.031832e+001  1.801242e+001
      vertex -7.800000e+000 -1.057447e+001  1.787798e+001
    endloop
  endfacet
  facet normal  1.000000e+000  0.000000e+000  0.000000e+000
    outer loop
      vertex -7.800000e+000  0.000000e+000  1.550000e+001
      vertex -7.800000e+000 -1.057447e+001  1.787798e+001
      vertex -7.800000e+000 -1.085536e+001  1.780875e+001
    endloop
  endfacet
  facet normal  1.000000e+000  0.000000e+000  0.000000e+000
    outer loop
      vertex -7.800000e+000  0.000000e+000  1.550000e+001
      vertex -7.800000e+000 -1.085536e+001  1.780875e+001
      vertex -7.800000e+000 -8.000000e+000  1.550000e+001
    endloop
  endfacet
  facet normal  1.000000e+000  0.000000e+000  0.000000e+000
    outer loop
      vertex -7.800000e+000  3.000000e+000  1.447500e+001
      vertex -7.800000e+000  3.000000e+000  2.253931e+001
      vertex -7.800000e+000  0.000000e+000  1.447500e+001
    endloop
  endfacet
  facet normal  9.999999e-001  0.000000e+000  0.000000e+000
    outer loop
      vertex -7.800000e+000  0.000000e+000  1.447500e+001
      vertex -7.800000e+000  3.000000e+000  2.253931e+001
      vertex -7.800000e+000  0.000000e+000  1.550000e+001
    endloop
  endfacet
  facet normal  1.000000e+000  -0.000000e+000  0.000000e+000
    outer loop
      vertex -7.800000e+000  0.000000e+000 -1.550000e+001
      vertex -7.800000e+000 -8.000000e+000 -1.550000e+001
      vertex -7.800000e+000 -1.085536e+001 -1.780875e+001
    endloop
  endfacet
  facet normal  1.000000e+000  -0.000000e+000  0.000000e+000
    outer loop
      vertex -7.800000e+000  0.000000e+000 -1.550000e+001
      vertex -7.800000e+000 -1.085536e+001 -1.780875e+001
      vertex -7.800000e+000 -1.057447e+001 -1.787798e+001
    endloop
  endfacet
  facet normal  9.999999e-001  -0.000000e+000  0.000000e+000
    outer loop
      vertex -7.800000e+000  0.000000e+000 -1.550000e+001
      vertex -7.800000e+000 -1.057447e+001 -1.787798e+001
      vertex -7.800000e+000  3.000000e+000 -2.253931e+001
    endloop
  endfacet
  facet normal  1.000000e+000  0.000000e+000  -0.000000e+000
    outer loop
      vertex -7.800000e+000  0.000000e+000 -1.550000e+001
      vertex -7.800000e+000  3.000000e+000 -2.253931e+001
      vertex -7.800000e+000  3.000000e+000 -1.447500e+001
    endloop
  endfacet
  facet normal  9.999999e-001  0.000000e+000  0.000000e+000
    outer loop
      vertex -7.800000e+000  0.000000e+000 -1.550000e+001
      vertex -7.800000e+000  3.000000e+000 -1.447500e+001
      vertex -7.800000e+000  0.000000e+000 -1.447500e+001
    endloop
  endfacet
  facet normal  1.000000e+000  0.000000e+000  0.000000e+000
    outer loop
      vertex -7.800000e+000 -1.390253e+001 -2.253931e+001
      vertex -7.800000e+000  3.000000e+000 -2.253931e+001
      vertex -7.800000e+000 -1.085536e+001 -2.019125e+001
    endloop
  endfacet
  facet normal  1.000000e+000  0.000000e+000  0.000000e+000
    outer loop
      vertex -7.800000e+000 -1.390253e+001 -2.253931e+001
      vertex -7.800000e+000 -1.085536e+001 -2.019125e+001
      vertex -7.800000e+000 -1.114464e+001 -2.019125e+001
    endloop
  endfacet
  facet normal  9.999999e-001  0.000000e+000  0.000000e+000
    outer loop
      vertex -7.800000e+000 -1.390253e+001 -2.253931e+001
      vertex -7.800000e+000 -1.114464e+001 -2.019125e+001
      vertex -7.800000e+000 -1.142553e+001 -2.012202e+001
    endloop
  endfacet
  facet normal  1.000000e+000  0.000000e+000  0.000000e+000
    outer loop
      vertex -7.800000e+000 -1.390253e+001 -2.253931e+001
      vertex -7.800000e+000 -1.142553e+001 -2.012202e+001
      vertex -7.800000e+000 -1.168168e+001 -1.998758e+001
    endloop
  endfacet
  facet normal  1.000000e+000  0.000000e+000  0.000000e+000
    outer loop
      vertex -7.800000e+000 -1.390253e+001 -2.253931e+001
      vertex -7.800000e+000 -1.168168e+001 -1.998758e+001
      vertex -7.800000e+000 -1.189821e+001 -1.979575e+001
    endloop
  endfacet
  facet normal  1.000000e+000  0.000000e+000  0.000000e+000
    outer loop
      vertex -7.800000e+000 -1.390253e+001 -2.253931e+001
      vertex -7.800000e+000 -1.189821e+001 -1.979575e+001
      vertex -7.800000e+000 -1.206255e+001 -1.955767e+001
    endloop
  endfacet
  facet normal  1.000000e+000  0.000000e+000  0.000000e+000
    outer loop
      vertex -7.800000e+000 -1.390253e+001 -2.253931e+001
      vertex -7.800000e+000 -1.206255e+001 -1.955767e+001
      vertex -7.800000e+000 -1.216513e+001 -1.928718e+001
    endloop
  endfacet
  facet normal  1.000000e+000  0.000000e+000  0.000000e+000
    outer loop
      vertex -7.800000e+000 -1.390253e+001 -2.253931e+001
      vertex -7.800000e+000 -1.216513e+001 -1.928718e+001
      vertex -7.800000e+000 -1.220000e+001 -1.900000e+001
    endloop
  endfacet
  facet normal  1.000000e+000  0.000000e+000  -0.000000e+000
    outer loop
      vertex -7.800000e+000 -1.390253e+001 -2.253931e+001
      vertex -7.800000e+000 -1.220000e+001 -1.900000e+001
      vertex -7.800000e+000 -1.216513e+001 -1.871282e+001
    endloop
  endfacet
  facet normal  1.000000e+000  0.000000e+000  -0.000000e+000
    outer loop
      vertex -7.800000e+000 -1.390253e+001 -2.253931e+001
      vertex -7.800000e+000 -1.216513e+001 -1.871282e+001
      vertex -7.800000e+000 -1.206255e+001 -1.844233e+001
    endloop
  endfacet
  facet normal  1.000000e+000  0.000000e+000  0.000000e+000
    outer loop
      vertex -7.800000e+000 -1.390253e+001 -1.500000e+001
      vertex -7.800000e+000 -1.390253e+001 -2.253931e+001
      vertex -7.800000e+000 -1.206255e+001 -1.844233e+001
    endloop
  endfacet
  facet normal  1.000000e+000  0.000000e+000  -0.000000e+000
    outer loop
      vertex -7.800000e+000 -1.390253e+001 -1.500000e+001
      vertex -7.800000e+000 -1.206255e+001 -1.844233e+001
      vertex -7.800000e+000 -1.189821e+001 -1.820425e+001
    endloop
  endfacet
  facet normal  1.000000e+000  0.000000e+000  -0.000000e+000
    outer loop
      vertex -7.800000e+000 -1.390253e+001 -1.500000e+001
      vertex -7.800000e+000 -1.189821e+001 -1.820425e+001
      vertex -7.800000e+000 -1.168168e+001 -1.801242e+001
    endloop
  endfacet
  facet normal  1.000000e+000  0.000000e+000  -0.000000e+000
    outer loop
      vertex -7.800000e+000 -1.390253e+001 -1.500000e+001
      vertex -7.800000e+000 -1.168168e+001 -1.801242e+001
      vertex -7.800000e+000 -1.142553e+001 -1.787798e+001
    endloop
  endfacet
  facet normal  1.000000e+000  0.000000e+000  -0.000000e+000
    outer loop
      vertex -7.800000e+000 -1.390253e+001 -1.500000e+001
      vertex -7.800000e+000 -1.142553e+001 -1.787798e+001
      vertex -7.800000e+000 -1.114464e+001 -1.780875e+001
    endloop
  endfacet
  facet normal  1.000000e+000  0.000000e+000  -0.000000e+000
    outer loop
      vertex -7.800000e+000 -1.390253e+001 -1.500000e+001
      vertex -7.800000e+000 -1.114464e+001 -1.780875e+001
      vertex -7.800000e+000 -1.085536e+001 -1.780875e+001
    endloop
  endfacet
  facet normal  1.000000e+000  0.000000e+000  -0.000000e+000
    outer loop
      vertex -7.800000e+000 -1.390253e+001 -1.500000e+001
      vertex -7.800000e+000 -1.085536e+001 -1.780875e+001
      vertex -7.800000e+000 -8.000000e+000 -1.550000e+001
    endloop
  endfacet
  facet normal  1.000000e+000  0.000000e+000  -0.000000e+000
    outer loop
      vertex -7.800000e+000 -1.390253e+001 -1.500000e+001
      vertex -7.800000e+000 -8.000000e+000 -1.550000e+001
      vertex -7.800000e+000 -8.000000e+000 -1.500000e+001
    endloop
  endfacet
  facet normal  1.000000e+000  0.000000e+000  0.000000e+000
    outer loop
      vertex -7.800000e+000  3.000000e+000 -2.253931e+001
      vertex -7.800000e+000 -1.057447e+001 -1.787798e+001
      vertex -7.800000e+000 -1.031832e+001 -1.801242e+001
    endloop
  endfacet
  facet normal  1.000000e+000  0.000000e+000  0.000000e+000
    outer loop
      vertex -7.800000e+000  3.000000e+000 -2.253931e+001
      vertex -7.800000e+000 -1.031832e+001 -1.801242e+001
      vertex -7.800000e+000 -1.010179e+001 -1.820425e+001
    endloop
  endfacet
  facet normal  1.000000e+000  0.000000e+000  0.000000e+000
    outer loop
      vertex -7.800000e+000  3.000000e+000 -2.253931e+001
      vertex -7.800000e+000 -1.010179e+001 -1.820425e+001
      vertex -7.800000e+000 -9.937452e+000 -1.844233e+001
    endloop
  endfacet
  facet normal  1.000000e+000  0.000000e+000  0.000000e+000
    outer loop
      vertex -7.800000e+000  3.000000e+000 -2.253931e+001
      vertex -7.800000e+000 -9.937452e+000 -1.844233e+001
      vertex -7.800000e+000 -9.834869e+000 -1.871282e+001
    endloop
  endfacet
  facet normal  1.000000e+000  0.000000e+000  0.000000e+000
    outer loop
      vertex -7.800000e+000  3.000000e+000 -2.253931e+001
      vertex -7.800000e+000 -9.834869e+000 -1.871282e+001
      vertex -7.800000e+000 -9.800000e+000 -1.900000e+001
    endloop
  endfacet
  facet normal  1.000000e+000  0.000000e+000  0.000000e+000
    outer loop
      vertex -7.800000e+000  3.000000e+000 -2.253931e+001
      vertex -7.800000e+000 -9.800000e+000 -1.900000e+001
      vertex -7.800000e+000 -9.834869e+000 -1.928718e+001
    endloop
  endfacet
  facet normal  1.000000e+000  0.000000e+000  0.000000e+000
    outer loop
      vertex -7.800000e+000  3.000000e+000 -2.253931e+001
      vertex -7.800000e+000 -9.834869e+000 -1.928718e+001
      vertex -7.800000e+000 -9.937452e+000 -1.955767e+001
    endloop
  endfacet
  facet normal  1.000000e+000  0.000000e+000  0.000000e+000
    outer loop
      vertex -7.800000e+000  3.000000e+000 -2.253931e+001
      vertex -7.800000e+000 -9.937452e+000 -1.955767e+001
      vertex -7.800000e+000 -1.010179e+001 -1.979575e+001
    endloop
  endfacet
  facet normal  1.000000e+000  0.000000e+000  0.000000e+000
    outer loop
      vertex -7.800000e+000  3.000000e+000 -2.253931e+001
      vertex -7.800000e+000 -1.010179e+001 -1.979575e+001
      vertex -7.800000e+000 -1.031832e+001 -1.998758e+001
    endloop
  endfacet
  facet normal  9.999999e-001  0.000000e+000  0.000000e+000
    outer loop
      vertex -7.800000e+000  3.000000e+000 -2.253931e+001
      vertex -7.800000e+000 -1.031832e+001 -1.998758e+001
      vertex -7.800000e+000 -1.057447e+001 -2.012202e+001
    endloop
  endfacet
  facet normal  1.000000e+000  0.000000e+000  0.000000e+000
    outer loop
      vertex -7.800000e+000  3.000000e+000 -2.253931e+001
      vertex -7.800000e+000 -1.057447e+001 -2.012202e+001
      vertex -7.800000e+000 -1.085536e+001 -2.019125e+001
    endloop
  endfacet
  facet normal  0.000000e+000  1.000000e+000  0.000000e+000
    outer loop
      vertex -1.380000e+001 -8.000000e+000 -1.550000e+001
      vertex -1.380000e+001 -8.000000e+000 -1.500000e+001
      vertex -7.800000e+000 -8.000000e+000 -1.550000e+001
    endloop
  endfacet
  facet normal  0.000000e+000  1.000000e+000  -0.000000e+000
    outer loop
      vertex -7.800000e+000 -8.000000e+000 -1.550000e+001
      vertex -1.380000e+001 -8.000000e+000 -1.500000e+001
      vertex -7.800000e+000 -8.000000e+000 -1.500000e+001
    endloop
  endfacet
  facet normal -1.000000e+000  0.000000e+000  0.000000e+000
    outer loop
      vertex -1.380000e+001 -8.000000e+000 -2.253931e+001
      vertex -1.380000e+001 -1.390253e+001 -2.253931e+001
      vertex -1.380000e+001 -1.114464e+001 -2.019125e+001
    endloop
  endfacet
  facet normal -1.000000e+000  0.000000e+000  0.000000e+000
    outer loop
      vertex -1.380000e+001 -8.000000e+000 -2.253931e+001
      vertex -1.380000e+001 -1.114464e+001 -2.019125e+001
      vertex -1.380000e+001 -1.085536e+001 -2.019125e+001
    endloop
  endfacet
  facet normal -1.000000e+000  0.000000e+000  0.000000e+000
    outer loop
      vertex -1.380000e+001 -8.000000e+000 -2.253931e+001
      vertex -1.380000e+001 -1.085536e+001 -2.019125e+001
      vertex -1.380000e+001 -1.057447e+001 -2.012202e+001
    endloop
  endfacet
  facet normal -1.000000e+000  0.000000e+000  0.000000e+000
    outer loop
      vertex -1.380000e+001 -8.000000e+000 -2.253931e+001
      vertex -1.380000e+001 -1.057447e+001 -2.012202e+001
      vertex -1.380000e+001 -1.031832e+001 -1.998758e+001
    endloop
  endfacet
  facet normal -1.000000e+000  0.000000e+000  0.000000e+000
    outer loop
      vertex -1.380000e+001 -8.000000e+000 -2.253931e+001
      vertex -1.380000e+001 -1.031832e+001 -1.998758e+001
      vertex -1.380000e+001 -1.010179e+001 -1.979575e+001
    endloop
  endfacet
  facet normal -1.000000e+000  0.000000e+000  0.000000e+000
    outer loop
      vertex -1.380000e+001 -8.000000e+000 -2.253931e+001
      vertex -1.380000e+001 -1.010179e+001 -1.979575e+001
      vertex -1.380000e+001 -9.937452e+000 -1.955767e+001
    endloop
  endfacet
  facet normal -1.000000e+000  0.000000e+000  0.000000e+000
    outer loop
      vertex -1.380000e+001 -8.000000e+000 -2.253931e+001
      vertex -1.380000e+001 -9.937452e+000 -1.955767e+001
      vertex -1.380000e+001 -9.834869e+000 -1.928718e+001
    endloop
  endfacet
  facet normal -1.000000e+000  0.000000e+000  0.000000e+000
    outer loop
      vertex -1.380000e+001 -8.000000e+000 -2.253931e+001
      vertex -1.380000e+001 -9.834869e+000 -1.928718e+001
      vertex -1.380000e+001 -9.800000e+000 -1.900000e+001
    endloop
  endfacet
  facet normal -1.000000e+000  0.000000e+000  0.000000e+000
    outer loop
      vertex -1.380000e+001 -8.000000e+000 -2.253931e+001
      vertex -1.380000e+001 -9.800000e+000 -1.900000e+001
      vertex -1.380000e+001 -9.834869e+000 -1.871282e+001
    endloop
  endfacet
  facet normal -1.000000e+000  0.000000e+000  0.000000e+000
    outer loop
      vertex -1.380000e+001 -8.000000e+000 -2.253931e+001
      vertex -1.380000e+001 -9.834869e+000 -1.871282e+001
      vertex -1.380000e+001 -9.937452e+000 -1.844233e+001
    endloop
  endfacet
  facet normal -9.999999e-001  0.000000e+000  0.000000e+000
    outer loop
      vertex -1.380000e+001 -8.000000e+000 -1.550000e+001
      vertex -1.380000e+001 -8.000000e+000 -2.253931e+001
      vertex -1.380000e+001 -9.937452e+000 -1.844233e+001
    endloop
  endfacet
  facet normal -1.000000e+000  0.000000e+000  0.000000e+000
    outer loop
      vertex -1.380000e+001 -8.000000e+000 -1.550000e+001
      vertex -1.380000e+001 -9.937452e+000 -1.844233e+001
      vertex -1.380000e+001 -1.010179e+001 -1.820425e+001
    endloop
  endfacet
  facet normal -9.999999e-001  0.000000e+000  0.000000e+000
    outer loop
      vertex -1.380000e+001 -8.000000e+000 -1.550000e+001
      vertex -1.380000e+001 -1.010179e+001 -1.820425e+001
      vertex -1.380000e+001 -1.031832e+001 -1.801242e+001
    endloop
  endfacet
  facet normal -1.000000e+000  0.000000e+000  0.000000e+000
    outer loop
      vertex -1.380000e+001 -8.000000e+000 -1.550000e+001
      vertex -1.380000e+001 -1.031832e+001 -1.801242e+001
      vertex -1.380000e+001 -1.057447e+001 -1.787798e+001
    endloop
  endfacet
  facet normal -1.000000e+000  0.000000e+000  0.000000e+000
    outer loop
      vertex -1.380000e+001 -8.000000e+000 -1.550000e+001
      vertex -1.380000e+001 -1.057447e+001 -1.787798e+001
      vertex -1.380000e+001 -1.085536e+001 -1.780875e+001
    endloop
  endfacet
  facet normal -1.000000e+000  0.000000e+000  0.000000e+000
    outer loop
      vertex -1.380000e+001 -8.000000e+000 -1.550000e+001
      vertex -1.380000e+001 -1.085536e+001 -1.780875e+001
      vertex -1.380000e+001 -8.000000e+000 -1.500000e+001
    endloop
  endfacet
  facet normal -1.000000e+000  0.000000e+000  0.000000e+000
    outer loop
      vertex -1.380000e+001 -1.390253e+001 -2.253931e+001
      vertex -1.380000e+001 -1.206255e+001 -1.844233e+001
      vertex -1.380000e+001 -1.216513e+001 -1.871282e+001
    endloop
  endfacet
  facet normal -1.000000e+000  0.000000e+000  0.000000e+000
    outer loop
      vertex -1.380000e+001 -1.390253e+001 -2.253931e+001
      vertex -1.380000e+001 -1.216513e+001 -1.871282e+001
      vertex -1.380000e+001 -1.220000e+001 -1.900000e+001
    endloop
  endfacet
  facet normal -1.000000e+000  0.000000e+000  -0.000000e+000
    outer loop
      vertex -1.380000e+001 -1.390253e+001 -2.253931e+001
      vertex -1.380000e+001 -1.220000e+001 -1.900000e+001
      vertex -1.380000e+001 -1.216513e+001 -1.928718e+001
    endloop
  endfacet
  facet normal -1.000000e+000  0.000000e+000  -0.000000e+000
    outer loop
      vertex -1.380000e+001 -1.390253e+001 -2.253931e+001
      vertex -1.380000e+001 -1.216513e+001 -1.928718e+001
      vertex -1.380000e+001 -1.206255e+001 -1.955767e+001
    endloop
  endfacet
  facet normal -1.000000e+000  0.000000e+000  -0.000000e+000
    outer loop
      vertex -1.380000e+001 -1.390253e+001 -2.253931e+001
      vertex -1.380000e+001 -1.206255e+001 -1.955767e+001
      vertex -1.380000e+001 -1.189821e+001 -1.979575e+001
    endloop
  endfacet
  facet normal -1.000000e+000  0.000000e+000  -0.000000e+000
    outer loop
      vertex -1.380000e+001 -1.390253e+001 -2.253931e+001
      vertex -1.380000e+001 -1.189821e+001 -1.979575e+001
      vertex -1.380000e+001 -1.168168e+001 -1.998758e+001
    endloop
  endfacet
  facet normal -1.000000e+000  0.000000e+000  -0.000000e+000
    outer loop
      vertex -1.380000e+001 -1.390253e+001 -2.253931e+001
      vertex -1.380000e+001 -1.168168e+001 -1.998758e+001
      vertex -1.380000e+001 -1.142553e+001 -2.012202e+001
    endloop
  endfacet
  facet normal -9.999999e-001  0.000000e+000  -0.000000e+000
    outer loop
      vertex -1.380000e+001 -1.390253e+001 -2.253931e+001
      vertex -1.380000e+001 -1.142553e+001 -2.012202e+001
      vertex -1.380000e+001 -1.114464e+001 -2.019125e+001
    endloop
  endfacet
  facet normal -1.000000e+000  -0.000000e+000  0.000000e+000
    outer loop
      vertex -1.380000e+001 -1.390253e+001 -1.500000e+001
      vertex -1.380000e+001 -8.000000e+000 -1.500000e+001
      vertex -1.380000e+001 -1.085536e+001 -1.780875e+001
    endloop
  endfacet
  facet normal -1.000000e+000  0.000000e+000  0.000000e+000
    outer loop
      vertex -1.380000e+001 -1.390253e+001 -1.500000e+001
      vertex -1.380000e+001 -1.085536e+001 -1.780875e+001
      vertex -1.380000e+001 -1.114464e+001 -1.780875e+001
    endloop
  endfacet
  facet normal -1.000000e+000  -0.000000e+000  0.000000e+000
    outer loop
      vertex -1.380000e+001 -1.390253e+001 -1.500000e+001
      vertex -1.380000e+001 -1.114464e+001 -1.780875e+001
      vertex -1.380000e+001 -1.142553e+001 -1.787798e+001
    endloop
  endfacet
  facet normal -1.000000e+000  -0.000000e+000  0.000000e+000
    outer loop
      vertex -1.380000e+001 -1.390253e+001 -1.500000e+001
      vertex -1.380000e+001 -1.142553e+001 -1.787798e+001
      vertex -1.380000e+001 -1.168168e+001 -1.801242e+001
    endloop
  endfacet
  facet normal -1.000000e+000  -0.000000e+000  0.000000e+000
    outer loop
      vertex -1.380000e+001 -1.390253e+001 -1.500000e+001
      vertex -1.380000e+001 -1.168168e+001 -1.801242e+001
      vertex -1.380000e+001 -1.189821e+001 -1.820425e+001
    endloop
  endfacet
  facet normal -1.000000e+000  -0.000000e+000  0.000000e+000
    outer loop
      vertex -1.380000e+001 -1.390253e+001 -1.500000e+001
      vertex -1.380000e+001 -1.189821e+001 -1.820425e+001
      vertex -1.380000e+001 -1.206255e+001 -1.844233e+001
    endloop
  endfacet
  facet normal -1.000000e+000  -0.000000e+000  0.000000e+000
    outer loop
      vertex -1.380000e+001 -1.390253e+001 -1.500000e+001
      vertex -1.380000e+001 -1.206255e+001 -1.844233e+001
      vertex -1.380000e+001 -1.390253e+001 -2.253931e+001
    endloop
  endfacet
  facet normal -1.000000e+000  0.000000e+000  0.000000e+000
    outer loop
      vertex -1.380000e+001 -8.000000e+000  1.550000e+001
      vertex -1.380000e+001 -8.000000e+000  1.500000e+001
      vertex -1.380000e+001 -1.085536e+001  1.780875e+001
    endloop
  endfacet
  facet normal -1.000000e+000  0.000000e+000  0.000000e+000
    outer loop
      vertex -1.380000e+001 -8.000000e+000  1.550000e+001
      vertex -1.380000e+001 -1.085536e+001  1.780875e+001
      vertex -1.380000e+001 -1.057447e+001  1.787798e+001
    endloop
  endfacet
  facet normal -1.000000e+000  0.000000e+000  0.000000e+000
    outer loop
      vertex -1.380000e+001 -8.000000e+000  1.550000e+001
      vertex -1.380000e+001 -1.057447e+001  1.787798e+001
      vertex -1.380000e+001 -1.031832e+001  1.801242e+001
    endloop
  endfacet
  facet normal -9.999999e-001  0.000000e+000  0.000000e+000
    outer loop
      vertex -1.380000e+001 -8.000000e+000  1.550000e+001
      vertex -1.380000e+001 -1.031832e+001  1.801242e+001
      vertex -1.380000e+001 -1.010179e+001  1.820425e+001
    endloop
  endfacet
  facet normal -1.000000e+000  0.000000e+000  0.000000e+000
    outer loop
      vertex -1.380000e+001 -8.000000e+000  1.550000e+001
      vertex -1.380000e+001 -1.010179e+001  1.820425e+001
      vertex -1.380000e+001 -9.937452e+000  1.844233e+001
    endloop
  endfacet
  facet normal -1.000000e+000  0.000000e+000  0.000000e+000
    outer loop
      vertex -1.380000e+001 -8.000000e+000  1.550000e+001
      vertex -1.380000e+001 -9.937452e+000  1.844233e+001
      vertex -1.380000e+001 -9.834869e+000  1.871282e+001
    endloop
  endfacet
  facet normal -1.000000e+000  0.000000e+000  0.000000e+000
    outer loop
      vertex -1.380000e+001 -8.000000e+000  1.550000e+001
      vertex -1.380000e+001 -9.834869e+000  1.871282e+001
      vertex -1.380000e+001 -9.800000e+000  1.900000e+001
    endloop
  endfacet
  facet normal -1.000000e+000  0.000000e+000  0.000000e+000
    outer loop
      vertex -1.380000e+001 -8.000000e+000  1.550000e+001
      vertex -1.380000e+001 -9.800000e+000  1.900000e+001
      vertex -1.380000e+001 -9.834869e+000  1.928718e+001
    endloop
  endfacet
  facet normal -1.000000e+000  0.000000e+000  0.000000e+000
    outer loop
      vertex -1.380000e+001 -8.000000e+000  1.550000e+001
      vertex -1.380000e+001 -9.834869e+000  1.928718e+001
      vertex -1.380000e+001 -9.937452e+000  1.955767e+001
    endloop
  endfacet
  facet normal -9.999999e-001  0.000000e+000  0.000000e+000
    outer loop
      vertex -1.380000e+001 -8.000000e+000  2.253931e+001
      vertex -1.380000e+001 -8.000000e+000  1.550000e+001
      vertex -1.380000e+001 -9.937452e+000  1.955767e+001
    endloop
  endfacet
  facet normal -1.000000e+000  0.000000e+000  0.000000e+000
    outer loop
      vertex -1.380000e+001 -8.000000e+000  2.253931e+001
      vertex -1.380000e+001 -9.937452e+000  1.955767e+001
      vertex -1.380000e+001 -1.010179e+001  1.979575e+001
    endloop
  endfacet
  facet normal -1.000000e+000  0.000000e+000  0.000000e+000
    outer loop
      vertex -1.380000e+001 -8.000000e+000  2.253931e+001
      vertex -1.380000e+001 -1.010179e+001  1.979575e+001
      vertex -1.380000e+001 -1.031832e+001  1.998758e+001
    endloop
  endfacet
  facet normal -1.000000e+000  0.000000e+000  0.000000e+000
    outer loop
      vertex -1.380000e+001 -8.000000e+000  2.253931e+001
      vertex -1.380000e+001 -1.031832e+001  1.998758e+001
      vertex -1.380000e+001 -1.057447e+001  2.012202e+001
    endloop
  endfacet
  facet normal -1.000000e+000  0.000000e+000  0.000000e+000
    outer loop
      vertex -1.380000e+001 -8.000000e+000  2.253931e+001
      vertex -1.380000e+001 -1.057447e+001  2.012202e+001
      vertex -1.380000e+001 -1.085536e+001  2.019125e+001
    endloop
  endfacet
  facet normal -1.000000e+000  0.000000e+000  0.000000e+000
    outer loop
      vertex -1.380000e+001 -8.000000e+000  2.253931e+001
      vertex -1.380000e+001 -1.085536e+001  2.019125e+001
      vertex -1.380000e+001 -1.114464e+001  2.019125e+001
    endloop
  endfacet
  facet normal -1.000000e+000  0.000000e+000  0.000000e+000
    outer loop
      vertex -1.380000e+001 -8.000000e+000  2.253931e+001
      vertex -1.380000e+001 -1.114464e+001  2.019125e+001
      vertex -1.380000e+001 -1.390253e+001  2.253931e+001
    endloop
  endfacet
  facet normal -1.000000e+000  0.000000e+000  0.000000e+000
    outer loop
      vertex -1.380000e+001 -1.390253e+001  1.500000e+001
      vertex -1.380000e+001 -1.216513e+001  1.928718e+001
      vertex -1.380000e+001 -1.220000e+001  1.900000e+001
    endloop
  endfacet
  facet normal -1.000000e+000  0.000000e+000  -0.000000e+000
    outer loop
      vertex -1.380000e+001 -1.390253e+001  1.500000e+001
      vertex -1.380000e+001 -1.220000e+001  1.900000e+001
      vertex -1.380000e+001 -1.216513e+001  1.871282e+001
    endloop
  endfacet
  facet normal -9.999999e-001  0.000000e+000  -0.000000e+000
    outer loop
      vertex -1.380000e+001 -1.390253e+001  1.500000e+001
      vertex -1.380000e+001 -1.216513e+001  1.871282e+001
      vertex -1.380000e+001 -1.206255e+001  1.844233e+001
    endloop
  endfacet
  facet normal -1.000000e+000  0.000000e+000  -0.000000e+000
    outer loop
      vertex -1.380000e+001 -1.390253e+001  1.500000e+001
      vertex -1.380000e+001 -1.206255e+001  1.844233e+001
      vertex -1.380000e+001 -1.189821e+001  1.820425e+001
    endloop
  endfacet
  facet normal -1.000000e+000  0.000000e+000  -0.000000e+000
    outer loop
      vertex -1.380000e+001 -1.390253e+001  1.500000e+001
      vertex -1.380000e+001 -1.189821e+001  1.820425e+001
      vertex -1.380000e+001 -1.168168e+001  1.801242e+001
    endloop
  endfacet
  facet normal -1.000000e+000  0.000000e+000  -0.000000e+000
    outer loop
      vertex -1.380000e+001 -1.390253e+001  1.500000e+001
      vertex -1.380000e+001 -1.168168e+001  1.801242e+001
      vertex -1.380000e+001 -1.142553e+001  1.787798e+001
    endloop
  endfacet
  facet normal -1.000000e+000  0.000000e+000  -0.000000e+000
    outer loop
      vertex -1.380000e+001 -1.390253e+001  1.500000e+001
      vertex -1.380000e+001 -1.142553e+001  1.787798e+001
      vertex -1.380000e+001 -1.114464e+001  1.780875e+001
    endloop
  endfacet
  facet normal -1.000000e+000  0.000000e+000  -0.000000e+000
    outer loop
      vertex -1.380000e+001 -1.390253e+001  1.500000e+001
      vertex -1.380000e+001 -1.114464e+001  1.780875e+001
      vertex -1.380000e+001 -1.085536e+001  1.780875e+001
    endloop
  endfacet
  facet normal -1.000000e+000  0.000000e+000  -0.000000e+000
    outer loop
      vertex -1.380000e+001 -1.390253e+001  1.500000e+001
      vertex -1.380000e+001 -1.085536e+001  1.780875e+001
      vertex -1.380000e+001 -8.000000e+000  1.500000e+001
    endloop
  endfacet
  facet normal -9.999999e-001  -0.000000e+000  0.000000e+000
    outer loop
      vertex -1.380000e+001 -1.390253e+001  2.253931e+001
      vertex -1.380000e+001 -1.114464e+001  2.019125e+001
      vertex -1.380000e+001 -1.142553e+001  2.012202e+001
    endloop
  endfacet
  facet normal -1.000000e+000  -0.000000e+000  0.000000e+000
    outer loop
      vertex -1.380000e+001 -1.390253e+001  2.253931e+001
      vertex -1.380000e+001 -1.142553e+001  2.012202e+001
      vertex -1.380000e+001 -1.168168e+001  1.998758e+001
    endloop
  endfacet
  facet normal -1.000000e+000  -0.000000e+000  0.000000e+000
    outer loop
      vertex -1.380000e+001 -1.390253e+001  2.253931e+001
      vertex -1.380000e+001 -1.168168e+001  1.998758e+001
      vertex -1.380000e+001 -1.189821e+001  1.979575e+001
    endloop
  endfacet
  facet normal -1.000000e+000  -0.000000e+000  0.000000e+000
    outer loop
      vertex -1.380000e+001 -1.390253e+001  2.253931e+001
      vertex -1.380000e+001 -1.189821e+001  1.979575e+001
      vertex -1.380000e+001 -1.206255e+001  1.955767e+001
    endloop
  endfacet
  facet normal -1.000000e+000  -0.000000e+000  0.000000e+000
    outer loop
      vertex -1.380000e+001 -1.390253e+001  2.253931e+001
      vertex -1.380000e+001 -1.206255e+001  1.955767e+001
      vertex -1.380000e+001 -1.216513e+001  1.928718e+001
    endloop
  endfacet
  facet normal -1.000000e+000  -0.000000e+000  0.000000e+000
    outer loop
      vertex -1.380000e+001 -1.390253e+001  2.253931e+001
      vertex -1.380000e+001 -1.216513e+001  1.928718e+001
      vertex -1.380000e+001 -1.390253e+001  1.500000e+001
    endloop
  endfacet
  facet normal  0.000000e+000  1.000000e+000  0.000000e+000
    outer loop
      vertex -1.380000e+001 -8.000000e+000  1.500000e+001
      vertex -1.380000e+001 -8.000000e+000  1.550000e+001
      vertex -7.800000e+000 -8.000000e+000  1.500000e+001
    endloop
  endfacet
  facet normal  0.000000e+000  1.000000e+000  -0.000000e+000
    outer loop
      vertex -7.800000e+000 -8.000000e+000  1.500000e+001
      vertex -1.380000e+001 -8.000000e+000  1.550000e+001
      vertex -7.800000e+000 -8.000000e+000  1.550000e+001
    endloop
  endfacet
  facet normal  0.000000e+000  0.000000e+000 -9.999999e-001
    outer loop
      vertex -7.800000e+000  0.000000e+000  1.550000e+001
      vertex -7.800000e+000 -8.000000e+000  1.550000e+001
      vertex -3.550000e+001  0.000000e+000  1.550000e+001
    endloop
  endfacet
  facet normal  0.000000e+000  0.000000e+000 -1.000000e+000
    outer loop
      vertex -3.550000e+001  0.000000e+000  1.550000e+001
      vertex -7.800000e+000 -8.000000e+000  1.550000e+001
      vertex -1.380000e+001 -8.000000e+000  1.550000e+001
    endloop
  endfacet
  facet normal  0.000000e+000  0.000000e+000 -1.000000e+000
    outer loop
      vertex -3.550000e+001  0.000000e+000  1.550000e+001
      vertex -1.380000e+001 -8.000000e+000  1.550000e+001
      vertex -3.550000e+001 -8.000000e+000  1.550000e+001
    endloop
  endfacet
  facet normal  0.000000e+000  0.000000e+000  9.999999e-001
    outer loop
      vertex -3.550000e+001  0.000000e+000 -1.550000e+001
      vertex -3.550000e+001 -8.000000e+000 -1.550000e+001
      vertex -7.800000e+000  0.000000e+000 -1.550000e+001
    endloop
  endfacet
  facet normal  0.000000e+000  0.000000e+000  1.000000e+000
    outer loop
      vertex -7.800000e+000  0.000000e+000 -1.550000e+001
      vertex -3.550000e+001 -8.000000e+000 -1.550000e+001
      vertex -1.380000e+001 -8.000000e+000 -1.550000e+001
    endloop
  endfacet
  facet normal  0.000000e+000  0.000000e+000  1.000000e+000
    outer loop
      vertex -7.800000e+000  0.000000e+000 -1.550000e+001
      vertex -1.380000e+001 -8.000000e+000 -1.550000e+001
      vertex -7.800000e+000 -8.000000e+000 -1.550000e+001
    endloop
  endfacet
  facet normal  0.000000e+000 -2.393152e-001 -9.709419e-001
    outer loop
      vertex -7.800000e+000 -1.085536e+001 -1.780875e+001
      vertex -1.380000e+001 -1.057447e+001 -1.787798e+001
      vertex -7.800000e+000 -1.057447e+001 -1.787798e+001
    endloop
  endfacet
  facet normal  -0.000000e+000 -4.647192e-001 -8.854581e-001
    outer loop
      vertex -7.800000e+000 -1.057447e+001 -1.787798e+001
      vertex -1.380000e+001 -1.057447e+001 -1.787798e+001
      vertex -1.380000e+001 -1.031832e+001 -1.801242e+001
    endloop
  endfacet
  facet normal  0.000000e+000 -4.647192e-001 -8.854581e-001
    outer loop
      vertex -7.800000e+000 -1.057447e+001 -1.787798e+001
      vertex -1.380000e+001 -1.031832e+001 -1.801242e+001
      vertex -7.800000e+000 -1.031832e+001 -1.801242e+001
    endloop
  endfacet
  facet normal  -0.000000e+000 -6.631238e-001 -7.485098e-001
    outer loop
      vertex -7.800000e+000 -1.031832e+001 -1.801242e+001
      vertex -1.380000e+001 -1.031832e+001 -1.801242e+001
      vertex -1.380000e+001 -1.010179e+001 -1.820425e+001
    endloop
  endfacet
  facet normal  0.000000e+000 -6.631238e-001 -7.485098e-001
    outer loop
      vertex -7.800000e+000 -1.031832e+001 -1.801242e+001
      vertex -1.380000e+001 -1.010179e+001 -1.820425e+001
      vertex -7.800000e+000 -1.010179e+001 -1.820425e+001
    endloop
  endfacet
  facet normal  -0.000000e+000 -8.229821e-001 -5.680674e-001
    outer loop
      vertex -7.800000e+000 -1.010179e+001 -1.820425e+001
      vertex -1.380000e+001 -1.010179e+001 -1.820425e+001
      vertex -1.380000e+001 -9.937452e+000 -1.844233e+001
    endloop
  endfacet
  facet normal  0.000000e+000 -8.229821e-001 -5.680674e-001
    outer loop
      vertex -7.800000e+000 -1.010179e+001 -1.820425e+001
      vertex -1.380000e+001 -9.937452e+000 -1.844233e+001
      vertex -7.800000e+000 -9.937452e+000 -1.844233e+001
    endloop
  endfacet
  facet normal  -0.000000e+000 -9.350169e-001 -3.546029e-001
    outer loop
      vertex -7.800000e+000 -9.937452e+000 -1.844233e+001
      vertex -1.380000e+001 -9.937452e+000 -1.844233e+001
      vertex -1.380000e+001 -9.834869e+000 -1.871282e+001
    endloop
  endfacet
  facet normal  0.000000e+000 -9.350169e-001 -3.546029e-001
    outer loop
      vertex -7.800000e+000 -9.937452e+000 -1.844233e+001
      vertex -1.380000e+001 -9.834869e+000 -1.871282e+001
      vertex -7.800000e+000 -9.834869e+000 -1.871282e+001
    endloop
  endfacet
  facet normal  -0.000000e+000 -9.927091e-001 -1.205349e-001
    outer loop
      vertex -7.800000e+000 -9.834869e+000 -1.871282e+001
      vertex -1.380000e+001 -9.834869e+000 -1.871282e+001
      vertex -1.380000e+001 -9.800000e+000 -1.900000e+001
    endloop
  endfacet
  facet normal  0.000000e+000 -9.927091e-001 -1.205349e-001
    outer loop
      vertex -7.800000e+000 -9.834869e+000 -1.871282e+001
      vertex -1.380000e+001 -9.800000e+000 -1.900000e+001
      vertex -7.800000e+000 -9.800000e+000 -1.900000e+001
    endloop
  endfacet
  facet normal  -0.000000e+000 -2.393152e-001 -9.709419e-001
    outer loop
      vertex -1.380000e+001 -1.057447e+001 -1.787798e+001
      vertex -7.800000e+000 -1.085536e+001 -1.780875e+001
      vertex -1.380000e+001 -1.085536e+001 -1.780875e+001
    endloop
  endfacet
  facet normal  0.000000e+000  0.000000e+000 -1.000000e+000
    outer loop
      vertex -1.380000e+001 -1.085536e+001 -1.780875e+001
      vertex -7.800000e+000 -1.085536e+001 -1.780875e+001
      vertex -7.800000e+000 -1.114464e+001 -1.780875e+001
    endloop
  endfacet
  facet normal  0.000000e+000  0.000000e+000 -1.000000e+000
    outer loop
      vertex -1.380000e+001 -1.085536e+001 -1.780875e+001
      vertex -7.800000e+000 -1.114464e+001 -1.780875e+001
      vertex -1.380000e+001 -1.114464e+001 -1.780875e+001
    endloop
  endfacet
  facet normal  0.000000e+000  2.393152e-001 -9.709419e-001
    outer loop
      vertex -1.380000e+001 -1.114464e+001 -1.780875e+001
      vertex -7.800000e+000 -1.114464e+001 -1.780875e+001
      vertex -7.800000e+000 -1.142553e+001 -1.787798e+001
    endloop
  endfacet
  facet normal  0.000000e+000  2.393152e-001 -9.709419e-001
    outer loop
      vertex -1.380000e+001 -1.114464e+001 -1.780875e+001
      vertex -7.800000e+000 -1.142553e+001 -1.787798e+001
      vertex -1.380000e+001 -1.142553e+001 -1.787798e+001
    endloop
  endfacet
  facet normal  0.000000e+000  4.647192e-001 -8.854581e-001
    outer loop
      vertex -1.380000e+001 -1.142553e+001 -1.787798e+001
      vertex -7.800000e+000 -1.142553e+001 -1.787798e+001
      vertex -7.800000e+000 -1.168168e+001 -1.801242e+001
    endloop
  endfacet
  facet normal  0.000000e+000  4.647192e-001 -8.854581e-001
    outer loop
      vertex -1.380000e+001 -1.142553e+001 -1.787798e+001
      vertex -7.800000e+000 -1.168168e+001 -1.801242e+001
      vertex -1.380000e+001 -1.168168e+001 -1.801242e+001
    endloop
  endfacet
  facet normal  0.000000e+000  6.631238e-001 -7.485098e-001
    outer loop
      vertex -1.380000e+001 -1.168168e+001 -1.801242e+001
      vertex -7.800000e+000 -1.168168e+001 -1.801242e+001
      vertex -7.800000e+000 -1.189821e+001 -1.820425e+001
    endloop
  endfacet
  facet normal  0.000000e+000  6.631238e-001 -7.485098e-001
    outer loop
      vertex -1.380000e+001 -1.168168e+001 -1.801242e+001
      vertex -7.800000e+000 -1.189821e+001 -1.820425e+001
      vertex -1.380000e+001 -1.189821e+001 -1.820425e+001
    endloop
  endfacet
  facet normal  0.000000e+000  8.229821e-001 -5.680674e-001
    outer loop
      vertex -1.380000e+001 -1.189821e+001 -1.820425e+001
      vertex -7.800000e+000 -1.189821e+001 -1.820425e+001
      vertex -7.800000e+000 -1.206255e+001 -1.844233e+001
    endloop
  endfacet
  facet normal  0.000000e+000  8.229821e-001 -5.680674e-001
    outer loop
      vertex -1.380000e+001 -1.189821e+001 -1.820425e+001
      vertex -7.800000e+000 -1.206255e+001 -1.844233e+001
      vertex -1.380000e+001 -1.206255e+001 -1.844233e+001
    endloop
  endfacet
  facet normal  0.000000e+000  9.350169e-001 -3.546029e-001
    outer loop
      vertex -1.380000e+001 -1.206255e+001 -1.844233e+001
      vertex -7.800000e+000 -1.206255e+001 -1.844233e+001
      vertex -7.800000e+000 -1.216513e+001 -1.871282e+001
    endloop
  endfacet
  facet normal  0.000000e+000  9.350169e-001 -3.546029e-001
    outer loop
      vertex -1.380000e+001 -1.206255e+001 -1.844233e+001
      vertex -7.800000e+000 -1.216513e+001 -1.871282e+001
      vertex -1.380000e+001 -1.216513e+001 -1.871282e+001
    endloop
  endfacet
  facet normal  0.000000e+000  9.927091e-001 -1.205349e-001
    outer loop
      vertex -1.380000e+001 -1.216513e+001 -1.871282e+001
      vertex -7.800000e+000 -1.216513e+001 -1.871282e+001
      vertex -7.800000e+000 -1.220000e+001 -1.900000e+001
    endloop
  endfacet
  facet normal  0.000000e+000  9.927091e-001 -1.205349e-001
    outer loop
      vertex -1.380000e+001 -1.216513e+001 -1.871282e+001
      vertex -7.800000e+000 -1.220000e+001 -1.900000e+001
      vertex -1.380000e+001 -1.220000e+001 -1.900000e+001
    endloop
  endfacet
  facet normal  -0.000000e+000  2.393152e-001  9.709419e-001
    outer loop
      vertex -7.800000e+000 -1.114464e+001 -2.019125e+001
      vertex -1.380000e+001 -1.142553e+001 -2.012202e+001
      vertex -7.800000e+000 -1.142553e+001 -2.012202e+001
    endloop
  endfacet
  facet normal  0.000000e+000  4.647192e-001  8.854581e-001
    outer loop
      vertex -7.800000e+000 -1.142553e+001 -2.012202e+001
      vertex -1.380000e+001 -1.142553e+001 -2.012202e+001
      vertex -1.380000e+001 -1.168168e+001 -1.998758e+001
    endloop
  endfacet
  facet normal  -0.000000e+000  4.647192e-001  8.854581e-001
    outer loop
      vertex -7.800000e+000 -1.142553e+001 -2.012202e+001
      vertex -1.380000e+001 -1.168168e+001 -1.998758e+001
      vertex -7.800000e+000 -1.168168e+001 -1.998758e+001
    endloop
  endfacet
  facet normal  0.000000e+000  6.631238e-001  7.485098e-001
    outer loop
      vertex -7.800000e+000 -1.168168e+001 -1.998758e+001
      vertex -1.380000e+001 -1.168168e+001 -1.998758e+001
      vertex -1.380000e+001 -1.189821e+001 -1.979575e+001
    endloop
  endfacet
  facet normal  -0.000000e+000  6.631238e-001  7.485098e-001
    outer loop
      vertex -7.800000e+000 -1.168168e+001 -1.998758e+001
      vertex -1.380000e+001 -1.189821e+001 -1.979575e+001
      vertex -7.800000e+000 -1.189821e+001 -1.979575e+001
    endloop
  endfacet
  facet normal  0.000000e+000  8.229821e-001  5.680674e-001
    outer loop
      vertex -7.800000e+000 -1.189821e+001 -1.979575e+001
      vertex -1.380000e+001 -1.189821e+001 -1.979575e+001
      vertex -1.380000e+001 -1.206255e+001 -1.955767e+001
    endloop
  endfacet
  facet normal  -0.000000e+000  8.229821e-001  5.680674e-001
    outer loop
      vertex -7.800000e+000 -1.189821e+001 -1.979575e+001
      vertex -1.380000e+001 -1.206255e+001 -1.955767e+001
      vertex -7.800000e+000 -1.206255e+001 -1.955767e+001
    endloop
  endfacet
  facet normal  0.000000e+000  9.350169e-001  3.546029e-001
    outer loop
      vertex -7.800000e+000 -1.206255e+001 -1.955767e+001
      vertex -1.380000e+001 -1.206255e+001 -1.955767e+001
      vertex -1.380000e+001 -1.216513e+001 -1.928718e+001
    endloop
  endfacet
  facet normal  -0.000000e+000  9.350169e-001  3.546029e-001
    outer loop
      vertex -7.800000e+000 -1.206255e+001 -1.955767e+001
      vertex -1.380000e+001 -1.216513e+001 -1.928718e+001
      vertex -7.800000e+000 -1.216513e+001 -1.928718e+001
    endloop
  endfacet
  facet normal  0.000000e+000  9.927091e-001  1.205349e-001
    outer loop
      vertex -7.800000e+000 -1.216513e+001 -1.928718e+001
      vertex -1.380000e+001 -1.216513e+001 -1.928718e+001
      vertex -1.380000e+001 -1.220000e+001 -1.900000e+001
    endloop
  endfacet
  facet normal  -0.000000e+000  9.927091e-001  1.205349e-001
    outer loop
      vertex -7.800000e+000 -1.216513e+001 -1.928718e+001
      vertex -1.380000e+001 -1.220000e+001 -1.900000e+001
      vertex -7.800000e+000 -1.220000e+001 -1.900000e+001
    endloop
  endfacet
  facet normal  0.000000e+000  2.393152e-001  9.709419e-001
    outer loop
      vertex -1.380000e+001 -1.142553e+001 -2.012202e+001
      vertex -7.800000e+000 -1.114464e+001 -2.019125e+001
      vertex -1.380000e+001 -1.114464e+001 -2.019125e+001
    endloop
  endfacet
  facet normal  0.000000e+000  0.000000e+000  1.000000e+000
    outer loop
      vertex -1.380000e+001 -1.114464e+001 -2.019125e+001
      vertex -7.800000e+000 -1.114464e+001 -2.019125e+001
      vertex -7.800000e+000 -1.085536e+001 -2.019125e+001
    endloop
  endfacet
  facet normal  0.000000e+000  0.000000e+000  1.000000e+000
    outer loop
      vertex -1.380000e+001 -1.114464e+001 -2.019125e+001
      vertex -7.800000e+000 -1.085536e+001 -2.019125e+001
      vertex -1.380000e+001 -1.085536e+001 -2.019125e+001
    endloop
  endfacet
  facet normal  0.000000e+000 -2.393152e-001  9.709419e-001
    outer loop
      vertex -1.380000e+001 -1.085536e+001 -2.019125e+001
      vertex -7.800000e+000 -1.085536e+001 -2.019125e+001
      vertex -7.800000e+000 -1.057447e+001 -2.012202e+001
    endloop
  endfacet
  facet normal  0.000000e+000 -2.393152e-001  9.709419e-001
    outer loop
      vertex -1.380000e+001 -1.085536e+001 -2.019125e+001
      vertex -7.800000e+000 -1.057447e+001 -2.012202e+001
      vertex -1.380000e+001 -1.057447e+001 -2.012202e+001
    endloop
  endfacet
  facet normal  0.000000e+000 -4.647192e-001  8.854581e-001
    outer loop
      vertex -1.380000e+001 -1.057447e+001 -2.012202e+001
      vertex -7.800000e+000 -1.057447e+001 -2.012202e+001
      vertex -7.800000e+000 -1.031832e+001 -1.998758e+001
    endloop
  endfacet
  facet normal  0.000000e+000 -4.647192e-001  8.854581e-001
    outer loop
      vertex -1.380000e+001 -1.057447e+001 -2.012202e+001
      vertex -7.800000e+000 -1.031832e+001 -1.998758e+001
      vertex -1.380000e+001 -1.031832e+001 -1.998758e+001
    endloop
  endfacet
  facet normal  0.000000e+000 -6.631238e-001  7.485098e-001
    outer loop
      vertex -1.380000e+001 -1.031832e+001 -1.998758e+001
      vertex -7.800000e+000 -1.031832e+001 -1.998758e+001
      vertex -7.800000e+000 -1.010179e+001 -1.979575e+001
    endloop
  endfacet
  facet normal  0.000000e+000 -6.631238e-001  7.485098e-001
    outer loop
      vertex -1.380000e+001 -1.031832e+001 -1.998758e+001
      vertex -7.800000e+000 -1.010179e+001 -1.979575e+001
      vertex -1.380000e+001 -1.010179e+001 -1.979575e+001
    endloop
  endfacet
  facet normal  0.000000e+000 -8.229821e-001  5.680674e-001
    outer loop
      vertex -1.380000e+001 -1.010179e+001 -1.979575e+001
      vertex -7.800000e+000 -1.010179e+001 -1.979575e+001
      vertex -7.800000e+000 -9.937452e+000 -1.955767e+001
    endloop
  endfacet
  facet normal  0.000000e+000 -8.229821e-001  5.680674e-001
    outer loop
      vertex -1.380000e+001 -1.010179e+001 -1.979575e+001
      vertex -7.800000e+000 -9.937452e+000 -1.955767e+001
      vertex -1.380000e+001 -9.937452e+000 -1.955767e+001
    endloop
  endfacet
  facet normal  0.000000e+000 -9.350169e-001  3.546029e-001
    outer loop
      vertex -1.380000e+001 -9.937452e+000 -1.955767e+001
      vertex -7.800000e+000 -9.937452e+000 -1.955767e+001
      vertex -7.800000e+000 -9.834869e+000 -1.928718e+001
    endloop
  endfacet
  facet normal  0.000000e+000 -9.350169e-001  3.546029e-001
    outer loop
      vertex -1.380000e+001 -9.937452e+000 -1.955767e+001
      vertex -7.800000e+000 -9.834869e+000 -1.928718e+001
      vertex -1.380000e+001 -9.834869e+000 -1.928718e+001
    endloop
  endfacet
  facet normal  0.000000e+000 -9.927091e-001  1.205349e-001
    outer loop
      vertex -1.380000e+001 -9.834869e+000 -1.928718e+001
      vertex -7.800000e+000 -9.834869e+000 -1.928718e+001
      vertex -7.800000e+000 -9.800000e+000 -1.900000e+001
    endloop
  endfacet
  facet normal  0.000000e+000 -9.927091e-001  1.205349e-001
    outer loop
      vertex -1.380000e+001 -9.834869e+000 -1.928718e+001
      vertex -7.800000e+000 -9.800000e+000 -1.900000e+001
      vertex -1.380000e+001 -9.800000e+000 -1.900000e+001
    endloop
  endfacet
  facet normal  0.000000e+000  0.000000e+000  1.000000e+000
    outer loop
      vertex -1.380000e+001 -8.000000e+000 -1.500000e+001
      vertex -1.380000e+001 -1.390253e+001 -1.500000e+001
      vertex -7.800000e+000 -8.000000e+000 -1.500000e+001
    endloop
  endfacet
  facet normal  0.000000e+000  0.000000e+000  1.000000e+000
    outer loop
      vertex -7.800000e+000 -8.000000e+000 -1.500000e+001
      vertex -1.380000e+001 -1.390253e+001 -1.500000e+001
      vertex -7.800000e+000 -1.390253e+001 -1.500000e+001
    endloop
  endfacet
  facet normal  0.000000e+000 -2.393152e-001 -9.709419e-001
    outer loop
      vertex -7.800000e+000 -1.085536e+001  2.019125e+001
      vertex -1.380000e+001 -1.057447e+001  2.012202e+001
      vertex -7.800000e+000 -1.057447e+001  2.012202e+001
    endloop
  endfacet
  facet normal  -0.000000e+000 -4.647192e-001 -8.854581e-001
    outer loop
      vertex -7.800000e+000 -1.057447e+001  2.012202e+001
      vertex -1.380000e+001 -1.057447e+001  2.012202e+001
      vertex -1.380000e+001 -1.031832e+001  1.998758e+001
    endloop
  endfacet
  facet normal  0.000000e+000 -4.647192e-001 -8.854581e-001
    outer loop
      vertex -7.800000e+000 -1.057447e+001  2.012202e+001
      vertex -1.380000e+001 -1.031832e+001  1.998758e+001
      vertex -7.800000e+000 -1.031832e+001  1.998758e+001
    endloop
  endfacet
  facet normal  -0.000000e+000 -6.631238e-001 -7.485098e-001
    outer loop
      vertex -7.800000e+000 -1.031832e+001  1.998758e+001
      vertex -1.380000e+001 -1.031832e+001  1.998758e+001
      vertex -1.380000e+001 -1.010179e+001  1.979575e+001
    endloop
  endfacet
  facet normal  0.000000e+000 -6.631238e-001 -7.485098e-001
    outer loop
      vertex -7.800000e+000 -1.031832e+001  1.998758e+001
      vertex -1.380000e+001 -1.010179e+001  1.979575e+001
      vertex -7.800000e+000 -1.010179e+001  1.979575e+001
    endloop
  endfacet
  facet normal  -0.000000e+000 -8.229821e-001 -5.680674e-001
    outer loop
      vertex -7.800000e+000 -1.010179e+001  1.979575e+001
      vertex -1.380000e+001 -1.010179e+001  1.979575e+001
      vertex -1.380000e+001 -9.937452e+000  1.955767e+001
    endloop
  endfacet
  facet normal  0.000000e+000 -8.229821e-001 -5.680674e-001
    outer loop
      vertex -7.800000e+000 -1.010179e+001  1.979575e+001
      vertex -1.380000e+001 -9.937452e+000  1.955767e+001
      vertex -7.800000e+000 -9.937452e+000  1.955767e+001
    endloop
  endfacet
  facet normal  -0.000000e+000 -9.350169e-001 -3.546029e-001
    outer loop
      vertex -7.800000e+000 -9.937452e+000  1.955767e+001
      vertex -1.380000e+001 -9.937452e+000  1.955767e+001
      vertex -1.380000e+001 -9.834869e+000  1.928718e+001
    endloop
  endfacet
  facet normal  0.000000e+000 -9.350169e-001 -3.546029e-001
    outer loop
      vertex -7.800000e+000 -9.937452e+000  1.955767e+001
      vertex -1.380000e+001 -9.834869e+000  1.928718e+001
      vertex -7.800000e+000 -9.834869e+000  1.928718e+001
    endloop
  endfacet
  facet normal  -0.000000e+000 -9.927091e-001 -1.205349e-001
    outer loop
      vertex -7.800000e+000 -9.834869e+000  1.928718e+001
      vertex -1.380000e+001 -9.834869e+000  1.928718e+001
      vertex -1.380000e+001 -9.800000e+000  1.900000e+001
    endloop
  endfacet
  facet normal  0.000000e+000 -9.927091e-001 -1.205349e-001
    outer loop
      vertex -7.800000e+000 -9.834869e+000  1.928718e+001
      vertex -1.380000e+001 -9.800000e+000  1.900000e+001
      vertex -7.800000e+000 -9.800000e+000  1.900000e+001
    endloop
  endfacet
  facet normal  -0.000000e+000 -2.393152e-001 -9.709419e-001
    outer loop
      vertex -1.380000e+001 -1.057447e+001  2.012202e+001
      vertex -7.800000e+000 -1.085536e+001  2.019125e+001
      vertex -1.380000e+001 -1.085536e+001  2.019125e+001
    endloop
  endfacet
  facet normal  0.000000e+000  0.000000e+000 -1.000000e+000
    outer loop
      vertex -1.380000e+001 -1.085536e+001  2.019125e+001
      vertex -7.800000e+000 -1.085536e+001  2.019125e+001
      vertex -7.800000e+000 -1.114464e+001  2.019125e+001
    endloop
  endfacet
  facet normal  0.000000e+000  0.000000e+000 -1.000000e+000
    outer loop
      vertex -1.380000e+001 -1.085536e+001  2.019125e+001
      vertex -7.800000e+000 -1.114464e+001  2.019125e+001
      vertex -1.380000e+001 -1.114464e+001  2.019125e+001
    endloop
  endfacet
  facet normal  0.000000e+000  2.393152e-001 -9.709419e-001
    outer loop
      vertex -1.380000e+001 -1.114464e+001  2.019125e+001
      vertex -7.800000e+000 -1.114464e+001  2.019125e+001
      vertex -7.800000e+000 -1.142553e+001  2.012202e+001
    endloop
  endfacet
  facet normal  0.000000e+000  2.393152e-001 -9.709419e-001
    outer loop
      vertex -1.380000e+001 -1.114464e+001  2.019125e+001
      vertex -7.800000e+000 -1.142553e+001  2.012202e+001
      vertex -1.380000e+001 -1.142553e+001  2.012202e+001
    endloop
  endfacet
  facet normal  0.000000e+000  4.647192e-001 -8.854581e-001
    outer loop
      vertex -1.380000e+001 -1.142553e+001  2.012202e+001
      vertex -7.800000e+000 -1.142553e+001  2.012202e+001
      vertex -7.800000e+000 -1.168168e+001  1.998758e+001
    endloop
  endfacet
  facet normal  0.000000e+000  4.647192e-001 -8.854581e-001
    outer loop
      vertex -1.380000e+001 -1.142553e+001  2.012202e+001
      vertex -7.800000e+000 -1.168168e+001  1.998758e+001
      vertex -1.380000e+001 -1.168168e+001  1.998758e+001
    endloop
  endfacet
  facet normal  0.000000e+000  6.631238e-001 -7.485098e-001
    outer loop
      vertex -1.380000e+001 -1.168168e+001  1.998758e+001
      vertex -7.800000e+000 -1.168168e+001  1.998758e+001
      vertex -7.800000e+000 -1.189821e+001  1.979575e+001
    endloop
  endfacet
  facet normal  0.000000e+000  6.631238e-001 -7.485098e-001
    outer loop
      vertex -1.380000e+001 -1.168168e+001  1.998758e+001
      vertex -7.800000e+000 -1.189821e+001  1.979575e+001
      vertex -1.380000e+001 -1.189821e+001  1.979575e+001
    endloop
  endfacet
  facet normal  0.000000e+000  8.229821e-001 -5.680674e-001
    outer loop
      vertex -1.380000e+001 -1.189821e+001  1.979575e+001
      vertex -7.800000e+000 -1.189821e+001  1.979575e+001
      vertex -7.800000e+000 -1.206255e+001  1.955767e+001
    endloop
  endfacet
  facet normal  0.000000e+000  8.229821e-001 -5.680674e-001
    outer loop
      vertex -1.380000e+001 -1.189821e+001  1.979575e+001
      vertex -7.800000e+000 -1.206255e+001  1.955767e+001
      vertex -1.380000e+001 -1.206255e+001  1.955767e+001
    endloop
  endfacet
  facet normal  0.000000e+000  9.350169e-001 -3.546029e-001
    outer loop
      vertex -1.380000e+001 -1.206255e+001  1.955767e+001
      vertex -7.800000e+000 -1.206255e+001  1.955767e+001
      vertex -7.800000e+000 -1.216513e+001  1.928718e+001
    endloop
  endfacet
  facet normal  0.000000e+000  9.350169e-001 -3.546029e-001
    outer loop
      vertex -1.380000e+001 -1.206255e+001  1.955767e+001
      vertex -7.800000e+000 -1.216513e+001  1.928718e+001
      vertex -1.380000e+001 -1.216513e+001  1.928718e+001
    endloop
  endfacet
  facet normal  0.000000e+000  9.927091e-001 -1.205349e-001
    outer loop
      vertex -1.380000e+001 -1.216513e+001  1.928718e+001
      vertex -7.800000e+000 -1.216513e+001  1.928718e+001
      vertex -7.800000e+000 -1.220000e+001  1.900000e+001
    endloop
  endfacet
  facet normal  0.000000e+000  9.927091e-001 -1.205349e-001
    outer loop
      vertex -1.380000e+001 -1.216513e+001  1.928718e+001
      vertex -7.800000e+000 -1.220000e+001  1.900000e+001
      vertex -1.380000e+001 -1.220000e+001  1.900000e+001
    endloop
  endfacet
  facet normal  -0.000000e+000  2.393152e-001  9.709419e-001
    outer loop
      vertex -7.800000e+000 -1.114464e+001  1.780875e+001
      vertex -1.380000e+001 -1.142553e+001  1.787798e+001
      vertex -7.800000e+000 -1.142553e+001  1.787798e+001
    endloop
  endfacet
  facet normal  0.000000e+000  4.647192e-001  8.854581e-001
    outer loop
      vertex -7.800000e+000 -1.142553e+001  1.787798e+001
      vertex -1.380000e+001 -1.142553e+001  1.787798e+001
      vertex -1.380000e+001 -1.168168e+001  1.801242e+001
    endloop
  endfacet
  facet normal  -0.000000e+000  4.647192e-001  8.854581e-001
    outer loop
      vertex -7.800000e+000 -1.142553e+001  1.787798e+001
      vertex -1.380000e+001 -1.168168e+001  1.801242e+001
      vertex -7.800000e+000 -1.168168e+001  1.801242e+001
    endloop
  endfacet
  facet normal  0.000000e+000  6.631238e-001  7.485098e-001
    outer loop
      vertex -7.800000e+000 -1.168168e+001  1.801242e+001
      vertex -1.380000e+001 -1.168168e+001  1.801242e+001
      vertex -1.380000e+001 -1.189821e+001  1.820425e+001
    endloop
  endfacet
  facet normal  -0.000000e+000  6.631238e-001  7.485098e-001
    outer loop
      vertex -7.800000e+000 -1.168168e+001  1.801242e+001
      vertex -1.380000e+001 -1.189821e+001  1.820425e+001
      vertex -7.800000e+000 -1.189821e+001  1.820425e+001
    endloop
  endfacet
  facet normal  0.000000e+000  8.229821e-001  5.680674e-001
    outer loop
      vertex -7.800000e+000 -1.189821e+001  1.820425e+001
      vertex -1.380000e+001 -1.189821e+001  1.820425e+001
      vertex -1.380000e+001 -1.206255e+001  1.844233e+001
    endloop
  endfacet
  facet normal  -0.000000e+000  8.229821e-001  5.680674e-001
    outer loop
      vertex -7.800000e+000 -1.189821e+001  1.820425e+001
      vertex -1.380000e+001 -1.206255e+001  1.844233e+001
      vertex -7.800000e+000 -1.206255e+001  1.844233e+001
    endloop
  endfacet
  facet normal  0.000000e+000  9.350169e-001  3.546029e-001
    outer loop
      vertex -7.800000e+000 -1.206255e+001  1.844233e+001
      vertex -1.380000e+001 -1.206255e+001  1.844233e+001
      vertex -1.380000e+001 -1.216513e+001  1.871282e+001
    endloop
  endfacet
  facet normal  -0.000000e+000  9.350169e-001  3.546029e-001
    outer loop
      vertex -7.800000e+000 -1.206255e+001  1.844233e+001
      vertex -1.380000e+001 -1.216513e+001  1.871282e+001
      vertex -7.800000e+000 -1.216513e+001  1.871282e+001
    endloop
  endfacet
  facet normal  0.000000e+000  9.927091e-001  1.205349e-001
    outer loop
      vertex -7.800000e+000 -1.216513e+001  1.871282e+001
      vertex -1.380000e+001 -1.216513e+001  1.871282e+001
      vertex -1.380000e+001 -1.220000e+001  1.900000e+001
    endloop
  endfacet
  facet normal  -0.000000e+000  9.927091e-001  1.205349e-001
    outer loop
      vertex -7.800000e+000 -1.216513e+001  1.871282e+001
      vertex -1.380000e+001 -1.220000e+001  1.900000e+001
      vertex -7.800000e+000 -1.220000e+001  1.900000e+001
    endloop
  endfacet
  facet normal  0.000000e+000  2.393152e-001  9.709419e-001
    outer loop
      vertex -1.380000e+001 -1.142553e+001  1.787798e+001
      vertex -7.800000e+000 -1.114464e+001  1.780875e+001
      vertex -1.380000e+001 -1.114464e+001  1.780875e+001
    endloop
  endfacet
  facet normal  0.000000e+000  0.000000e+000  1.000000e+000
    outer loop
      vertex -1.380000e+001 -1.114464e+001  1.780875e+001
      vertex -7.800000e+000 -1.114464e+001  1.780875e+001
      vertex -7.800000e+000 -1.085536e+001  1.780875e+001
    endloop
  endfacet
  facet normal  0.000000e+000  0.000000e+000  1.000000e+000
    outer loop
      vertex -1.380000e+001 -1.114464e+001  1.780875e+001
      vertex -7.800000e+000 -1.085536e+001  1.780875e+001
      vertex -1.380000e+001 -1.085536e+001  1.780875e+001
    endloop
  endfacet
  facet normal  0.000000e+000 -2.393152e-001  9.709419e-001
    outer loop
      vertex -1.380000e+001 -1.085536e+001  1.780875e+001
      vertex -7.800000e+000 -1.085536e+001  1.780875e+001
      vertex -7.800000e+000 -1.057447e+001  1.787798e+001
    endloop
  endfacet
  facet normal  0.000000e+000 -2.393152e-001  9.709419e-001
    outer loop
      vertex -1.380000e+001 -1.085536e+001  1.780875e+001
      vertex -7.800000e+000 -1.057447e+001  1.787798e+001
      vertex -1.380000e+001 -1.057447e+001  1.787798e+001
    endloop
  endfacet
  facet normal  0.000000e+000 -4.647192e-001  8.854581e-001
    outer loop
      vertex -1.380000e+001 -1.057447e+001  1.787798e+001
      vertex -7.800000e+000 -1.057447e+001  1.787798e+001
      vertex -7.800000e+000 -1.031832e+001  1.801242e+001
    endloop
  endfacet
  facet normal  0.000000e+000 -4.647192e-001  8.854581e-001
    outer loop
      vertex -1.380000e+001 -1.057447e+001  1.787798e+001
      vertex -7.800000e+000 -1.031832e+001  1.801242e+001
      vertex -1.380000e+001 -1.031832e+001  1.801242e+001
    endloop
  endfacet
  facet normal  0.000000e+000 -6.631238e-001  7.485098e-001
    outer loop
      vertex -1.380000e+001 -1.031832e+001  1.801242e+001
      vertex -7.800000e+000 -1.031832e+001  1.801242e+001
      vertex -7.800000e+000 -1.010179e+001  1.820425e+001
    endloop
  endfacet
  facet normal  0.000000e+000 -6.631238e-001  7.485098e-001
    outer loop
      vertex -1.380000e+001 -1.031832e+001  1.801242e+001
      vertex -7.800000e+000 -1.010179e+001  1.820425e+001
      vertex -1.380000e+001 -1.010179e+001  1.820425e+001
    endloop
  endfacet
  facet normal  0.000000e+000 -8.229821e-001  5.680674e-001
    outer loop
      vertex -1.380000e+001 -1.010179e+001  1.820425e+001
      vertex -7.800000e+000 -1.010179e+001  1.820425e+001
      vertex -7.800000e+000 -9.937452e+000  1.844233e+001
    endloop
  endfacet
  facet normal  0.000000e+000 -8.229821e-001  5.680674e-001
    outer loop
      vertex -1.380000e+001 -1.010179e+001  1.820425e+001
      vertex -7.800000e+000 -9.937452e+000  1.844233e+001
      vertex -1.380000e+001 -9.937452e+000  1.844233e+001
    endloop
  endfacet
  facet normal  0.000000e+000 -9.350169e-001  3.546029e-001
    outer loop
      vertex -1.380000e+001 -9.937452e+000  1.844233e+001
      vertex -7.800000e+000 -9.937452e+000  1.844233e+001
      vertex -7.800000e+000 -9.834869e+000  1.871282e+001
    endloop
  endfacet
  facet normal  0.000000e+000 -9.350169e-001  3.546029e-001
    outer loop
      vertex -1.380000e+001 -9.937452e+000  1.844233e+001
      vertex -7.800000e+000 -9.834869e+000  1.871282e+001
      vertex -1.380000e+001 -9.834869e+000  1.871282e+001
    endloop
  endfacet
  facet normal  0.000000e+000 -9.927091e-001  1.205349e-001
    outer loop
      vertex -1.380000e+001 -9.834869e+000  1.871282e+001
      vertex -7.800000e+000 -9.834869e+000  1.871282e+001
      vertex -7.800000e+000 -9.800000e+000  1.900000e+001
    endloop
  endfacet
  facet normal  0.000000e+000 -9.927091e-001  1.205349e-001
    outer loop
      vertex -1.380000e+001 -9.834869e+000  1.871282e+001
      vertex -7.800000e+000 -9.800000e+000  1.900000e+001
      vertex -1.380000e+001 -9.800000e+000  1.900000e+001
    endloop
  endfacet
  facet normal  -0.000000e+000  0.000000e+000 -1.000000e+000
    outer loop
      vertex -1.380000e+001 -8.000000e+000  1.500000e+001
      vertex -7.800000e+000 -8.000000e+000  1.500000e+001
      vertex -1.380000e+001 -1.390253e+001  1.500000e+001
    endloop
  endfacet
  facet normal  0.000000e+000  0.000000e+000 -1.000000e+000
    outer loop
      vertex -1.380000e+001 -1.390253e+001  1.500000e+001
      vertex -7.800000e+000 -8.000000e+000  1.500000e+001
      vertex -7.800000e+000 -1.390253e+001  1.500000e+001
    endloop
  endfacet
  facet normal  0.000000e+000 -9.999999e-001  -0.000000e+000
    outer loop
      vertex  1.380000e+001 -1.390253e+001 -2.253931e+001
      vertex  1.380000e+001 -1.390253e+001 -1.500000e+001
      vertex  7.800000e+000 -1.390253e+001 -2.253931e+001
    endloop
  endfacet
  facet normal  0.000000e+000 -9.999999e-001  0.000000e+000
    outer loop
      vertex  7.800000e+000 -1.390253e+001 -2.253931e+001
      vertex  1.380000e+001 -1.390253e+001 -1.500000e+001
      vertex  7.800000e+000 -1.390253e+001 -1.500000e+001
    endloop
  endfacet
  facet normal  0.000000e+000 -9.999999e-001  -0.000000e+000
    outer loop
      vertex  1.380000e+001 -1.390253e+001  1.500000e+001
      vertex  1.380000e+001 -1.390253e+001  2.253931e+001
      vertex  7.800000e+000 -1.390253e+001  1.500000e+001
    endloop
  endfacet
  facet normal  0.000000e+000 -9.999999e-001  0.000000e+000
    outer loop
      vertex  7.800000e+000 -1.390253e+001  1.500000e+001
      vertex  1.380000e+001 -1.390253e+001  2.253931e+001
      vertex  7.800000e+000 -1.390253e+001  2.253931e+001
    endloop
  endfacet
  facet normal -1.000000e+000  0.000000e+000  0.000000e+000
    outer loop
      vertex  7.800000e+000  0.000000e+000  1.550000e+001
      vertex  7.800000e+000 -8.000000e+000  1.550000e+001
      vertex  7.800000e+000 -1.085536e+001  1.780875e+001
    endloop
  endfacet
  facet normal -1.000000e+000  0.000000e+000  0.000000e+000
    outer loop
      vertex  7.800000e+000  0.000000e+000  1.550000e+001
      vertex  7.800000e+000 -1.085536e+001  1.780875e+001
      vertex  7.800000e+000 -1.057447e+001  1.787798e+001
    endloop
  endfacet
  facet normal -9.999999e-001  0.000000e+000  0.000000e+000
    outer loop
      vertex  7.800000e+000  0.000000e+000  1.550000e+001
      vertex  7.800000e+000 -1.057447e+001  1.787798e+001
      vertex  7.800000e+000  3.000000e+000  2.253931e+001
    endloop
  endfacet
  facet normal -1.000000e+000  0.000000e+000  -0.000000e+000
    outer loop
      vertex  7.800000e+000  0.000000e+000  1.550000e+001
      vertex  7.800000e+000  3.000000e+000  2.253931e+001
      vertex  7.800000e+000  3.000000e+000  1.447500e+001
    endloop
  endfacet
  facet normal -9.999999e-001  0.000000e+000  0.000000e+000
    outer loop
      vertex  7.800000e+000  0.000000e+000  1.550000e+001
      vertex  7.800000e+000  3.000000e+000  1.447500e+001
      vertex  7.800000e+000  0.000000e+000  1.447500e+001
    endloop
  endfacet
  facet normal -1.000000e+000  -0.000000e+000  0.000000e+000
    outer loop
      vertex  7.800000e+000 -1.390253e+001  2.253931e+001
      vertex  7.800000e+000  3.000000e+000  2.253931e+001
      vertex  7.800000e+000 -1.085536e+001  2.019125e+001
    endloop
  endfacet
  facet normal -1.000000e+000  0.000000e+000  0.000000e+000
    outer loop
      vertex  7.800000e+000 -1.390253e+001  2.253931e+001
      vertex  7.800000e+000 -1.085536e+001  2.019125e+001
      vertex  7.800000e+000 -1.114464e+001  2.019125e+001
    endloop
  endfacet
  facet normal -9.999999e-001  -0.000000e+000  0.000000e+000
    outer loop
      vertex  7.800000e+000 -1.390253e+001  2.253931e+001
      vertex  7.800000e+000 -1.114464e+001  2.019125e+001
      vertex  7.800000e+000 -1.142553e+001  2.012202e+001
    endloop
  endfacet
  facet normal -1.000000e+000  -0.000000e+000  0.000000e+000
    outer loop
      vertex  7.800000e+000 -1.390253e+001  2.253931e+001
      vertex  7.800000e+000 -1.142553e+001  2.012202e+001
      vertex  7.800000e+000 -1.168168e+001  1.998758e+001
    endloop
  endfacet
  facet normal -1.000000e+000  -0.000000e+000  0.000000e+000
    outer loop
      vertex  7.800000e+000 -1.390253e+001  2.253931e+001
      vertex  7.800000e+000 -1.168168e+001  1.998758e+001
      vertex  7.800000e+000 -1.189821e+001  1.979575e+001
    endloop
  endfacet
  facet normal -1.000000e+000  -0.000000e+000  0.000000e+000
    outer loop
      vertex  7.800000e+000 -1.390253e+001  2.253931e+001
      vertex  7.800000e+000 -1.189821e+001  1.979575e+001
      vertex  7.800000e+000 -1.206255e+001  1.955767e+001
    endloop
  endfacet
  facet normal -1.000000e+000  -0.000000e+000  0.000000e+000
    outer loop
      vertex  7.800000e+000 -1.390253e+001  2.253931e+001
      vertex  7.800000e+000 -1.206255e+001  1.955767e+001
      vertex  7.800000e+000 -1.216513e+001  1.928718e+001
    endloop
  endfacet
  facet normal -1.000000e+000  -0.000000e+000  0.000000e+000
    outer loop
      vertex  7.800000e+000 -1.390253e+001  2.253931e+001
      vertex  7.800000e+000 -1.216513e+001  1.928718e+001
      vertex  7.800000e+000 -1.220000e+001  1.900000e+001
    endloop
  endfacet
  facet normal -1.000000e+000  -0.000000e+000  -0.000000e+000
    outer loop
      vertex  7.800000e+000 -1.390253e+001  2.253931e+001
      vertex  7.800000e+000 -1.220000e+001  1.900000e+001
      vertex  7.800000e+000 -1.216513e+001  1.871282e+001
    endloop
  endfacet
  facet normal -1.000000e+000  -0.000000e+000  -0.000000e+000
    outer loop
      vertex  7.800000e+000 -1.390253e+001  2.253931e+001
      vertex  7.800000e+000 -1.216513e+001  1.871282e+001
      vertex  7.800000e+000 -1.206255e+001  1.844233e+001
    endloop
  endfacet
  facet normal -1.000000e+000  0.000000e+000  0.000000e+000
    outer loop
      vertex  7.800000e+000 -1.390253e+001  1.500000e+001
      vertex  7.800000e+000 -1.390253e+001  2.253931e+001
      vertex  7.800000e+000 -1.206255e+001  1.844233e+001
    endloop
  endfacet
  facet normal -1.000000e+000  0.000000e+000  -0.000000e+000
    outer loop
      vertex  7.800000e+000 -1.390253e+001  1.500000e+001
      vertex  7.800000e+000 -1.206255e+001  1.844233e+001
      vertex  7.800000e+000 -1.189821e+001  1.820425e+001
    endloop
  endfacet
  facet normal -1.000000e+000  0.000000e+000  -0.000000e+000
    outer loop
      vertex  7.800000e+000 -1.390253e+001  1.500000e+001
      vertex  7.800000e+000 -1.189821e+001  1.820425e+001
      vertex  7.800000e+000 -1.168168e+001  1.801242e+001
    endloop
  endfacet
  facet normal -1.000000e+000  0.000000e+000  -0.000000e+000
    outer loop
      vertex  7.800000e+000 -1.390253e+001  1.500000e+001
      vertex  7.800000e+000 -1.168168e+001  1.801242e+001
      vertex  7.800000e+000 -1.142553e+001  1.787798e+001
    endloop
  endfacet
  facet normal -1.000000e+000  0.000000e+000  -0.000000e+000
    outer loop
      vertex  7.800000e+000 -1.390253e+001  1.500000e+001
      vertex  7.800000e+000 -1.142553e+001  1.787798e+001
      vertex  7.800000e+000 -1.114464e+001  1.780875e+001
    endloop
  endfacet
  facet normal -1.000000e+000  0.000000e+000  -0.000000e+000
    outer loop
      vertex  7.800000e+000 -1.390253e+001  1.500000e+001
      vertex  7.800000e+000 -1.114464e+001  1.780875e+001
      vertex  7.800000e+000 -1.085536e+001  1.780875e+001
    endloop
  endfacet
  facet normal -1.000000e+000  0.000000e+000  -0.000000e+000
    outer loop
      vertex  7.800000e+000 -1.390253e+001  1.500000e+001
      vertex  7.800000e+000 -1.085536e+001  1.780875e+001
      vertex  7.800000e+000 -8.000000e+000  1.550000e+001
    endloop
  endfacet
  facet normal -1.000000e+000  0.000000e+000  -0.000000e+000
    outer loop
      vertex  7.800000e+000 -1.390253e+001  1.500000e+001
      vertex  7.800000e+000 -8.000000e+000  1.550000e+001
      vertex  7.800000e+000 -8.000000e+000  1.500000e+001
    endloop
  endfacet
  facet normal -1.000000e+000  0.000000e+000  0.000000e+000
    outer loop
      vertex  7.800000e+000  3.000000e+000  2.253931e+001
      vertex  7.800000e+000 -1.057447e+001  1.787798e+001
      vertex  7.800000e+000 -1.031832e+001  1.801242e+001
    endloop
  endfacet
  facet normal -1.000000e+000  0.000000e+000  0.000000e+000
    outer loop
      vertex  7.800000e+000  3.000000e+000  2.253931e+001
      vertex  7.800000e+000 -1.031832e+001  1.801242e+001
      vertex  7.800000e+000 -1.010179e+001  1.820425e+001
    endloop
  endfacet
  facet normal -1.000000e+000  0.000000e+000  0.000000e+000
    outer loop
      vertex  7.800000e+000  3.000000e+000  2.253931e+001
      vertex  7.800000e+000 -1.010179e+001  1.820425e+001
      vertex  7.800000e+000 -9.937452e+000  1.844233e+001
    endloop
  endfacet
  facet normal -1.000000e+000  0.000000e+000  0.000000e+000
    outer loop
      vertex  7.800000e+000  3.000000e+000  2.253931e+001
      vertex  7.800000e+000 -9.937452e+000  1.844233e+001
      vertex  7.800000e+000 -9.834869e+000  1.871282e+001
    endloop
  endfacet
  facet normal -1.000000e+000  0.000000e+000  0.000000e+000
    outer loop
      vertex  7.800000e+000  3.000000e+000  2.253931e+001
      vertex  7.800000e+000 -9.834869e+000  1.871282e+001
      vertex  7.800000e+000 -9.800000e+000  1.900000e+001
    endloop
  endfacet
  facet normal -1.000000e+000  0.000000e+000  0.000000e+000
    outer loop
      vertex  7.800000e+000  3.000000e+000  2.253931e+001
      vertex  7.800000e+000 -9.800000e+000  1.900000e+001
      vertex  7.800000e+000 -9.834869e+000  1.928718e+001
    endloop
  endfacet
  facet normal -1.000000e+000  0.000000e+000  0.000000e+000
    outer loop
      vertex  7.800000e+000  3.000000e+000  2.253931e+001
      vertex  7.800000e+000 -9.834869e+000  1.928718e+001
      vertex  7.800000e+000 -9.937452e+000  1.955767e+001
    endloop
  endfacet
  facet normal -1.000000e+000  0.000000e+000  0.000000e+000
    outer loop
      vertex  7.800000e+000  3.000000e+000  2.253931e+001
      vertex  7.800000e+000 -9.937452e+000  1.955767e+001
      vertex  7.800000e+000 -1.010179e+001  1.979575e+001
    endloop
  endfacet
  facet normal -1.000000e+000  0.000000e+000  0.000000e+000
    outer loop
      vertex  7.800000e+000  3.000000e+000  2.253931e+001
      vertex  7.800000e+000 -1.010179e+001  1.979575e+001
      vertex  7.800000e+000 -1.031832e+001  1.998758e+001
    endloop
  endfacet
  facet normal -9.999999e-001  0.000000e+000  0.000000e+000
    outer loop
      vertex  7.800000e+000  3.000000e+000  2.253931e+001
      vertex  7.800000e+000 -1.031832e+001  1.998758e+001
      vertex  7.800000e+000 -1.057447e+001  2.012202e+001
    endloop
  endfacet
  facet normal -1.000000e+000  0.000000e+000  0.000000e+000
    outer loop
      vertex  7.800000e+000  3.000000e+000  2.253931e+001
      vertex  7.800000e+000 -1.057447e+001  2.012202e+001
      vertex  7.800000e+000 -1.085536e+001  2.019125e+001
    endloop
  endfacet
  facet normal -1.000000e+000  0.000000e+000  0.000000e+000
    outer loop
      vertex  7.800000e+000 -1.390253e+001 -2.253931e+001
      vertex  7.800000e+000 -1.390253e+001 -1.500000e+001
      vertex  7.800000e+000 -1.216513e+001 -1.928718e+001
    endloop
  endfacet
  facet normal -1.000000e+000  0.000000e+000  -0.000000e+000
    outer loop
      vertex  7.800000e+000 -1.390253e+001 -2.253931e+001
      vertex  7.800000e+000 -1.216513e+001 -1.928718e+001
      vertex  7.800000e+000 -1.206255e+001 -1.955767e+001
    endloop
  endfacet
  facet normal -1.000000e+000  0.000000e+000  -0.000000e+000
    outer loop
      vertex  7.800000e+000 -1.390253e+001 -2.253931e+001
      vertex  7.800000e+000 -1.206255e+001 -1.955767e+001
      vertex  7.800000e+000 -1.189821e+001 -1.979575e+001
    endloop
  endfacet
  facet normal -1.000000e+000  0.000000e+000  -0.000000e+000
    outer loop
      vertex  7.800000e+000 -1.390253e+001 -2.253931e+001
      vertex  7.800000e+000 -1.189821e+001 -1.979575e+001
      vertex  7.800000e+000 -1.168168e+001 -1.998758e+001
    endloop
  endfacet
  facet normal -1.000000e+000  0.000000e+000  -0.000000e+000
    outer loop
      vertex  7.800000e+000 -1.390253e+001 -2.253931e+001
      vertex  7.800000e+000 -1.168168e+001 -1.998758e+001
      vertex  7.800000e+000 -1.142553e+001 -2.012202e+001
    endloop
  endfacet
  facet normal -9.999999e-001  0.000000e+000  -0.000000e+000
    outer loop
      vertex  7.800000e+000 -1.390253e+001 -2.253931e+001
      vertex  7.800000e+000 -1.142553e+001 -2.012202e+001
      vertex  7.800000e+000 -1.114464e+001 -2.019125e+001
    endloop
  endfacet
  facet normal -1.000000e+000  0.000000e+000  -0.000000e+000
    outer loop
      vertex  7.800000e+000 -1.390253e+001 -2.253931e+001
      vertex  7.800000e+000 -1.114464e+001 -2.019125e+001
      vertex  7.800000e+000 -1.085536e+001 -2.019125e+001
    endloop
  endfacet
  facet normal -1.000000e+000  0.000000e+000  -0.000000e+000
    outer loop
      vertex  7.800000e+000 -1.390253e+001 -2.253931e+001
      vertex  7.800000e+000 -1.085536e+001 -2.019125e+001
      vertex  7.800000e+000 -1.057447e+001 -2.012202e+001
    endloop
  endfacet
  facet normal -9.999999e-001  0.000000e+000  -0.000000e+000
    outer loop
      vertex  7.800000e+000 -1.390253e+001 -2.253931e+001
      vertex  7.800000e+000 -1.057447e+001 -2.012202e+001
      vertex  7.800000e+000  0.000000e+000 -1.550000e+001
    endloop
  endfacet
  facet normal -1.000000e+000  0.000000e+000  -0.000000e+000
    outer loop
      vertex  7.800000e+000 -1.390253e+001 -2.253931e+001
      vertex  7.800000e+000  0.000000e+000 -1.550000e+001
      vertex  7.800000e+000  3.000000e+000 -2.253931e+001
    endloop
  endfacet
  facet normal -1.000000e+000  -0.000000e+000  -0.000000e+000
    outer loop
      vertex  7.800000e+000 -1.390253e+001 -1.500000e+001
      vertex  7.800000e+000 -8.000000e+000 -1.500000e+001
      vertex  7.800000e+000 -8.000000e+000 -1.550000e+001
    endloop
  endfacet
  facet normal -1.000000e+000  -0.000000e+000  0.000000e+000
    outer loop
      vertex  7.800000e+000 -1.390253e+001 -1.500000e+001
      vertex  7.800000e+000 -8.000000e+000 -1.550000e+001
      vertex  7.800000e+000 -1.085536e+001 -1.780875e+001
    endloop
  endfacet
  facet normal -1.000000e+000  0.000000e+000  0.000000e+000
    outer loop
      vertex  7.800000e+000 -1.390253e+001 -1.500000e+001
      vertex  7.800000e+000 -1.085536e+001 -1.780875e+001
      vertex  7.800000e+000 -1.114464e+001 -1.780875e+001
    endloop
  endfacet
  facet normal -1.000000e+000  -0.000000e+000  0.000000e+000
    outer loop
      vertex  7.800000e+000 -1.390253e+001 -1.500000e+001
      vertex  7.800000e+000 -1.114464e+001 -1.780875e+001
      vertex  7.800000e+000 -1.142553e+001 -1.787798e+001
    endloop
  endfacet
  facet normal -1.000000e+000  -0.000000e+000  0.000000e+000
    outer loop
      vertex  7.800000e+000 -1.390253e+001 -1.500000e+001
      vertex  7.800000e+000 -1.142553e+001 -1.787798e+001
      vertex  7.800000e+000 -1.168168e+001 -1.801242e+001
    endloop
  endfacet
  facet normal -1.000000e+000  -0.000000e+000  0.000000e+000
    outer loop
      vertex  7.800000e+000 -1.390253e+001 -1.500000e+001
      vertex  7.800000e+000 -1.168168e+001 -1.801242e+001
      vertex  7.800000e+000 -1.189821e+001 -1.820425e+001
    endloop
  endfacet
  facet normal -1.000000e+000  -0.000000e+000  0.000000e+000
    outer loop
      vertex  7.800000e+000 -1.390253e+001 -1.500000e+001
      vertex  7.800000e+000 -1.189821e+001 -1.820425e+001
      vertex  7.800000e+000 -1.206255e+001 -1.844233e+001
    endloop
  endfacet
  facet normal -9.999999e-001  -0.000000e+000  0.000000e+000
    outer loop
      vertex  7.800000e+000 -1.390253e+001 -1.500000e+001
      vertex  7.800000e+000 -1.206255e+001 -1.844233e+001
      vertex  7.800000e+000 -1.216513e+001 -1.871282e+001
    endloop
  endfacet
  facet normal -1.000000e+000  -0.000000e+000  0.000000e+000
    outer loop
      vertex  7.800000e+000 -1.390253e+001 -1.500000e+001
      vertex  7.800000e+000 -1.216513e+001 -1.871282e+001
      vertex  7.800000e+000 -1.220000e+001 -1.900000e+001
    endloop
  endfacet
  facet normal -1.000000e+000  -0.000000e+000  -0.000000e+000
    outer loop
      vertex  7.800000e+000 -1.390253e+001 -1.500000e+001
      vertex  7.800000e+000 -1.220000e+001 -1.900000e+001
      vertex  7.800000e+000 -1.216513e+001 -1.928718e+001
    endloop
  endfacet
  facet normal -1.000000e+000  0.000000e+000  0.000000e+000
    outer loop
      vertex  7.800000e+000  0.000000e+000 -1.550000e+001
      vertex  7.800000e+000 -1.057447e+001 -2.012202e+001
      vertex  7.800000e+000 -1.031832e+001 -1.998758e+001
    endloop
  endfacet
  facet normal -1.000000e+000  0.000000e+000  0.000000e+000
    outer loop
      vertex  7.800000e+000  0.000000e+000 -1.550000e+001
      vertex  7.800000e+000 -1.031832e+001 -1.998758e+001
      vertex  7.800000e+000 -1.010179e+001 -1.979575e+001
    endloop
  endfacet
  facet normal -1.000000e+000  0.000000e+000  0.000000e+000
    outer loop
      vertex  7.800000e+000  0.000000e+000 -1.550000e+001
      vertex  7.800000e+000 -1.010179e+001 -1.979575e+001
      vertex  7.800000e+000 -9.937452e+000 -1.955767e+001
    endloop
  endfacet
  facet normal -9.999999e-001  0.000000e+000  0.000000e+000
    outer loop
      vertex  7.800000e+000  0.000000e+000 -1.550000e+001
      vertex  7.800000e+000 -9.937452e+000 -1.955767e+001
      vertex  7.800000e+000 -9.834869e+000 -1.928718e+001
    endloop
  endfacet
  facet normal -1.000000e+000  0.000000e+000  0.000000e+000
    outer loop
      vertex  7.800000e+000  0.000000e+000 -1.550000e+001
      vertex  7.800000e+000 -9.834869e+000 -1.928718e+001
      vertex  7.800000e+000 -9.800000e+000 -1.900000e+001
    endloop
  endfacet
  facet normal -1.000000e+000  0.000000e+000  0.000000e+000
    outer loop
      vertex  7.800000e+000  0.000000e+000 -1.550000e+001
      vertex  7.800000e+000 -9.800000e+000 -1.900000e+001
      vertex  7.800000e+000 -9.834869e+000 -1.871282e+001
    endloop
  endfacet
  facet normal -1.000000e+000  0.000000e+000  0.000000e+000
    outer loop
      vertex  7.800000e+000  0.000000e+000 -1.550000e+001
      vertex  7.800000e+000 -9.834869e+000 -1.871282e+001
      vertex  7.800000e+000 -9.937452e+000 -1.844233e+001
    endloop
  endfacet
  facet normal -1.000000e+000  0.000000e+000  0.000000e+000
    outer loop
      vertex  7.800000e+000  0.000000e+000 -1.550000e+001
      vertex  7.800000e+000 -9.937452e+000 -1.844233e+001
      vertex  7.800000e+000 -1.010179e+001 -1.820425e+001
    endloop
  endfacet
  facet normal -9.999999e-001  0.000000e+000  0.000000e+000
    outer loop
      vertex  7.800000e+000  0.000000e+000 -1.550000e+001
      vertex  7.800000e+000 -1.010179e+001 -1.820425e+001
      vertex  7.800000e+000 -1.031832e+001 -1.801242e+001
    endloop
  endfacet
  facet normal -1.000000e+000  0.000000e+000  0.000000e+000
    outer loop
      vertex  7.800000e+000  0.000000e+000 -1.550000e+001
      vertex  7.800000e+000 -1.031832e+001 -1.801242e+001
      vertex  7.800000e+000 -1.057447e+001 -1.787798e+001
    endloop
  endfacet
  facet normal -1.000000e+000  0.000000e+000  0.000000e+000
    outer loop
      vertex  7.800000e+000  0.000000e+000 -1.550000e+001
      vertex  7.800000e+000 -1.057447e+001 -1.787798e+001
      vertex  7.800000e+000 -1.085536e+001 -1.780875e+001
    endloop
  endfacet
  facet normal -1.000000e+000  0.000000e+000  0.000000e+000
    outer loop
      vertex  7.800000e+000  0.000000e+000 -1.550000e+001
      vertex  7.800000e+000 -1.085536e+001 -1.780875e+001
      vertex  7.800000e+000 -8.000000e+000 -1.550000e+001
    endloop
  endfacet
  facet normal -1.000000e+000  0.000000e+000  0.000000e+000
    outer loop
      vertex  7.800000e+000  3.000000e+000 -1.447500e+001
      vertex  7.800000e+000  3.000000e+000 -2.253931e+001
      vertex  7.800000e+000  0.000000e+000 -1.447500e+001
    endloop
  endfacet
  facet normal -9.999999e-001  0.000000e+000  0.000000e+000
    outer loop
      vertex  7.800000e+000  0.000000e+000 -1.447500e+001
      vertex  7.800000e+000  3.000000e+000 -2.253931e+001
      vertex  7.800000e+000  0.000000e+000 -1.550000e+001
    endloop
  endfacet
  facet normal  0.000000e+000  1.000000e+000  0.000000e+000
    outer loop
      vertex  7.800000e+000 -8.000000e+000 -1.550000e+001
      vertex  7.800000e+000 -8.000000e+000 -1.500000e+001
      vertex  1.380000e+001 -8.000000e+000 -1.550000e+001
    endloop
  endfacet
  facet normal  0.000000e+000  1.000000e+000  -0.000000e+000
    outer loop
      vertex  1.380000e+001 -8.000000e+000 -1.550000e+001
      vertex  7.800000e+000 -8.000000e+000 -1.500000e+001
      vertex  1.380000e+001 -8.000000e+000 -1.500000e+001
    endloop
  endfacet
  facet normal  1.000000e+000  0.000000e+000  0.000000e+000
    outer loop
      vertex  1.380000e+001 -8.000000e+000 -2.253931e+001
      vertex  1.380000e+001 -9.937452e+000 -1.844233e+001
      vertex  1.380000e+001 -9.834869e+000 -1.871282e+001
    endloop
  endfacet
  facet normal  1.000000e+000  0.000000e+000  0.000000e+000
    outer loop
      vertex  1.380000e+001 -8.000000e+000 -2.253931e+001
      vertex  1.380000e+001 -9.834869e+000 -1.871282e+001
      vertex  1.380000e+001 -9.800000e+000 -1.900000e+001
    endloop
  endfacet
  facet normal  1.000000e+000  0.000000e+000  0.000000e+000
    outer loop
      vertex  1.380000e+001 -8.000000e+000 -2.253931e+001
      vertex  1.380000e+001 -9.800000e+000 -1.900000e+001
      vertex  1.380000e+001 -9.834869e+000 -1.928718e+001
    endloop
  endfacet
  facet normal  1.000000e+000  0.000000e+000  0.000000e+000
    outer loop
      vertex  1.380000e+001 -8.000000e+000 -2.253931e+001
      vertex  1.380000e+001 -9.834869e+000 -1.928718e+001
      vertex  1.380000e+001 -9.937452e+000 -1.955767e+001
    endloop
  endfacet
  facet normal  1.000000e+000  0.000000e+000  0.000000e+000
    outer loop
      vertex  1.380000e+001 -8.000000e+000 -2.253931e+001
      vertex  1.380000e+001 -9.937452e+000 -1.955767e+001
      vertex  1.380000e+001 -1.010179e+001 -1.979575e+001
    endloop
  endfacet
  facet normal  1.000000e+000  0.000000e+000  0.000000e+000
    outer loop
      vertex  1.380000e+001 -8.000000e+000 -2.253931e+001
      vertex  1.380000e+001 -1.010179e+001 -1.979575e+001
      vertex  1.380000e+001 -1.031832e+001 -1.998758e+001
    endloop
  endfacet
  facet normal  1.000000e+000  0.000000e+000  0.000000e+000
    outer loop
      vertex  1.380000e+001 -8.000000e+000 -2.253931e+001
      vertex  1.380000e+001 -1.031832e+001 -1.998758e+001
      vertex  1.380000e+001 -1.057447e+001 -2.012202e+001
    endloop
  endfacet
  facet normal  1.000000e+000  0.000000e+000  0.000000e+000
    outer loop
      vertex  1.380000e+001 -8.000000e+000 -2.253931e+001
      vertex  1.380000e+001 -1.057447e+001 -2.012202e+001
      vertex  1.380000e+001 -1.085536e+001 -2.019125e+001
    endloop
  endfacet
  facet normal  1.000000e+000  0.000000e+000  0.000000e+000
    outer loop
      vertex  1.380000e+001 -8.000000e+000 -2.253931e+001
      vertex  1.380000e+001 -1.085536e+001 -2.019125e+001
      vertex  1.380000e+001 -1.114464e+001 -2.019125e+001
    endloop
  endfacet
  facet normal  1.000000e+000  0.000000e+000  0.000000e+000
    outer loop
      vertex  1.380000e+001 -8.000000e+000 -2.253931e+001
      vertex  1.380000e+001 -1.114464e+001 -2.019125e+001
      vertex  1.380000e+001 -1.390253e+001 -2.253931e+001
    endloop
  endfacet
  facet normal  1.000000e+000  0.000000e+000  0.000000e+000
    outer loop
      vertex  1.380000e+001 -8.000000e+000 -1.550000e+001
      vertex  1.380000e+001 -8.000000e+000 -1.500000e+001
      vertex  1.380000e+001 -1.085536e+001 -1.780875e+001
    endloop
  endfacet
  facet normal  1.000000e+000  -0.000000e+000  0.000000e+000
    outer loop
      vertex  1.380000e+001 -8.000000e+000 -1.550000e+001
      vertex  1.380000e+001 -1.085536e+001 -1.780875e+001
      vertex  1.380000e+001 -1.057447e+001 -1.787798e+001
    endloop
  endfacet
  facet normal  1.000000e+000  -0.000000e+000  0.000000e+000
    outer loop
      vertex  1.380000e+001 -8.000000e+000 -1.550000e+001
      vertex  1.380000e+001 -1.057447e+001 -1.787798e+001
      vertex  1.380000e+001 -1.031832e+001 -1.801242e+001
    endloop
  endfacet
  facet normal  9.999999e-001  -0.000000e+000  0.000000e+000
    outer loop
      vertex  1.380000e+001 -8.000000e+000 -1.550000e+001
      vertex  1.380000e+001 -1.031832e+001 -1.801242e+001
      vertex  1.380000e+001 -1.010179e+001 -1.820425e+001
    endloop
  endfacet
  facet normal  1.000000e+000  -0.000000e+000  0.000000e+000
    outer loop
      vertex  1.380000e+001 -8.000000e+000 -1.550000e+001
      vertex  1.380000e+001 -1.010179e+001 -1.820425e+001
      vertex  1.380000e+001 -9.937452e+000 -1.844233e+001
    endloop
  endfacet
  facet normal  9.999999e-001  -0.000000e+000  0.000000e+000
    outer loop
      vertex  1.380000e+001 -8.000000e+000 -1.550000e+001
      vertex  1.380000e+001 -9.937452e+000 -1.844233e+001
      vertex  1.380000e+001 -8.000000e+000 -2.253931e+001
    endloop
  endfacet
  facet normal  9.999999e-001  0.000000e+000  0.000000e+000
    outer loop
      vertex  1.380000e+001 -1.390253e+001 -2.253931e+001
      vertex  1.380000e+001 -1.114464e+001 -2.019125e+001
      vertex  1.380000e+001 -1.142553e+001 -2.012202e+001
    endloop
  endfacet
  facet normal  1.000000e+000  0.000000e+000  0.000000e+000
    outer loop
      vertex  1.380000e+001 -1.390253e+001 -2.253931e+001
      vertex  1.380000e+001 -1.142553e+001 -2.012202e+001
      vertex  1.380000e+001 -1.168168e+001 -1.998758e+001
    endloop
  endfacet
  facet normal  1.000000e+000  0.000000e+000  0.000000e+000
    outer loop
      vertex  1.380000e+001 -1.390253e+001 -2.253931e+001
      vertex  1.380000e+001 -1.168168e+001 -1.998758e+001
      vertex  1.380000e+001 -1.189821e+001 -1.979575e+001
    endloop
  endfacet
  facet normal  1.000000e+000  0.000000e+000  0.000000e+000
    outer loop
      vertex  1.380000e+001 -1.390253e+001 -2.253931e+001
      vertex  1.380000e+001 -1.189821e+001 -1.979575e+001
      vertex  1.380000e+001 -1.206255e+001 -1.955767e+001
    endloop
  endfacet
  facet normal  1.000000e+000  0.000000e+000  0.000000e+000
    outer loop
      vertex  1.380000e+001 -1.390253e+001 -2.253931e+001
      vertex  1.380000e+001 -1.206255e+001 -1.955767e+001
      vertex  1.380000e+001 -1.216513e+001 -1.928718e+001
    endloop
  endfacet
  facet normal  1.000000e+000  0.000000e+000  0.000000e+000
    outer loop
      vertex  1.380000e+001 -1.390253e+001 -2.253931e+001
      vertex  1.380000e+001 -1.216513e+001 -1.928718e+001
      vertex  1.380000e+001 -1.220000e+001 -1.900000e+001
    endloop
  endfacet
  facet normal  1.000000e+000  0.000000e+000  -0.000000e+000
    outer loop
      vertex  1.380000e+001 -1.390253e+001 -2.253931e+001
      vertex  1.380000e+001 -1.220000e+001 -1.900000e+001
      vertex  1.380000e+001 -1.216513e+001 -1.871282e+001
    endloop
  endfacet
  facet normal  1.000000e+000  0.000000e+000  -0.000000e+000
    outer loop
      vertex  1.380000e+001 -1.390253e+001 -2.253931e+001
      vertex  1.380000e+001 -1.216513e+001 -1.871282e+001
      vertex  1.380000e+001 -1.206255e+001 -1.844233e+001
    endloop
  endfacet
  facet normal  1.000000e+000  0.000000e+000  0.000000e+000
    outer loop
      vertex  1.380000e+001 -1.390253e+001 -1.500000e+001
      vertex  1.380000e+001 -1.390253e+001 -2.253931e+001
      vertex  1.380000e+001 -1.206255e+001 -1.844233e+001
    endloop
  endfacet
  facet normal  1.000000e+000  0.000000e+000  -0.000000e+000
    outer loop
      vertex  1.380000e+001 -1.390253e+001 -1.500000e+001
      vertex  1.380000e+001 -1.206255e+001 -1.844233e+001
      vertex  1.380000e+001 -1.189821e+001 -1.820425e+001
    endloop
  endfacet
  facet normal  1.000000e+000  0.000000e+000  -0.000000e+000
    outer loop
      vertex  1.380000e+001 -1.390253e+001 -1.500000e+001
      vertex  1.380000e+001 -1.189821e+001 -1.820425e+001
      vertex  1.380000e+001 -1.168168e+001 -1.801242e+001
    endloop
  endfacet
  facet normal  1.000000e+000  0.000000e+000  -0.000000e+000
    outer loop
      vertex  1.380000e+001 -1.390253e+001 -1.500000e+001
      vertex  1.380000e+001 -1.168168e+001 -1.801242e+001
      vertex  1.380000e+001 -1.142553e+001 -1.787798e+001
    endloop
  endfacet
  facet normal  1.000000e+000  0.000000e+000  -0.000000e+000
    outer loop
      vertex  1.380000e+001 -1.390253e+001 -1.500000e+001
      vertex  1.380000e+001 -1.142553e+001 -1.787798e+001
      vertex  1.380000e+001 -1.114464e+001 -1.780875e+001
    endloop
  endfacet
  facet normal  1.000000e+000  0.000000e+000  -0.000000e+000
    outer loop
      vertex  1.380000e+001 -1.390253e+001 -1.500000e+001
      vertex  1.380000e+001 -1.114464e+001 -1.780875e+001
      vertex  1.380000e+001 -1.085536e+001 -1.780875e+001
    endloop
  endfacet
  facet normal  1.000000e+000  0.000000e+000  -0.000000e+000
    outer loop
      vertex  1.380000e+001 -1.390253e+001 -1.500000e+001
      vertex  1.380000e+001 -1.085536e+001 -1.780875e+001
      vertex  1.380000e+001 -8.000000e+000 -1.500000e+001
    endloop
  endfacet
  facet normal  1.000000e+000  0.000000e+000  0.000000e+000
    outer loop
      vertex  1.380000e+001 -8.000000e+000  1.550000e+001
      vertex  1.380000e+001 -9.937452e+000  1.955767e+001
      vertex  1.380000e+001 -9.834869e+000  1.928718e+001
    endloop
  endfacet
  facet normal  1.000000e+000  0.000000e+000  0.000000e+000
    outer loop
      vertex  1.380000e+001 -8.000000e+000  1.550000e+001
      vertex  1.380000e+001 -9.834869e+000  1.928718e+001
      vertex  1.380000e+001 -9.800000e+000  1.900000e+001
    endloop
  endfacet
  facet normal  1.000000e+000  0.000000e+000  0.000000e+000
    outer loop
      vertex  1.380000e+001 -8.000000e+000  1.550000e+001
      vertex  1.380000e+001 -9.800000e+000  1.900000e+001
      vertex  1.380000e+001 -9.834869e+000  1.871282e+001
    endloop
  endfacet
  facet normal  1.000000e+000  0.000000e+000  0.000000e+000
    outer loop
      vertex  1.380000e+001 -8.000000e+000  1.550000e+001
      vertex  1.380000e+001 -9.834869e+000  1.871282e+001
      vertex  1.380000e+001 -9.937452e+000  1.844233e+001
    endloop
  endfacet
  facet normal  1.000000e+000  0.000000e+000  0.000000e+000
    outer loop
      vertex  1.380000e+001 -8.000000e+000  1.550000e+001
      vertex  1.380000e+001 -9.937452e+000  1.844233e+001
      vertex  1.380000e+001 -1.010179e+001  1.820425e+001
    endloop
  endfacet
  facet normal  9.999999e-001  0.000000e+000  0.000000e+000
    outer loop
      vertex  1.380000e+001 -8.000000e+000  1.550000e+001
      vertex  1.380000e+001 -1.010179e+001  1.820425e+001
      vertex  1.380000e+001 -1.031832e+001  1.801242e+001
    endloop
  endfacet
  facet normal  1.000000e+000  0.000000e+000  0.000000e+000
    outer loop
      vertex  1.380000e+001 -8.000000e+000  1.550000e+001
      vertex  1.380000e+001 -1.031832e+001  1.801242e+001
      vertex  1.380000e+001 -1.057447e+001  1.787798e+001
    endloop
  endfacet
  facet normal  1.000000e+000  0.000000e+000  0.000000e+000
    outer loop
      vertex  1.380000e+001 -8.000000e+000  1.550000e+001
      vertex  1.380000e+001 -1.057447e+001  1.787798e+001
      vertex  1.380000e+001 -1.085536e+001  1.780875e+001
    endloop
  endfacet
  facet normal  1.000000e+000  0.000000e+000  0.000000e+000
    outer loop
      vertex  1.380000e+001 -8.000000e+000  1.550000e+001
      vertex  1.380000e+001 -1.085536e+001  1.780875e+001
      vertex  1.380000e+001 -8.000000e+000  1.500000e+001
    endloop
  endfacet
  facet normal  1.000000e+000  -0.000000e+000  0.000000e+000
    outer loop
      vertex  1.380000e+001 -8.000000e+000  2.253931e+001
      vertex  1.380000e+001 -1.390253e+001  2.253931e+001
      vertex  1.380000e+001 -1.114464e+001  2.019125e+001
    endloop
  endfacet
  facet normal  1.000000e+000  0.000000e+000  0.000000e+000
    outer loop
      vertex  1.380000e+001 -8.000000e+000  2.253931e+001
      vertex  1.380000e+001 -1.114464e+001  2.019125e+001
      vertex  1.380000e+001 -1.085536e+001  2.019125e+001
    endloop
  endfacet
  facet normal  1.000000e+000  -0.000000e+000  0.000000e+000
    outer loop
      vertex  1.380000e+001 -8.000000e+000  2.253931e+001
      vertex  1.380000e+001 -1.085536e+001  2.019125e+001
      vertex  1.380000e+001 -1.057447e+001  2.012202e+001
    endloop
  endfacet
  facet normal  1.000000e+000  -0.000000e+000  0.000000e+000
    outer loop
      vertex  1.380000e+001 -8.000000e+000  2.253931e+001
      vertex  1.380000e+001 -1.057447e+001  2.012202e+001
      vertex  1.380000e+001 -1.031832e+001  1.998758e+001
    endloop
  endfacet
  facet normal  1.000000e+000  -0.000000e+000  0.000000e+000
    outer loop
      vertex  1.380000e+001 -8.000000e+000  2.253931e+001
      vertex  1.380000e+001 -1.031832e+001  1.998758e+001
      vertex  1.380000e+001 -1.010179e+001  1.979575e+001
    endloop
  endfacet
  facet normal  1.000000e+000  -0.000000e+000  0.000000e+000
    outer loop
      vertex  1.380000e+001 -8.000000e+000  2.253931e+001
      vertex  1.380000e+001 -1.010179e+001  1.979575e+001
      vertex  1.380000e+001 -9.937452e+000  1.955767e+001
    endloop
  endfacet
  facet normal  9.999999e-001  -0.000000e+000  0.000000e+000
    outer loop
      vertex  1.380000e+001 -8.000000e+000  2.253931e+001
      vertex  1.380000e+001 -9.937452e+000  1.955767e+001
      vertex  1.380000e+001 -8.000000e+000  1.550000e+001
    endloop
  endfacet
  facet normal  1.000000e+000  0.000000e+000  0.000000e+000
    outer loop
      vertex  1.380000e+001 -1.390253e+001  1.500000e+001
      vertex  1.380000e+001 -8.000000e+000  1.500000e+001
      vertex  1.380000e+001 -1.085536e+001  1.780875e+001
    endloop
  endfacet
  facet normal  1.000000e+000  0.000000e+000  0.000000e+000
    outer loop
      vertex  1.380000e+001 -1.390253e+001  1.500000e+001
      vertex  1.380000e+001 -1.085536e+001  1.780875e+001
      vertex  1.380000e+001 -1.114464e+001  1.780875e+001
    endloop
  endfacet
  facet normal  1.000000e+000  0.000000e+000  0.000000e+000
    outer loop
      vertex  1.380000e+001 -1.390253e+001  1.500000e+001
      vertex  1.380000e+001 -1.114464e+001  1.780875e+001
      vertex  1.380000e+001 -1.142553e+001  1.787798e+001
    endloop
  endfacet
  facet normal  1.000000e+000  0.000000e+000  0.000000e+000
    outer loop
      vertex  1.380000e+001 -1.390253e+001  1.500000e+001
      vertex  1.380000e+001 -1.142553e+001  1.787798e+001
      vertex  1.380000e+001 -1.168168e+001  1.801242e+001
    endloop
  endfacet
  facet normal  1.000000e+000  0.000000e+000  0.000000e+000
    outer loop
      vertex  1.380000e+001 -1.390253e+001  1.500000e+001
      vertex  1.380000e+001 -1.168168e+001  1.801242e+001
      vertex  1.380000e+001 -1.189821e+001  1.820425e+001
    endloop
  endfacet
  facet normal  1.000000e+000  0.000000e+000  0.000000e+000
    outer loop
      vertex  1.380000e+001 -1.390253e+001  1.500000e+001
      vertex  1.380000e+001 -1.189821e+001  1.820425e+001
      vertex  1.380000e+001 -1.206255e+001  1.844233e+001
    endloop
  endfacet
  facet normal  9.999999e-001  0.000000e+000  0.000000e+000
    outer loop
      vertex  1.380000e+001 -1.390253e+001  1.500000e+001
      vertex  1.380000e+001 -1.206255e+001  1.844233e+001
      vertex  1.380000e+001 -1.216513e+001  1.871282e+001
    endloop
  endfacet
  facet normal  1.000000e+000  0.000000e+000  0.000000e+000
    outer loop
      vertex  1.380000e+001 -1.390253e+001  1.500000e+001
      vertex  1.380000e+001 -1.216513e+001  1.871282e+001
      vertex  1.380000e+001 -1.220000e+001  1.900000e+001
    endloop
  endfacet
  facet normal  1.000000e+000  0.000000e+000  -0.000000e+000
    outer loop
      vertex  1.380000e+001 -1.390253e+001  1.500000e+001
      vertex  1.380000e+001 -1.220000e+001  1.900000e+001
      vertex  1.380000e+001 -1.216513e+001  1.928718e+001
    endloop
  endfacet
  facet normal  1.000000e+000  0.000000e+000  0.000000e+000
    outer loop
      vertex  1.380000e+001 -1.390253e+001  2.253931e+001
      vertex  1.380000e+001 -1.390253e+001  1.500000e+001
      vertex  1.380000e+001 -1.216513e+001  1.928718e+001
    endloop
  endfacet
  facet normal  1.000000e+000  0.000000e+000  -0.000000e+000
    outer loop
      vertex  1.380000e+001 -1.390253e+001  2.253931e+001
      vertex  1.380000e+001 -1.216513e+001  1.928718e+001
      vertex  1.380000e+001 -1.206255e+001  1.955767e+001
    endloop
  endfacet
  facet normal  1.000000e+000  0.000000e+000  -0.000000e+000
    outer loop
      vertex  1.380000e+001 -1.390253e+001  2.253931e+001
      vertex  1.380000e+001 -1.206255e+001  1.955767e+001
      vertex  1.380000e+001 -1.189821e+001  1.979575e+001
    endloop
  endfacet
  facet normal  1.000000e+000  0.000000e+000  -0.000000e+000
    outer loop
      vertex  1.380000e+001 -1.390253e+001  2.253931e+001
      vertex  1.380000e+001 -1.189821e+001  1.979575e+001
      vertex  1.380000e+001 -1.168168e+001  1.998758e+001
    endloop
  endfacet
  facet normal  1.000000e+000  0.000000e+000  -0.000000e+000
    outer loop
      vertex  1.380000e+001 -1.390253e+001  2.253931e+001
      vertex  1.380000e+001 -1.168168e+001  1.998758e+001
      vertex  1.380000e+001 -1.142553e+001  2.012202e+001
    endloop
  endfacet
  facet normal  9.999999e-001  0.000000e+000  -0.000000e+000
    outer loop
      vertex  1.380000e+001 -1.390253e+001  2.253931e+001
      vertex  1.380000e+001 -1.142553e+001  2.012202e+001
      vertex  1.380000e+001 -1.114464e+001  2.019125e+001
    endloop
  endfacet
  facet normal  0.000000e+000  1.000000e+000  0.000000e+000
    outer loop
      vertex  7.800000e+000 -8.000000e+000  1.500000e+001
      vertex  7.800000e+000 -8.000000e+000  1.550000e+001
      vertex  1.380000e+001 -8.000000e+000  1.500000e+001
    endloop
  endfacet
  facet normal  0.000000e+000  1.000000e+000  -0.000000e+000
    outer loop
      vertex  1.380000e+001 -8.000000e+000  1.500000e+001
      vertex  7.800000e+000 -8.000000e+000  1.550000e+001
      vertex  1.380000e+001 -8.000000e+000  1.550000e+001
    endloop
  endfacet
  facet normal  0.000000e+000  0.000000e+000  9.999999e-001
    outer loop
      vertex  7.800000e+000  0.000000e+000 -1.550000e+001
      vertex  7.800000e+000 -8.000000e+000 -1.550000e+001
      vertex  3.550000e+001  0.000000e+000 -1.550000e+001
    endloop
  endfacet
  facet normal  0.000000e+000  0.000000e+000  1.000000e+000
    outer loop
      vertex  3.550000e+001  0.000000e+000 -1.550000e+001
      vertex  7.800000e+000 -8.000000e+000 -1.550000e+001
      vertex  1.380000e+001 -8.000000e+000 -1.550000e+001
    endloop
  endfacet
  facet normal  0.000000e+000  0.000000e+000  1.000000e+000
    outer loop
      vertex  3.550000e+001  0.000000e+000 -1.550000e+001
      vertex  1.380000e+001 -8.000000e+000 -1.550000e+001
      vertex  3.550000e+001 -8.000000e+000 -1.550000e+001
    endloop
  endfacet
  facet normal  0.000000e+000  0.000000e+000 -9.999999e-001
    outer loop
      vertex  3.550000e+001  0.000000e+000  1.550000e+001
      vertex  3.550000e+001 -8.000000e+000  1.550000e+001
      vertex  7.800000e+000  0.000000e+000  1.550000e+001
    endloop
  endfacet
  facet normal  0.000000e+000  0.000000e+000 -1.000000e+000
    outer loop
      vertex  7.800000e+000  0.000000e+000  1.550000e+001
      vertex  3.550000e+001 -8.000000e+000  1.550000e+001
      vertex  1.380000e+001 -8.000000e+000  1.550000e+001
    endloop
  endfacet
  facet normal  0.000000e+000  0.000000e+000 -1.000000e+000
    outer loop
      vertex  7.800000e+000  0.000000e+000  1.550000e+001
      vertex  1.380000e+001 -8.000000e+000  1.550000e+001
      vertex  7.800000e+000 -8.000000e+000  1.550000e+001
    endloop
  endfacet
  facet normal  0.000000e+000 -2.393152e-001 -9.709419e-001
    outer loop
      vertex  1.380000e+001 -1.085536e+001 -1.780875e+001
      vertex  7.800000e+000 -1.057447e+001 -1.787798e+001
      vertex  1.380000e+001 -1.057447e+001 -1.787798e+001
    endloop
  endfacet
  facet normal  -0.000000e+000 -4.647192e-001 -8.854581e-001
    outer loop
      vertex  1.380000e+001 -1.057447e+001 -1.787798e+001
      vertex  7.800000e+000 -1.057447e+001 -1.787798e+001
      vertex  7.800000e+000 -1.031832e+001 -1.801242e+001
    endloop
  endfacet
  facet normal  0.000000e+000 -4.647192e-001 -8.854581e-001
    outer loop
      vertex  1.380000e+001 -1.057447e+001 -1.787798e+001
      vertex  7.800000e+000 -1.031832e+001 -1.801242e+001
      vertex  1.380000e+001 -1.031832e+001 -1.801242e+001
    endloop
  endfacet
  facet normal  -0.000000e+000 -6.631238e-001 -7.485098e-001
    outer loop
      vertex  1.380000e+001 -1.031832e+001 -1.801242e+001
      vertex  7.800000e+000 -1.031832e+001 -1.801242e+001
      vertex  7.800000e+000 -1.010179e+001 -1.820425e+001
    endloop
  endfacet
  facet normal  0.000000e+000 -6.631238e-001 -7.485098e-001
    outer loop
      vertex  1.380000e+001 -1.031832e+001 -1.801242e+001
      vertex  7.800000e+000 -1.010179e+001 -1.820425e+001
      vertex  1.380000e+001 -1.010179e+001 -1.820425e+001
    endloop
  endfacet
  facet normal  -0.000000e+000 -8.229821e-001 -5.680674e-001
    outer loop
      vertex  1.380000e+001 -1.010179e+001 -1.820425e+001
      vertex  7.800000e+000 -1.010179e+001 -1.820425e+001
      vertex  7.800000e+000 -9.937452e+000 -1.844233e+001
    endloop
  endfacet
  facet normal  0.000000e+000 -8.229821e-001 -5.680674e-001
    outer loop
      vertex  1.380000e+001 -1.010179e+001 -1.820425e+001
      vertex  7.800000e+000 -9.937452e+000 -1.844233e+001
      vertex  1.380000e+001 -9.937452e+000 -1.844233e+001
    endloop
  endfacet
  facet normal  -0.000000e+000 -9.350169e-001 -3.546029e-001
    outer loop
      vertex  1.380000e+001 -9.937452e+000 -1.844233e+001
      vertex  7.800000e+000 -9.937452e+000 -1.844233e+001
      vertex  7.800000e+000 -9.834869e+000 -1.871282e+001
    endloop
  endfacet
  facet normal  0.000000e+000 -9.350169e-001 -3.546029e-001
    outer loop
      vertex  1.380000e+001 -9.937452e+000 -1.844233e+001
      vertex  7.800000e+000 -9.834869e+000 -1.871282e+001
      vertex  1.380000e+001 -9.834869e+000 -1.871282e+001
    endloop
  endfacet
  facet normal  -0.000000e+000 -9.927091e-001 -1.205349e-001
    outer loop
      vertex  1.380000e+001 -9.834869e+000 -1.871282e+001
      vertex  7.800000e+000 -9.834869e+000 -1.871282e+001
      vertex  7.800000e+000 -9.800000e+000 -1.900000e+001
    endloop
  endfacet
  facet normal  0.000000e+000 -9.927091e-001 -1.205349e-001
    outer loop
      vertex  1.380000e+001 -9.834869e+000 -1.871282e+001
      vertex  7.800000e+000 -9.800000e+000 -1.900000e+001
      vertex  1.380000e+001 -9.800000e+000 -1.900000e+001
    endloop
  endfacet
  facet normal  -0.000000e+000 -2.393152e-001 -9.709419e-001
    outer loop
      vertex  7.800000e+000 -1.057447e+001 -1.787798e+001
      vertex  1.380000e+001 -1.085536e+001 -1.780875e+001
      vertex  7.800000e+000 -1.085536e+001 -1.780875e+001
    endloop
  endfacet
  facet normal  0.000000e+000  0.000000e+000 -1.000000e+000
    outer loop
      vertex  7.800000e+000 -1.085536e+001 -1.780875e+001
      vertex  1.380000e+001 -1.085536e+001 -1.780875e+001
      vertex  1.380000e+001 -1.114464e+001 -1.780875e+001
    endloop
  endfacet
  facet normal  0.000000e+000  0.000000e+000 -1.000000e+000
    outer loop
      vertex  7.800000e+000 -1.085536e+001 -1.780875e+001
      vertex  1.380000e+001 -1.114464e+001 -1.780875e+001
      vertex  7.800000e+000 -1.114464e+001 -1.780875e+001
    endloop
  endfacet
  facet normal  0.000000e+000  2.393152e-001 -9.709419e-001
    outer loop
      vertex  7.800000e+000 -1.114464e+001 -1.780875e+001
      vertex  1.380000e+001 -1.114464e+001 -1.780875e+001
      vertex  1.380000e+001 -1.142553e+001 -1.787798e+001
    endloop
  endfacet
  facet normal  0.000000e+000  2.393152e-001 -9.709419e-001
    outer loop
      vertex  7.800000e+000 -1.114464e+001 -1.780875e+001
      vertex  1.380000e+001 -1.142553e+001 -1.787798e+001
      vertex  7.800000e+000 -1.142553e+001 -1.787798e+001
    endloop
  endfacet
  facet normal  0.000000e+000  4.647192e-001 -8.854581e-001
    outer loop
      vertex  7.800000e+000 -1.142553e+001 -1.787798e+001
      vertex  1.380000e+001 -1.142553e+001 -1.787798e+001
      vertex  1.380000e+001 -1.168168e+001 -1.801242e+001
    endloop
  endfacet
  facet normal  0.000000e+000  4.647192e-001 -8.854581e-001
    outer loop
      vertex  7.800000e+000 -1.142553e+001 -1.787798e+001
      vertex  1.380000e+001 -1.168168e+001 -1.801242e+001
      vertex  7.800000e+000 -1.168168e+001 -1.801242e+001
    endloop
  endfacet
  facet normal  0.000000e+000  6.631238e-001 -7.485098e-001
    outer loop
      vertex  7.800000e+000 -1.168168e+001 -1.801242e+001
      vertex  1.380000e+001 -1.168168e+001 -1.801242e+001
      vertex  1.380000e+001 -1.189821e+001 -1.820425e+001
    endloop
  endfacet
  facet normal  0.000000e+000  6.631238e-001 -7.485098e-001
    outer loop
      vertex  7.800000e+000 -1.168168e+001 -1.801242e+001
      vertex  1.380000e+001 -1.189821e+001 -1.820425e+001
      vertex  7.800000e+000 -1.189821e+001 -1.820425e+001
    endloop
  endfacet
  facet normal  0.000000e+000  8.229821e-001 -5.680674e-001
    outer loop
      vertex  7.800000e+000 -1.189821e+001 -1.820425e+001
      vertex  1.380000e+001 -1.189821e+001 -1.820425e+001
      vertex  1.380000e+001 -1.206255e+001 -1.844233e+001
    endloop
  endfacet
  facet normal  0.000000e+000  8.229821e-001 -5.680674e-001
    outer loop
      vertex  7.800000e+000 -1.189821e+001 -1.820425e+001
      vertex  1.380000e+001 -1.206255e+001 -1.844233e+001
      vertex  7.800000e+000 -1.206255e+001 -1.844233e+001
    endloop
  endfacet
  facet normal  0.000000e+000  9.350169e-001 -3.546029e-001
    outer loop
      vertex  7.800000e+000 -1.206255e+001 -1.844233e+001
      vertex  1.380000e+001 -1.206255e+001 -1.844233e+001
      vertex  1.380000e+001 -1.216513e+001 -1.871282e+001
    endloop
  endfacet
  facet normal  0.000000e+000  9.350169e-001 -3.546029e-001
    outer loop
      vertex  7.800000e+000 -1.206255e+001 -1.844233e+001
      vertex  1.380000e+001 -1.216513e+001 -1.871282e+001
      vertex  7.800000e+000 -1.216513e+001 -1.871282e+001
    endloop
  endfacet
  facet normal  0.000000e+000  9.927091e-001 -1.205349e-001
    outer loop
      vertex  7.800000e+000 -1.216513e+001 -1.871282e+001
      vertex  1.380000e+001 -1.216513e+001 -1.871282e+001
      vertex  1.380000e+001 -1.220000e+001 -1.900000e+001
    endloop
  endfacet
  facet normal  0.000000e+000  9.927091e-001 -1.205349e-001
    outer loop
      vertex  7.800000e+000 -1.216513e+001 -1.871282e+001
      vertex  1.380000e+001 -1.220000e+001 -1.900000e+001
      vertex  7.800000e+000 -1.220000e+001 -1.900000e+001
    endloop
  endfacet
  facet normal  -0.000000e+000  2.393152e-001  9.709419e-001
    outer loop
      vertex  1.380000e+001 -1.114464e+001 -2.019125e+001
      vertex  7.800000e+000 -1.142553e+001 -2.012202e+001
      vertex  1.380000e+001 -1.142553e+001 -2.012202e+001
    endloop
  endfacet
  facet normal  0.000000e+000  4.647192e-001  8.854581e-001
    outer loop
      vertex  1.380000e+001 -1.142553e+001 -2.012202e+001
      vertex  7.800000e+000 -1.142553e+001 -2.012202e+001
      vertex  7.800000e+000 -1.168168e+001 -1.998758e+001
    endloop
  endfacet
  facet normal  -0.000000e+000  4.647192e-001  8.854581e-001
    outer loop
      vertex  1.380000e+001 -1.142553e+001 -2.012202e+001
      vertex  7.800000e+000 -1.168168e+001 -1.998758e+001
      vertex  1.380000e+001 -1.168168e+001 -1.998758e+001
    endloop
  endfacet
  facet normal  0.000000e+000  6.631238e-001  7.485098e-001
    outer loop
      vertex  1.380000e+001 -1.168168e+001 -1.998758e+001
      vertex  7.800000e+000 -1.168168e+001 -1.998758e+001
      vertex  7.800000e+000 -1.189821e+001 -1.979575e+001
    endloop
  endfacet
  facet normal  -0.000000e+000  6.631238e-001  7.485098e-001
    outer loop
      vertex  1.380000e+001 -1.168168e+001 -1.998758e+001
      vertex  7.800000e+000 -1.189821e+001 -1.979575e+001
      vertex  1.380000e+001 -1.189821e+001 -1.979575e+001
    endloop
  endfacet
  facet normal  0.000000e+000  8.229821e-001  5.680674e-001
    outer loop
      vertex  1.380000e+001 -1.189821e+001 -1.979575e+001
      vertex  7.800000e+000 -1.189821e+001 -1.979575e+001
      vertex  7.800000e+000 -1.206255e+001 -1.955767e+001
    endloop
  endfacet
  facet normal  -0.000000e+000  8.229821e-001  5.680674e-001
    outer loop
      vertex  1.380000e+001 -1.189821e+001 -1.979575e+001
      vertex  7.800000e+000 -1.206255e+001 -1.955767e+001
      vertex  1.380000e+001 -1.206255e+001 -1.955767e+001
    endloop
  endfacet
  facet normal  0.000000e+000  9.350169e-001  3.546029e-001
    outer loop
      vertex  1.380000e+001 -1.206255e+001 -1.955767e+001
      vertex  7.800000e+000 -1.206255e+001 -1.955767e+001
      vertex  7.800000e+000 -1.216513e+001 -1.928718e+001
    endloop
  endfacet
  facet normal  -0.000000e+000  9.350169e-001  3.546029e-001
    outer loop
      vertex  1.380000e+001 -1.206255e+001 -1.955767e+001
      vertex  7.800000e+000 -1.216513e+001 -1.928718e+001
      vertex  1.380000e+001 -1.216513e+001 -1.928718e+001
    endloop
  endfacet
  facet normal  0.000000e+000  9.927091e-001  1.205349e-001
    outer loop
      vertex  1.380000e+001 -1.216513e+001 -1.928718e+001
      vertex  7.800000e+000 -1.216513e+001 -1.928718e+001
      vertex  7.800000e+000 -1.220000e+001 -1.900000e+001
    endloop
  endfacet
  facet normal  -0.000000e+000  9.927091e-001  1.205349e-001
    outer loop
      vertex  1.380000e+001 -1.216513e+001 -1.928718e+001
      vertex  7.800000e+000 -1.220000e+001 -1.900000e+001
      vertex  1.380000e+001 -1.220000e+001 -1.900000e+001
    endloop
  endfacet
  facet normal  0.000000e+000  2.393152e-001  9.709419e-001
    outer loop
      vertex  7.800000e+000 -1.142553e+001 -2.012202e+001
      vertex  1.380000e+001 -1.114464e+001 -2.019125e+001
      vertex  7.800000e+000 -1.114464e+001 -2.019125e+001
    endloop
  endfacet
  facet normal  0.000000e+000  0.000000e+000  1.000000e+000
    outer loop
      vertex  7.800000e+000 -1.114464e+001 -2.019125e+001
      vertex  1.380000e+001 -1.114464e+001 -2.019125e+001
      vertex  1.380000e+001 -1.085536e+001 -2.019125e+001
    endloop
  endfacet
  facet normal  0.000000e+000  0.000000e+000  1.000000e+000
    outer loop
      vertex  7.800000e+000 -1.114464e+001 -2.019125e+001
      vertex  1.380000e+001 -1.085536e+001 -2.019125e+001
      vertex  7.800000e+000 -1.085536e+001 -2.019125e+001
    endloop
  endfacet
  facet normal  0.000000e+000 -2.393152e-001  9.709419e-001
    outer loop
      vertex  7.800000e+000 -1.085536e+001 -2.019125e+001
      vertex  1.380000e+001 -1.085536e+001 -2.019125e+001
      vertex  1.380000e+001 -1.057447e+001 -2.012202e+001
    endloop
  endfacet
  facet normal  0.000000e+000 -2.393152e-001  9.709419e-001
    outer loop
      vertex  7.800000e+000 -1.085536e+001 -2.019125e+001
      vertex  1.380000e+001 -1.057447e+001 -2.012202e+001
      vertex  7.800000e+000 -1.057447e+001 -2.012202e+001
    endloop
  endfacet
  facet normal  0.000000e+000 -4.647192e-001  8.854581e-001
    outer loop
      vertex  7.800000e+000 -1.057447e+001 -2.012202e+001
      vertex  1.380000e+001 -1.057447e+001 -2.012202e+001
      vertex  1.380000e+001 -1.031832e+001 -1.998758e+001
    endloop
  endfacet
  facet normal  0.000000e+000 -4.647192e-001  8.854581e-001
    outer loop
      vertex  7.800000e+000 -1.057447e+001 -2.012202e+001
      vertex  1.380000e+001 -1.031832e+001 -1.998758e+001
      vertex  7.800000e+000 -1.031832e+001 -1.998758e+001
    endloop
  endfacet
  facet normal  0.000000e+000 -6.631238e-001  7.485098e-001
    outer loop
      vertex  7.800000e+000 -1.031832e+001 -1.998758e+001
      vertex  1.380000e+001 -1.031832e+001 -1.998758e+001
      vertex  1.380000e+001 -1.010179e+001 -1.979575e+001
    endloop
  endfacet
  facet normal  0.000000e+000 -6.631238e-001  7.485098e-001
    outer loop
      vertex  7.800000e+000 -1.031832e+001 -1.998758e+001
      vertex  1.380000e+001 -1.010179e+001 -1.979575e+001
      vertex  7.800000e+000 -1.010179e+001 -1.979575e+001
    endloop
  endfacet
  facet normal  0.000000e+000 -8.229821e-001  5.680674e-001
    outer loop
      vertex  7.800000e+000 -1.010179e+001 -1.979575e+001
      vertex  1.380000e+001 -1.010179e+001 -1.979575e+001
      vertex  1.380000e+001 -9.937452e+000 -1.955767e+001
    endloop
  endfacet
  facet normal  0.000000e+000 -8.229821e-001  5.680674e-001
    outer loop
      vertex  7.800000e+000 -1.010179e+001 -1.979575e+001
      vertex  1.380000e+001 -9.937452e+000 -1.955767e+001
      vertex  7.800000e+000 -9.937452e+000 -1.955767e+001
    endloop
  endfacet
  facet normal  0.000000e+000 -9.350169e-001  3.546029e-001
    outer loop
      vertex  7.800000e+000 -9.937452e+000 -1.955767e+001
      vertex  1.380000e+001 -9.937452e+000 -1.955767e+001
      vertex  1.380000e+001 -9.834869e+000 -1.928718e+001
    endloop
  endfacet
  facet normal  0.000000e+000 -9.350169e-001  3.546029e-001
    outer loop
      vertex  7.800000e+000 -9.937452e+000 -1.955767e+001
      vertex  1.380000e+001 -9.834869e+000 -1.928718e+001
      vertex  7.800000e+000 -9.834869e+000 -1.928718e+001
    endloop
  endfacet
  facet normal  0.000000e+000 -9.927091e-001  1.205349e-001
    outer loop
      vertex  7.800000e+000 -9.834869e+000 -1.928718e+001
      vertex  1.380000e+001 -9.834869e+000 -1.928718e+001
      vertex  1.380000e+001 -9.800000e+000 -1.900000e+001
    endloop
  endfacet
  facet normal  0.000000e+000 -9.927091e-001  1.205349e-001
    outer loop
      vertex  7.800000e+000 -9.834869e+000 -1.928718e+001
      vertex  1.380000e+001 -9.800000e+000 -1.900000e+001
      vertex  7.800000e+000 -9.800000e+000 -1.900000e+001
    endloop
  endfacet
  facet normal  0.000000e+000  0.000000e+000  1.000000e+000
    outer loop
      vertex  7.800000e+000 -8.000000e+000 -1.500000e+001
      vertex  7.800000e+000 -1.390253e+001 -1.500000e+001
      vertex  1.380000e+001 -8.000000e+000 -1.500000e+001
    endloop
  endfacet
  facet normal  0.000000e+000  0.000000e+000  1.000000e+000
    outer loop
      vertex  1.380000e+001 -8.000000e+000 -1.500000e+001
      vertex  7.800000e+000 -1.390253e+001 -1.500000e+001
      vertex  1.380000e+001 -1.390253e+001 -1.500000e+001
    endloop
  endfacet
  facet normal  0.000000e+000 -2.393152e-001 -9.709419e-001
    outer loop
      vertex  1.380000e+001 -1.085536e+001  2.019125e+001
      vertex  7.800000e+000 -1.057447e+001  2.012202e+001
      vertex  1.380000e+001 -1.057447e+001  2.012202e+001
    endloop
  endfacet
  facet normal  -0.000000e+000 -4.647192e-001 -8.854581e-001
    outer loop
      vertex  1.380000e+001 -1.057447e+001  2.012202e+001
      vertex  7.800000e+000 -1.057447e+001  2.012202e+001
      vertex  7.800000e+000 -1.031832e+001  1.998758e+001
    endloop
  endfacet
  facet normal  0.000000e+000 -4.647192e-001 -8.854581e-001
    outer loop
      vertex  1.380000e+001 -1.057447e+001  2.012202e+001
      vertex  7.800000e+000 -1.031832e+001  1.998758e+001
      vertex  1.380000e+001 -1.031832e+001  1.998758e+001
    endloop
  endfacet
  facet normal  -0.000000e+000 -6.631238e-001 -7.485098e-001
    outer loop
      vertex  1.380000e+001 -1.031832e+001  1.998758e+001
      vertex  7.800000e+000 -1.031832e+001  1.998758e+001
      vertex  7.800000e+000 -1.010179e+001  1.979575e+001
    endloop
  endfacet
  facet normal  0.000000e+000 -6.631238e-001 -7.485098e-001
    outer loop
      vertex  1.380000e+001 -1.031832e+001  1.998758e+001
      vertex  7.800000e+000 -1.010179e+001  1.979575e+001
      vertex  1.380000e+001 -1.010179e+001  1.979575e+001
    endloop
  endfacet
  facet normal  -0.000000e+000 -8.229821e-001 -5.680674e-001
    outer loop
      vertex  1.380000e+001 -1.010179e+001  1.979575e+001
      vertex  7.800000e+000 -1.010179e+001  1.979575e+001
      vertex  7.800000e+000 -9.937452e+000  1.955767e+001
    endloop
  endfacet
  facet normal  0.000000e+000 -8.229821e-001 -5.680674e-001
    outer loop
      vertex  1.380000e+001 -1.010179e+001  1.979575e+001
      vertex  7.800000e+000 -9.937452e+000  1.955767e+001
      vertex  1.380000e+001 -9.937452e+000  1.955767e+001
    endloop
  endfacet
  facet normal  -0.000000e+000 -9.350169e-001 -3.546029e-001
    outer loop
      vertex  1.380000e+001 -9.937452e+000  1.955767e+001
      vertex  7.800000e+000 -9.937452e+000  1.955767e+001
      vertex  7.800000e+000 -9.834869e+000  1.928718e+001
    endloop
  endfacet
  facet normal  0.000000e+000 -9.350169e-001 -3.546029e-001
    outer loop
      vertex  1.380000e+001 -9.937452e+000  1.955767e+001
      vertex  7.800000e+000 -9.834869e+000  1.928718e+001
      vertex  1.380000e+001 -9.834869e+000  1.928718e+001
    endloop
  endfacet
  facet normal  -0.000000e+000 -9.927091e-001 -1.205349e-001
    outer loop
      vertex  1.380000e+001 -9.834869e+000  1.928718e+001
      vertex  7.800000e+000 -9.834869e+000  1.928718e+001
      vertex  7.800000e+000 -9.800000e+000  1.900000e+001
    endloop
  endfacet
  facet normal  0.000000e+000 -9.927091e-001 -1.205349e-001
    outer loop
      vertex  1.380000e+001 -9.834869e+000  1.928718e+001
      vertex  7.800000e+000 -9.800000e+000  1.900000e+001
      vertex  1.380000e+001 -9.800000e+000  1.900000e+001
    endloop
  endfacet
  facet normal  -0.000000e+000 -2.393152e-001 -9.709419e-001
    outer loop
      vertex  7.800000e+000 -1.057447e+001  2.012202e+001
      vertex  1.380000e+001 -1.085536e+001  2.019125e+001
      vertex  7.800000e+000 -1.085536e+001  2.019125e+001
    endloop
  endfacet
  facet normal  0.000000e+000  0.000000e+000 -1.000000e+000
    outer loop
      vertex  7.800000e+000 -1.085536e+001  2.019125e+001
      vertex  1.380000e+001 -1.085536e+001  2.019125e+001
      vertex  1.380000e+001 -1.114464e+001  2.019125e+001
    endloop
  endfacet
  facet normal  0.000000e+000  0.000000e+000 -1.000000e+000
    outer loop
      vertex  7.800000e+000 -1.085536e+001  2.019125e+001
      vertex  1.380000e+001 -1.114464e+001  2.019125e+001
      vertex  7.800000e+000 -1.114464e+001  2.019125e+001
    endloop
  endfacet
  facet normal  0.000000e+000  2.393152e-001 -9.709419e-001
    outer loop
      vertex  7.800000e+000 -1.114464e+001  2.019125e+001
      vertex  1.380000e+001 -1.114464e+001  2.019125e+001
      vertex  1.380000e+001 -1.142553e+001  2.012202e+001
    endloop
  endfacet
  facet normal  0.000000e+000  2.393152e-001 -9.709419e-001
    outer loop
      vertex  7.800000e+000 -1.114464e+001  2.019125e+001
      vertex  1.380000e+001 -1.142553e+001  2.012202e+001
      vertex  7.800000e+000 -1.142553e+001  2.012202e+001
    endloop
  endfacet
  facet normal  0.000000e+000  4.647192e-001 -8.854581e-001
    outer loop
      vertex  7.800000e+000 -1.142553e+001  2.012202e+001
      vertex  1.380000e+001 -1.142553e+001  2.012202e+001
      vertex  1.380000e+001 -1.168168e+001  1.998758e+001
    endloop
  endfacet
  facet normal  0.000000e+000  4.647192e-001 -8.854581e-001
    outer loop
      vertex  7.800000e+000 -1.142553e+001  2.012202e+001
      vertex  1.380000e+001 -1.168168e+001  1.998758e+001
      vertex  7.800000e+000 -1.168168e+001  1.998758e+001
    endloop
  endfacet
  facet normal  0.000000e+000  6.631238e-001 -7.485098e-001
    outer loop
      vertex  7.800000e+000 -1.168168e+001  1.998758e+001
      vertex  1.380000e+001 -1.168168e+001  1.998758e+001
      vertex  1.380000e+001 -1.189821e+001  1.979575e+001
    endloop
  endfacet
  facet normal  0.000000e+000  6.631238e-001 -7.485098e-001
    outer loop
      vertex  7.800000e+000 -1.168168e+001  1.998758e+001
      vertex  1.380000e+001 -1.189821e+001  1.979575e+001
      vertex  7.800000e+000 -1.189821e+001  1.979575e+001
    endloop
  endfacet
  facet normal  0.000000e+000  8.229821e-001 -5.680674e-001
    outer loop
      vertex  7.800000e+000 -1.189821e+001  1.979575e+001
      vertex  1.380000e+001 -1.189821e+001  1.979575e+001
      vertex  1.380000e+001 -1.206255e+001  1.955767e+001
    endloop
  endfacet
  facet normal  0.000000e+000  8.229821e-001 -5.680674e-001
    outer loop
      vertex  7.800000e+000 -1.189821e+001  1.979575e+001
      vertex  1.380000e+001 -1.206255e+001  1.955767e+001
      vertex  7.800000e+000 -1.206255e+001  1.955767e+001
    endloop
  endfacet
  facet normal  0.000000e+000  9.350169e-001 -3.546029e-001
    outer loop
      vertex  7.800000e+000 -1.206255e+001  1.955767e+001
      vertex  1.380000e+001 -1.206255e+001  1.955767e+001
      vertex  1.380000e+001 -1.216513e+001  1.928718e+001
    endloop
  endfacet
  facet normal  0.000000e+000  9.350169e-001 -3.546029e-001
    outer loop
      vertex  7.800000e+000 -1.206255e+001  1.955767e+001
      vertex  1.380000e+001 -1.216513e+001  1.928718e+001
      vertex  7.800000e+000 -1.216513e+001  1.928718e+001
    endloop
  endfacet
  facet normal  0.000000e+000  9.927091e-001 -1.205349e-001
    outer loop
      vertex  7.800000e+000 -1.216513e+001  1.928718e+001
      vertex  1.380000e+001 -1.216513e+001  1.928718e+001
      vertex  1.380000e+001 -1.220000e+001  1.900000e+001
    endloop
  endfacet
  facet normal  0.000000e+000  9.927091e-001 -1.205349e-001
    outer loop
      vertex  7.800000e+000 -1.216513e+001  1.928718e+001
      vertex  1.380000e+001 -1.220000e+001  1.900000e+001
      vertex  7.800000e+000 -1.220000e+001  1.900000e+001
    endloop
  endfacet
  facet normal  -0.000000e+000  2.393152e-001  9.709419e-001
    outer loop
      vertex  1.380000e+001 -1.114464e+001  1.780875e+001
      vertex  7.800000e+000 -1.142553e+001  1.787798e+001
      vertex  1.380000e+001 -1.142553e+001  1.787798e+001
    endloop
  endfacet
  facet normal  0.000000e+000  4.647192e-001  8.854581e-001
    outer loop
      vertex  1.380000e+001 -1.142553e+001  1.787798e+001
      vertex  7.800000e+000 -1.142553e+001  1.787798e+001
      vertex  7.800000e+000 -1.168168e+001  1.801242e+001
    endloop
  endfacet
  facet normal  -0.000000e+000  4.647192e-001  8.854581e-001
    outer loop
      vertex  1.380000e+001 -1.142553e+001  1.787798e+001
      vertex  7.800000e+000 -1.168168e+001  1.801242e+001
      vertex  1.380000e+001 -1.168168e+001  1.801242e+001
    endloop
  endfacet
  facet normal  0.000000e+000  6.631238e-001  7.485098e-001
    outer loop
      vertex  1.380000e+001 -1.168168e+001  1.801242e+001
      vertex  7.800000e+000 -1.168168e+001  1.801242e+001
      vertex  7.800000e+000 -1.189821e+001  1.820425e+001
    endloop
  endfacet
  facet normal  -0.000000e+000  6.631238e-001  7.485098e-001
    outer loop
      vertex  1.380000e+001 -1.168168e+001  1.801242e+001
      vertex  7.800000e+000 -1.189821e+001  1.820425e+001
      vertex  1.380000e+001 -1.189821e+001  1.820425e+001
    endloop
  endfacet
  facet normal  0.000000e+000  8.229821e-001  5.680674e-001
    outer loop
      vertex  1.380000e+001 -1.189821e+001  1.820425e+001
      vertex  7.800000e+000 -1.189821e+001  1.820425e+001
      vertex  7.800000e+000 -1.206255e+001  1.844233e+001
    endloop
  endfacet
  facet normal  -0.000000e+000  8.229821e-001  5.680674e-001
    outer loop
      vertex  1.380000e+001 -1.189821e+001  1.820425e+001
      vertex  7.800000e+000 -1.206255e+001  1.844233e+001
      vertex  1.380000e+001 -1.206255e+001  1.844233e+001
    endloop
  endfacet
  facet normal  0.000000e+000  9.350169e-001  3.546029e-001
    outer loop
      vertex  1.380000e+001 -1.206255e+001  1.844233e+001
      vertex  7.800000e+000 -1.206255e+001  1.844233e+001
      vertex  7.800000e+000 -1.216513e+001  1.871282e+001
    endloop
  endfacet
  facet normal  -0.000000e+000  9.350169e-001  3.546029e-001
    outer loop
      vertex  1.380000e+001 -1.206255e+001  1.844233e+001
      vertex  7.800000e+000 -1.216513e+001  1.871282e+001
      vertex  1.380000e+001 -1.216513e+001  1.871282e+001
    endloop
  endfacet
  facet normal  0.000000e+000  9.927091e-001  1.205349e-001
    outer loop
      vertex  1.380000e+001 -1.216513e+001  1.871282e+001
      vertex  7.800000e+000 -1.216513e+001  1.871282e+001
      vertex  7.800000e+000 -1.220000e+001  1.900000e+001
    endloop
  endfacet
  facet normal  -0.000000e+000  9.927091e-001  1.205349e-001
    outer loop
      vertex  1.380000e+001 -1.216513e+001  1.871282e+001
      vertex  7.800000e+000 -1.220000e+001  1.900000e+001
      vertex  1.380000e+001 -1.220000e+001  1.900000e+001
    endloop
  endfacet
  facet normal  0.000000e+000  2.393152e-001  9.709419e-001
    outer loop
      vertex  7.800000e+000 -1.142553e+001  1.787798e+001
      vertex  1.380000e+001 -1.114464e+001  1.780875e+001
      vertex  7.800000e+000 -1.114464e+001  1.780875e+001
    endloop
  endfacet
  facet normal  0.000000e+000  0.000000e+000  1.000000e+000
    outer loop
      vertex  7.800000e+000 -1.114464e+001  1.780875e+001
      vertex  1.380000e+001 -1.114464e+001  1.780875e+001
      vertex  1.380000e+001 -1.085536e+001  1.780875e+001
    endloop
  endfacet
  facet normal  0.000000e+000  0.000000e+000  1.000000e+000
    outer loop
      vertex  7.800000e+000 -1.114464e+001  1.780875e+001
      vertex  1.380000e+001 -1.085536e+001  1.780875e+001
      vertex  7.800000e+000 -1.085536e+001  1.780875e+001
    endloop
  endfacet
  facet normal  0.000000e+000 -2.393152e-001  9.709419e-001
    outer loop
      vertex  7.800000e+000 -1.085536e+001  1.780875e+001
      vertex  1.380000e+001 -1.085536e+001  1.780875e+001
      vertex  1.380000e+001 -1.057447e+001  1.787798e+001
    endloop
  endfacet
  facet normal  0.000000e+000 -2.393152e-001  9.709419e-001
    outer loop
      vertex  7.800000e+000 -1.085536e+001  1.780875e+001
      vertex  1.380000e+001 -1.057447e+001  1.787798e+001
      vertex  7.800000e+000 -1.057447e+001  1.787798e+001
    endloop
  endfacet
  facet normal  0.000000e+000 -4.647192e-001  8.854581e-001
    outer loop
      vertex  7.800000e+000 -1.057447e+001  1.787798e+001
      vertex  1.380000e+001 -1.057447e+001  1.787798e+001
      vertex  1.380000e+001 -1.031832e+001  1.801242e+001
    endloop
  endfacet
  facet normal  0.000000e+000 -4.647192e-001  8.854581e-001
    outer loop
      vertex  7.800000e+000 -1.057447e+001  1.787798e+001
      vertex  1.380000e+001 -1.031832e+001  1.801242e+001
      vertex  7.800000e+000 -1.031832e+001  1.801242e+001
    endloop
  endfacet
  facet normal  0.000000e+000 -6.631238e-001  7.485098e-001
    outer loop
      vertex  7.800000e+000 -1.031832e+001  1.801242e+001
      vertex  1.380000e+001 -1.031832e+001  1.801242e+001
      vertex  1.380000e+001 -1.010179e+001  1.820425e+001
    endloop
  endfacet
  facet normal  0.000000e+000 -6.631238e-001  7.485098e-001
    outer loop
      vertex  7.800000e+000 -1.031832e+001  1.801242e+001
      vertex  1.380000e+001 -1.010179e+001  1.820425e+001
      vertex  7.800000e+000 -1.010179e+001  1.820425e+001
    endloop
  endfacet
  facet normal  0.000000e+000 -8.229821e-001  5.680674e-001
    outer loop
      vertex  7.800000e+000 -1.010179e+001  1.820425e+001
      vertex  1.380000e+001 -1.010179e+001  1.820425e+001
      vertex  1.380000e+001 -9.937452e+000  1.844233e+001
    endloop
  endfacet
  facet normal  0.000000e+000 -8.229821e-001  5.680674e-001
    outer loop
      vertex  7.800000e+000 -1.010179e+001  1.820425e+001
      vertex  1.380000e+001 -9.937452e+000  1.844233e+001
      vertex  7.800000e+000 -9.937452e+000  1.844233e+001
    endloop
  endfacet
  facet normal  0.000000e+000 -9.350169e-001  3.546029e-001
    outer loop
      vertex  7.800000e+000 -9.937452e+000  1.844233e+001
      vertex  1.380000e+001 -9.937452e+000  1.844233e+001
      vertex  1.380000e+001 -9.834869e+000  1.871282e+001
    endloop
  endfacet
  facet normal  0.000000e+000 -9.350169e-001  3.546029e-001
    outer loop
      vertex  7.800000e+000 -9.937452e+000  1.844233e+001
      vertex  1.380000e+001 -9.834869e+000  1.871282e+001
      vertex  7.800000e+000 -9.834869e+000  1.871282e+001
    endloop
  endfacet
  facet normal  0.000000e+000 -9.927091e-001  1.205349e-001
    outer loop
      vertex  7.800000e+000 -9.834869e+000  1.871282e+001
      vertex  1.380000e+001 -9.834869e+000  1.871282e+001
      vertex  1.380000e+001 -9.800000e+000  1.900000e+001
    endloop
  endfacet
  facet normal  0.000000e+000 -9.927091e-001  1.205349e-001
    outer loop
      vertex  7.800000e+000 -9.834869e+000  1.871282e+001
      vertex  1.380000e+001 -9.800000e+000  1.900000e+001
      vertex  7.800000e+000 -9.800000e+000  1.900000e+001
    endloop
  endfacet
  facet normal  -0.000000e+000  0.000000e+000 -1.000000e+000
    outer loop
      vertex  7.800000e+000 -8.000000e+000  1.500000e+001
      vertex  1.380000e+001 -8.000000e+000  1.500000e+001
      vertex  7.800000e+000 -1.390253e+001  1.500000e+001
    endloop
  endfacet
  facet normal  0.000000e+000  0.000000e+000 -1.000000e+000
    outer loop
      vertex  7.800000e+000 -1.390253e+001  1.500000e+001
      vertex  1.380000e+001 -8.000000e+000  1.500000e+001
      vertex  1.380000e+001 -1.390253e+001  1.500000e+001
    endloop
  endfacet
  facet normal  1.837521e-001  0.000000e+000  9.829726e-001
    outer loop
      vertex -6.019838e+001  0.000000e+000 -1.876583e+001
      vertex -6.058838e+001  3.000000e+000 -1.869292e+001
      vertex -6.058838e+001  0.000000e+000 -1.869292e+001
    endloop
  endfacet
  facet normal  3.612424e-001  -0.000000e+000  9.324719e-001
    outer loop
      vertex -6.058838e+001  0.000000e+000 -1.869292e+001
      vertex -6.058838e+001  3.000000e+000 -1.869292e+001
      vertex -6.095834e+001  3.000000e+000 -1.854960e+001
    endloop
  endfacet
  facet normal  3.612424e-001  0.000000e+000  9.324719e-001
    outer loop
      vertex -6.058838e+001  0.000000e+000 -1.869292e+001
      vertex -6.095834e+001  3.000000e+000 -1.854960e+001
      vertex -6.095834e+001  0.000000e+000 -1.854960e+001
    endloop
  endfacet
  facet normal  5.264292e-001  -0.000000e+000  8.502190e-001
    outer loop
      vertex -6.095834e+001  0.000000e+000 -1.854960e+001
      vertex -6.095834e+001  3.000000e+000 -1.854960e+001
      vertex -6.129567e+001  3.000000e+000 -1.834074e+001
    endloop
  endfacet
  facet normal  5.264292e-001  0.000000e+000  8.502190e-001
    outer loop
      vertex -6.095834e+001  0.000000e+000 -1.854960e+001
      vertex -6.129567e+001  3.000000e+000 -1.834074e+001
      vertex -6.129567e+001  0.000000e+000 -1.834074e+001
    endloop
  endfacet
  facet normal  6.736931e-001  -0.000000e+000  7.390112e-001
    outer loop
      vertex -6.129567e+001  0.000000e+000 -1.834074e+001
      vertex -6.129567e+001  3.000000e+000 -1.834074e+001
      vertex -6.158887e+001  3.000000e+000 -1.807345e+001
    endloop
  endfacet
  facet normal  6.736931e-001  0.000000e+000  7.390112e-001
    outer loop
      vertex -6.129567e+001  0.000000e+000 -1.834074e+001
      vertex -6.158887e+001  3.000000e+000 -1.807345e+001
      vertex -6.158887e+001  0.000000e+000 -1.807345e+001
    endloop
  endfacet
  facet normal  7.980186e-001  -0.000000e+000  6.026327e-001
    outer loop
      vertex -6.158887e+001  0.000000e+000 -1.807345e+001
      vertex -6.158887e+001  3.000000e+000 -1.807345e+001
      vertex -6.182797e+001  3.000000e+000 -1.775683e+001
    endloop
  endfacet
  facet normal  7.980186e-001  0.000000e+000  6.026327e-001
    outer loop
      vertex -6.158887e+001  0.000000e+000 -1.807345e+001
      vertex -6.182797e+001  3.000000e+000 -1.775683e+001
      vertex -6.182797e+001  0.000000e+000 -1.775683e+001
    endloop
  endfacet
  facet normal  8.951654e-001  -0.000000e+000  4.457342e-001
    outer loop
      vertex -6.182797e+001  0.000000e+000 -1.775683e+001
      vertex -6.182797e+001  3.000000e+000 -1.775683e+001
      vertex -6.200481e+001  3.000000e+000 -1.740167e+001
    endloop
  endfacet
  facet normal  8.951654e-001  0.000000e+000  4.457342e-001
    outer loop
      vertex -6.182797e+001  0.000000e+000 -1.775683e+001
      vertex -6.200481e+001  3.000000e+000 -1.740167e+001
      vertex -6.200481e+001  0.000000e+000 -1.740167e+001
    endloop
  endfacet
  facet normal  9.618253e-001  -0.000000e+000  2.736644e-001
    outer loop
      vertex -6.200481e+001  0.000000e+000 -1.740167e+001
      vertex -6.200481e+001  3.000000e+000 -1.740167e+001
      vertex -6.211339e+001  3.000000e+000 -1.702006e+001
    endloop
  endfacet
  facet normal  9.618253e-001  0.000000e+000  2.736644e-001
    outer loop
      vertex -6.200481e+001  0.000000e+000 -1.740167e+001
      vertex -6.211339e+001  3.000000e+000 -1.702006e+001
      vertex -6.211339e+001  0.000000e+000 -1.702006e+001
    endloop
  endfacet
  facet normal  9.957337e-001  -0.000000e+000  9.227289e-002
    outer loop
      vertex -6.211339e+001  0.000000e+000 -1.702006e+001
      vertex -6.211339e+001  3.000000e+000 -1.702006e+001
      vertex -6.215000e+001  3.000000e+000 -1.662500e+001
    endloop
  endfacet
  facet normal  9.957337e-001  0.000000e+000  9.227289e-002
    outer loop
      vertex -6.211339e+001  0.000000e+000 -1.702006e+001
      vertex -6.215000e+001  3.000000e+000 -1.662500e+001
      vertex -6.215000e+001  0.000000e+000 -1.662500e+001
    endloop
  endfacet
  facet normal  1.837521e-001  -0.000000e+000  9.829726e-001
    outer loop
      vertex -6.058838e+001  3.000000e+000 -1.869292e+001
      vertex -6.019838e+001  0.000000e+000 -1.876583e+001
      vertex -6.019838e+001  3.000000e+000 -1.876583e+001
    endloop
  endfacet
  facet normal  0.000000e+000  0.000000e+000  1.000000e+000
    outer loop
      vertex -6.019838e+001  3.000000e+000 -1.876583e+001
      vertex -6.019838e+001  0.000000e+000 -1.876583e+001
      vertex -5.980162e+001  0.000000e+000 -1.876583e+001
    endloop
  endfacet
  facet normal  0.000000e+000  -0.000000e+000  1.000000e+000
    outer loop
      vertex -6.019838e+001  3.000000e+000 -1.876583e+001
      vertex -5.980162e+001  0.000000e+000 -1.876583e+001
      vertex -5.980162e+001  3.000000e+000 -1.876583e+001
    endloop
  endfacet
  facet normal -1.837521e-001  0.000000e+000  9.829726e-001
    outer loop
      vertex -5.980162e+001  3.000000e+000 -1.876583e+001
      vertex -5.980162e+001  0.000000e+000 -1.876583e+001
      vertex -5.941162e+001  0.000000e+000 -1.869292e+001
    endloop
  endfacet
  facet normal -1.837521e-001  0.000000e+000  9.829726e-001
    outer loop
      vertex -5.980162e+001  3.000000e+000 -1.876583e+001
      vertex -5.941162e+001  0.000000e+000 -1.869292e+001
      vertex -5.941162e+001  3.000000e+000 -1.869292e+001
    endloop
  endfacet
  facet normal -3.612424e-001  0.000000e+000  9.324719e-001
    outer loop
      vertex -5.941162e+001  3.000000e+000 -1.869292e+001
      vertex -5.941162e+001  0.000000e+000 -1.869292e+001
      vertex -5.904166e+001  0.000000e+000 -1.854960e+001
    endloop
  endfacet
  facet normal -3.612424e-001  0.000000e+000  9.324719e-001
    outer loop
      vertex -5.941162e+001  3.000000e+000 -1.869292e+001
      vertex -5.904166e+001  0.000000e+000 -1.854960e+001
      vertex -5.904166e+001  3.000000e+000 -1.854960e+001
    endloop
  endfacet
  facet normal -5.264292e-001  0.000000e+000  8.502190e-001
    outer loop
      vertex -5.904166e+001  3.000000e+000 -1.854960e+001
      vertex -5.904166e+001  0.000000e+000 -1.854960e+001
      vertex -5.870433e+001  0.000000e+000 -1.834074e+001
    endloop
  endfacet
  facet normal -5.264292e-001  0.000000e+000  8.502190e-001
    outer loop
      vertex -5.904166e+001  3.000000e+000 -1.854960e+001
      vertex -5.870433e+001  0.000000e+000 -1.834074e+001
      vertex -5.870433e+001  3.000000e+000 -1.834074e+001
    endloop
  endfacet
  facet normal -6.736931e-001  0.000000e+000  7.390112e-001
    outer loop
      vertex -5.870433e+001  3.000000e+000 -1.834074e+001
      vertex -5.870433e+001  0.000000e+000 -1.834074e+001
      vertex -5.841113e+001  0.000000e+000 -1.807345e+001
    endloop
  endfacet
  facet normal -6.736931e-001  0.000000e+000  7.390112e-001
    outer loop
      vertex -5.870433e+001  3.000000e+000 -1.834074e+001
      vertex -5.841113e+001  0.000000e+000 -1.807345e+001
      vertex -5.841113e+001  3.000000e+000 -1.807345e+001
    endloop
  endfacet
  facet normal -7.980186e-001  0.000000e+000  6.026327e-001
    outer loop
      vertex -5.841113e+001  3.000000e+000 -1.807345e+001
      vertex -5.841113e+001  0.000000e+000 -1.807345e+001
      vertex -5.817203e+001  0.000000e+000 -1.775683e+001
    endloop
  endfacet
  facet normal -7.980186e-001  0.000000e+000  6.026327e-001
    outer loop
      vertex -5.841113e+001  3.000000e+000 -1.807345e+001
      vertex -5.817203e+001  0.000000e+000 -1.775683e+001
      vertex -5.817203e+001  3.000000e+000 -1.775683e+001
    endloop
  endfacet
  facet normal -8.951654e-001  0.000000e+000  4.457342e-001
    outer loop
      vertex -5.817203e+001  3.000000e+000 -1.775683e+001
      vertex -5.817203e+001  0.000000e+000 -1.775683e+001
      vertex -5.799519e+001  0.000000e+000 -1.740167e+001
    endloop
  endfacet
  facet normal -8.951654e-001  0.000000e+000  4.457342e-001
    outer loop
      vertex -5.817203e+001  3.000000e+000 -1.775683e+001
      vertex -5.799519e+001  0.000000e+000 -1.740167e+001
      vertex -5.799519e+001  3.000000e+000 -1.740167e+001
    endloop
  endfacet
  facet normal -9.618253e-001  0.000000e+000  2.736644e-001
    outer loop
      vertex -5.799519e+001  3.000000e+000 -1.740167e+001
      vertex -5.799519e+001  0.000000e+000 -1.740167e+001
      vertex -5.788661e+001  0.000000e+000 -1.702006e+001
    endloop
  endfacet
  facet normal -9.618253e-001  0.000000e+000  2.736644e-001
    outer loop
      vertex -5.799519e+001  3.000000e+000 -1.740167e+001
      vertex -5.788661e+001  0.000000e+000 -1.702006e+001
      vertex -5.788661e+001  3.000000e+000 -1.702006e+001
    endloop
  endfacet
  facet normal -9.957337e-001  0.000000e+000  9.227289e-002
    outer loop
      vertex -5.788661e+001  3.000000e+000 -1.702006e+001
      vertex -5.788661e+001  0.000000e+000 -1.702006e+001
      vertex -5.785000e+001  0.000000e+000 -1.662500e+001
    endloop
  endfacet
  facet normal -9.957337e-001  0.000000e+000  9.227289e-002
    outer loop
      vertex -5.788661e+001  3.000000e+000 -1.702006e+001
      vertex -5.785000e+001  0.000000e+000 -1.662500e+001
      vertex -5.785000e+001  3.000000e+000 -1.662500e+001
    endloop
  endfacet
  facet normal -1.837475e-001  -0.000000e+000 -9.829735e-001
    outer loop
      vertex -5.980162e+001  0.000000e+000 -1.448417e+001
      vertex -5.941162e+001  3.000000e+000 -1.455707e+001
      vertex -5.941162e+001  0.000000e+000 -1.455707e+001
    endloop
  endfacet
  facet normal -3.612445e-001  0.000000e+000 -9.324711e-001
    outer loop
      vertex -5.941162e+001  0.000000e+000 -1.455707e+001
      vertex -5.941162e+001  3.000000e+000 -1.455707e+001
      vertex -5.904166e+001  3.000000e+000 -1.470040e+001
    endloop
  endfacet
  facet normal -3.612445e-001  -0.000000e+000 -9.324711e-001
    outer loop
      vertex -5.941162e+001  0.000000e+000 -1.455707e+001
      vertex -5.904166e+001  3.000000e+000 -1.470040e+001
      vertex -5.904166e+001  0.000000e+000 -1.470040e+001
    endloop
  endfacet
  facet normal -5.264275e-001  0.000000e+000 -8.502200e-001
    outer loop
      vertex -5.904166e+001  0.000000e+000 -1.470040e+001
      vertex -5.904166e+001  3.000000e+000 -1.470040e+001
      vertex -5.870433e+001  3.000000e+000 -1.490926e+001
    endloop
  endfacet
  facet normal -5.264275e-001  -0.000000e+000 -8.502200e-001
    outer loop
      vertex -5.904166e+001  0.000000e+000 -1.470040e+001
      vertex -5.870433e+001  3.000000e+000 -1.490926e+001
      vertex -5.870433e+001  0.000000e+000 -1.490926e+001
    endloop
  endfacet
  facet normal -6.736958e-001  0.000000e+000 -7.390088e-001
    outer loop
      vertex -5.870433e+001  0.000000e+000 -1.490926e+001
      vertex -5.870433e+001  3.000000e+000 -1.490926e+001
      vertex -5.841113e+001  3.000000e+000 -1.517655e+001
    endloop
  endfacet
  facet normal -6.736958e-001  -0.000000e+000 -7.390088e-001
    outer loop
      vertex -5.870433e+001  0.000000e+000 -1.490926e+001
      vertex -5.841113e+001  3.000000e+000 -1.517655e+001
      vertex -5.841113e+001  0.000000e+000 -1.517655e+001
    endloop
  endfacet
  facet normal -7.980169e-001  0.000000e+000 -6.026350e-001
    outer loop
      vertex -5.841113e+001  0.000000e+000 -1.517655e+001
      vertex -5.841113e+001  3.000000e+000 -1.517655e+001
      vertex -5.817203e+001  3.000000e+000 -1.549317e+001
    endloop
  endfacet
  facet normal -7.980169e-001  -0.000000e+000 -6.026350e-001
    outer loop
      vertex -5.841113e+001  0.000000e+000 -1.517655e+001
      vertex -5.817203e+001  3.000000e+000 -1.549317e+001
      vertex -5.817203e+001  0.000000e+000 -1.549317e+001
    endloop
  endfacet
  facet normal -8.951663e-001  0.000000e+000 -4.457323e-001
    outer loop
      vertex -5.817203e+001  0.000000e+000 -1.549317e+001
      vertex -5.817203e+001  3.000000e+000 -1.549317e+001
      vertex -5.799519e+001  3.000000e+000 -1.584833e+001
    endloop
  endfacet
  facet normal -8.951663e-001  -0.000000e+000 -4.457323e-001
    outer loop
      vertex -5.817203e+001  0.000000e+000 -1.549317e+001
      vertex -5.799519e+001  3.000000e+000 -1.584833e+001
      vertex -5.799519e+001  0.000000e+000 -1.584833e+001
    endloop
  endfacet
  facet normal -9.618251e-001  0.000000e+000 -2.736651e-001
    outer loop
      vertex -5.799519e+001  0.000000e+000 -1.584833e+001
      vertex -5.799519e+001  3.000000e+000 -1.584833e+001
      vertex -5.788661e+001  3.000000e+000 -1.622994e+001
    endloop
  endfacet
  facet normal -9.618251e-001  -0.000000e+000 -2.736651e-001
    outer loop
      vertex -5.799519e+001  0.000000e+000 -1.584833e+001
      vertex -5.788661e+001  3.000000e+000 -1.622994e+001
      vertex -5.788661e+001  0.000000e+000 -1.622994e+001
    endloop
  endfacet
  facet normal -9.957337e-001  0.000000e+000 -9.227289e-002
    outer loop
      vertex -5.788661e+001  0.000000e+000 -1.622994e+001
      vertex -5.788661e+001  3.000000e+000 -1.622994e+001
      vertex -5.785000e+001  3.000000e+000 -1.662500e+001
    endloop
  endfacet
  facet normal -9.957337e-001  -0.000000e+000 -9.227289e-002
    outer loop
      vertex -5.788661e+001  0.000000e+000 -1.622994e+001
      vertex -5.785000e+001  3.000000e+000 -1.662500e+001
      vertex -5.785000e+001  0.000000e+000 -1.662500e+001
    endloop
  endfacet
  facet normal -1.837475e-001  0.000000e+000 -9.829735e-001
    outer loop
      vertex -5.941162e+001  3.000000e+000 -1.455707e+001
      vertex -5.980162e+001  0.000000e+000 -1.448417e+001
      vertex -5.980162e+001  3.000000e+000 -1.448417e+001
    endloop
  endfacet
  facet normal  0.000000e+000  -0.000000e+000 -1.000000e+000
    outer loop
      vertex -5.980162e+001  3.000000e+000 -1.448417e+001
      vertex -5.980162e+001  0.000000e+000 -1.448417e+001
      vertex -6.019838e+001  0.000000e+000 -1.448417e+001
    endloop
  endfacet
  facet normal  0.000000e+000  0.000000e+000 -1.000000e+000
    outer loop
      vertex -5.980162e+001  3.000000e+000 -1.448417e+001
      vertex -6.019838e+001  0.000000e+000 -1.448417e+001
      vertex -6.019838e+001  3.000000e+000 -1.448417e+001
    endloop
  endfacet
  facet normal  1.837475e-001  0.000000e+000 -9.829735e-001
    outer loop
      vertex -6.019838e+001  3.000000e+000 -1.448417e+001
      vertex -6.019838e+001  0.000000e+000 -1.448417e+001
      vertex -6.058838e+001  0.000000e+000 -1.455707e+001
    endloop
  endfacet
  facet normal  1.837475e-001  0.000000e+000 -9.829735e-001
    outer loop
      vertex -6.019838e+001  3.000000e+000 -1.448417e+001
      vertex -6.058838e+001  0.000000e+000 -1.455707e+001
      vertex -6.058838e+001  3.000000e+000 -1.455707e+001
    endloop
  endfacet
  facet normal  3.612445e-001  0.000000e+000 -9.324711e-001
    outer loop
      vertex -6.058838e+001  3.000000e+000 -1.455707e+001
      vertex -6.058838e+001  0.000000e+000 -1.455707e+001
      vertex -6.095834e+001  0.000000e+000 -1.470040e+001
    endloop
  endfacet
  facet normal  3.612445e-001  0.000000e+000 -9.324711e-001
    outer loop
      vertex -6.058838e+001  3.000000e+000 -1.455707e+001
      vertex -6.095834e+001  0.000000e+000 -1.470040e+001
      vertex -6.095834e+001  3.000000e+000 -1.470040e+001
    endloop
  endfacet
  facet normal  5.264275e-001  0.000000e+000 -8.502200e-001
    outer loop
      vertex -6.095834e+001  3.000000e+000 -1.470040e+001
      vertex -6.095834e+001  0.000000e+000 -1.470040e+001
      vertex -6.129567e+001  0.000000e+000 -1.490926e+001
    endloop
  endfacet
  facet normal  5.264275e-001  0.000000e+000 -8.502200e-001
    outer loop
      vertex -6.095834e+001  3.000000e+000 -1.470040e+001
      vertex -6.129567e+001  0.000000e+000 -1.490926e+001
      vertex -6.129567e+001  3.000000e+000 -1.490926e+001
    endloop
  endfacet
  facet normal  6.736958e-001  0.000000e+000 -7.390088e-001
    outer loop
      vertex -6.129567e+001  3.000000e+000 -1.490926e+001
      vertex -6.129567e+001  0.000000e+000 -1.490926e+001
      vertex -6.158887e+001  0.000000e+000 -1.517655e+001
    endloop
  endfacet
  facet normal  6.736958e-001  0.000000e+000 -7.390088e-001
    outer loop
      vertex -6.129567e+001  3.000000e+000 -1.490926e+001
      vertex -6.158887e+001  0.000000e+000 -1.517655e+001
      vertex -6.158887e+001  3.000000e+000 -1.517655e+001
    endloop
  endfacet
  facet normal  7.980169e-001  0.000000e+000 -6.026350e-001
    outer loop
      vertex -6.158887e+001  3.000000e+000 -1.517655e+001
      vertex -6.158887e+001  0.000000e+000 -1.517655e+001
      vertex -6.182797e+001  0.000000e+000 -1.549317e+001
    endloop
  endfacet
  facet normal  7.980169e-001  0.000000e+000 -6.026350e-001
    outer loop
      vertex -6.158887e+001  3.000000e+000 -1.517655e+001
      vertex -6.182797e+001  0.000000e+000 -1.549317e+001
      vertex -6.182797e+001  3.000000e+000 -1.549317e+001
    endloop
  endfacet
  facet normal  8.951663e-001  0.000000e+000 -4.457323e-001
    outer loop
      vertex -6.182797e+001  3.000000e+000 -1.549317e+001
      vertex -6.182797e+001  0.000000e+000 -1.549317e+001
      vertex -6.200481e+001  0.000000e+000 -1.584833e+001
    endloop
  endfacet
  facet normal  8.951663e-001  0.000000e+000 -4.457323e-001
    outer loop
      vertex -6.182797e+001  3.000000e+000 -1.549317e+001
      vertex -6.200481e+001  0.000000e+000 -1.584833e+001
      vertex -6.200481e+001  3.000000e+000 -1.584833e+001
    endloop
  endfacet
  facet normal  9.618251e-001  0.000000e+000 -2.736651e-001
    outer loop
      vertex -6.200481e+001  3.000000e+000 -1.584833e+001
      vertex -6.200481e+001  0.000000e+000 -1.584833e+001
      vertex -6.211339e+001  0.000000e+000 -1.622994e+001
    endloop
  endfacet
  facet normal  9.618251e-001  0.000000e+000 -2.736651e-001
    outer loop
      vertex -6.200481e+001  3.000000e+000 -1.584833e+001
      vertex -6.211339e+001  0.000000e+000 -1.622994e+001
      vertex -6.211339e+001  3.000000e+000 -1.622994e+001
    endloop
  endfacet
  facet normal  9.957337e-001  0.000000e+000 -9.227289e-002
    outer loop
      vertex -6.211339e+001  3.000000e+000 -1.622994e+001
      vertex -6.211339e+001  0.000000e+000 -1.622994e+001
      vertex -6.215000e+001  0.000000e+000 -1.662500e+001
    endloop
  endfacet
  facet normal  9.957337e-001  0.000000e+000 -9.227289e-002
    outer loop
      vertex -6.211339e+001  3.000000e+000 -1.622994e+001
      vertex -6.215000e+001  0.000000e+000 -1.662500e+001
      vertex -6.215000e+001  3.000000e+000 -1.662500e+001
    endloop
  endfacet
  facet normal -1.837475e-001  -0.000000e+000 -9.829735e-001
    outer loop
      vertex  6.019838e+001  0.000000e+000 -1.448417e+001
      vertex  6.058838e+001  3.000000e+000 -1.455707e+001
      vertex  6.058838e+001  0.000000e+000 -1.455707e+001
    endloop
  endfacet
  facet normal -3.612445e-001  0.000000e+000 -9.324711e-001
    outer loop
      vertex  6.058838e+001  0.000000e+000 -1.455707e+001
      vertex  6.058838e+001  3.000000e+000 -1.455707e+001
      vertex  6.095834e+001  3.000000e+000 -1.470040e+001
    endloop
  endfacet
  facet normal -3.612445e-001  -0.000000e+000 -9.324711e-001
    outer loop
      vertex  6.058838e+001  0.000000e+000 -1.455707e+001
      vertex  6.095834e+001  3.000000e+000 -1.470040e+001
      vertex  6.095834e+001  0.000000e+000 -1.470040e+001
    endloop
  endfacet
  facet normal -5.264275e-001  0.000000e+000 -8.502200e-001
    outer loop
      vertex  6.095834e+001  0.000000e+000 -1.470040e+001
      vertex  6.095834e+001  3.000000e+000 -1.470040e+001
      vertex  6.129567e+001  3.000000e+000 -1.490926e+001
    endloop
  endfacet
  facet normal -5.264275e-001  -0.000000e+000 -8.502200e-001
    outer loop
      vertex  6.095834e+001  0.000000e+000 -1.470040e+001
      vertex  6.129567e+001  3.000000e+000 -1.490926e+001
      vertex  6.129567e+001  0.000000e+000 -1.490926e+001
    endloop
  endfacet
  facet normal -6.736958e-001  0.000000e+000 -7.390088e-001
    outer loop
      vertex  6.129567e+001  0.000000e+000 -1.490926e+001
      vertex  6.129567e+001  3.000000e+000 -1.490926e+001
      vertex  6.158887e+001  3.000000e+000 -1.517655e+001
    endloop
  endfacet
  facet normal -6.736958e-001  -0.000000e+000 -7.390088e-001
    outer loop
      vertex  6.129567e+001  0.000000e+000 -1.490926e+001
      vertex  6.158887e+001  3.000000e+000 -1.517655e+001
      vertex  6.158887e+001  0.000000e+000 -1.517655e+001
    endloop
  endfacet
  facet normal -7.980169e-001  0.000000e+000 -6.026350e-001
    outer loop
      vertex  6.158887e+001  0.000000e+000 -1.517655e+001
      vertex  6.158887e+001  3.000000e+000 -1.517655e+001
      vertex  6.182797e+001  3.000000e+000 -1.549317e+001
    endloop
  endfacet
  facet normal -7.980169e-001  -0.000000e+000 -6.026350e-001
    outer loop
      vertex  6.158887e+001  0.000000e+000 -1.517655e+001
      vertex  6.182797e+001  3.000000e+000 -1.549317e+001
      vertex  6.182797e+001  0.000000e+000 -1.549317e+001
    endloop
  endfacet
  facet normal -8.951663e-001  0.000000e+000 -4.457323e-001
    outer loop
      vertex  6.182797e+001  0.000000e+000 -1.549317e+001
      vertex  6.182797e+001  3.000000e+000 -1.549317e+001
      vertex  6.200481e+001  3.000000e+000 -1.584833e+001
    endloop
  endfacet
  facet normal -8.951663e-001  -0.000000e+000 -4.457323e-001
    outer loop
      vertex  6.182797e+001  0.000000e+000 -1.549317e+001
      vertex  6.200481e+001  3.000000e+000 -1.584833e+001
      vertex  6.200481e+001  0.000000e+000 -1.584833e+001
    endloop
  endfacet
  facet normal -9.618251e-001  0.000000e+000 -2.736651e-001
    outer loop
      vertex  6.200481e+001  0.000000e+000 -1.584833e+001
      vertex  6.200481e+001  3.000000e+000 -1.584833e+001
      vertex  6.211339e+001  3.000000e+000 -1.622994e+001
    endloop
  endfacet
  facet normal -9.618251e-001  -0.000000e+000 -2.736651e-001
    outer loop
      vertex  6.200481e+001  0.000000e+000 -1.584833e+001
      vertex  6.211339e+001  3.000000e+000 -1.622994e+001
      vertex  6.211339e+001  0.000000e+000 -1.622994e+001
    endloop
  endfacet
  facet normal -9.957337e-001  0.000000e+000 -9.227289e-002
    outer loop
      vertex  6.211339e+001  0.000000e+000 -1.622994e+001
      vertex  6.211339e+001  3.000000e+000 -1.622994e+001
      vertex  6.215000e+001  3.000000e+000 -1.662500e+001
    endloop
  endfacet
  facet normal -9.957337e-001  -0.000000e+000 -9.227289e-002
    outer loop
      vertex  6.211339e+001  0.000000e+000 -1.622994e+001
      vertex  6.215000e+001  3.000000e+000 -1.662500e+001
      vertex  6.215000e+001  0.000000e+000 -1.662500e+001
    endloop
  endfacet
  facet normal -1.837475e-001  0.000000e+000 -9.829735e-001
    outer loop
      vertex  6.058838e+001  3.000000e+000 -1.455707e+001
      vertex  6.019838e+001  0.000000e+000 -1.448417e+001
      vertex  6.019838e+001  3.000000e+000 -1.448417e+001
    endloop
  endfacet
  facet normal  0.000000e+000  -0.000000e+000 -1.000000e+000
    outer loop
      vertex  6.019838e+001  3.000000e+000 -1.448417e+001
      vertex  6.019838e+001  0.000000e+000 -1.448417e+001
      vertex  5.980162e+001  0.000000e+000 -1.448417e+001
    endloop
  endfacet
  facet normal  0.000000e+000  0.000000e+000 -1.000000e+000
    outer loop
      vertex  6.019838e+001  3.000000e+000 -1.448417e+001
      vertex  5.980162e+001  0.000000e+000 -1.448417e+001
      vertex  5.980162e+001  3.000000e+000 -1.448417e+001
    endloop
  endfacet
  facet normal  1.837475e-001  0.000000e+000 -9.829735e-001
    outer loop
      vertex  5.980162e+001  3.000000e+000 -1.448417e+001
      vertex  5.980162e+001  0.000000e+000 -1.448417e+001
      vertex  5.941162e+001  0.000000e+000 -1.455707e+001
    endloop
  endfacet
  facet normal  1.837475e-001  0.000000e+000 -9.829735e-001
    outer loop
      vertex  5.980162e+001  3.000000e+000 -1.448417e+001
      vertex  5.941162e+001  0.000000e+000 -1.455707e+001
      vertex  5.941162e+001  3.000000e+000 -1.455707e+001
    endloop
  endfacet
  facet normal  3.612445e-001  0.000000e+000 -9.324711e-001
    outer loop
      vertex  5.941162e+001  3.000000e+000 -1.455707e+001
      vertex  5.941162e+001  0.000000e+000 -1.455707e+001
      vertex  5.904166e+001  0.000000e+000 -1.470040e+001
    endloop
  endfacet
  facet normal  3.612445e-001  0.000000e+000 -9.324711e-001
    outer loop
      vertex  5.941162e+001  3.000000e+000 -1.455707e+001
      vertex  5.904166e+001  0.000000e+000 -1.470040e+001
      vertex  5.904166e+001  3.000000e+000 -1.470040e+001
    endloop
  endfacet
  facet normal  5.264275e-001  0.000000e+000 -8.502200e-001
    outer loop
      vertex  5.904166e+001  3.000000e+000 -1.470040e+001
      vertex  5.904166e+001  0.000000e+000 -1.470040e+001
      vertex  5.870433e+001  0.000000e+000 -1.490926e+001
    endloop
  endfacet
  facet normal  5.264275e-001  0.000000e+000 -8.502200e-001
    outer loop
      vertex  5.904166e+001  3.000000e+000 -1.470040e+001
      vertex  5.870433e+001  0.000000e+000 -1.490926e+001
      vertex  5.870433e+001  3.000000e+000 -1.490926e+001
    endloop
  endfacet
  facet normal  6.736958e-001  0.000000e+000 -7.390088e-001
    outer loop
      vertex  5.870433e+001  3.000000e+000 -1.490926e+001
      vertex  5.870433e+001  0.000000e+000 -1.490926e+001
      vertex  5.841113e+001  0.000000e+000 -1.517655e+001
    endloop
  endfacet
  facet normal  6.736958e-001  0.000000e+000 -7.390088e-001
    outer loop
      vertex  5.870433e+001  3.000000e+000 -1.490926e+001
      vertex  5.841113e+001  0.000000e+000 -1.517655e+001
      vertex  5.841113e+001  3.000000e+000 -1.517655e+001
    endloop
  endfacet
  facet normal  7.980169e-001  0.000000e+000 -6.026350e-001
    outer loop
      vertex  5.841113e+001  3.000000e+000 -1.517655e+001
      vertex  5.841113e+001  0.000000e+000 -1.517655e+001
      vertex  5.817203e+001  0.000000e+000 -1.549317e+001
    endloop
  endfacet
  facet normal  7.980169e-001  0.000000e+000 -6.026350e-001
    outer loop
      vertex  5.841113e+001  3.000000e+000 -1.517655e+001
      vertex  5.817203e+001  0.000000e+000 -1.549317e+001
      vertex  5.817203e+001  3.000000e+000 -1.549317e+001
    endloop
  endfacet
  facet normal  8.951663e-001  0.000000e+000 -4.457323e-001
    outer loop
      vertex  5.817203e+001  3.000000e+000 -1.549317e+001
      vertex  5.817203e+001  0.000000e+000 -1.549317e+001
      vertex  5.799519e+001  0.000000e+000 -1.584833e+001
    endloop
  endfacet
  facet normal  8.951663e-001  0.000000e+000 -4.457323e-001
    outer loop
      vertex  5.817203e+001  3.000000e+000 -1.549317e+001
      vertex  5.799519e+001  0.000000e+000 -1.584833e+001
      vertex  5.799519e+001  3.000000e+000 -1.584833e+001
    endloop
  endfacet
  facet normal  9.618251e-001  0.000000e+000 -2.736651e-001
    outer loop
      vertex  5.799519e+001  3.000000e+000 -1.584833e+001
      vertex  5.799519e+001  0.000000e+000 -1.584833e+001
      vertex  5.788661e+001  0.000000e+000 -1.622994e+001
    endloop
  endfacet
  facet normal  9.618251e-001  0.000000e+000 -2.736651e-001
    outer loop
      vertex  5.799519e+001  3.000000e+000 -1.584833e+001
      vertex  5.788661e+001  0.000000e+000 -1.622994e+001
      vertex  5.788661e+001  3.000000e+000 -1.622994e+001
    endloop
  endfacet
  facet normal  9.957337e-001  0.000000e+000 -9.227289e-002
    outer loop
      vertex  5.788661e+001  3.000000e+000 -1.622994e+001
      vertex  5.788661e+001  0.000000e+000 -1.622994e+001
      vertex  5.785000e+001  0.000000e+000 -1.662500e+001
    endloop
  endfacet
  facet normal  9.957337e-001  0.000000e+000 -9.227289e-002
    outer loop
      vertex  5.788661e+001  3.000000e+000 -1.622994e+001
      vertex  5.785000e+001  0.000000e+000 -1.662500e+001
      vertex  5.785000e+001  3.000000e+000 -1.662500e+001
    endloop
  endfacet
  facet normal  1.837521e-001  0.000000e+000  9.829726e-001
    outer loop
      vertex  5.980162e+001  0.000000e+000 -1.876583e+001
      vertex  5.941162e+001  3.000000e+000 -1.869292e+001
      vertex  5.941162e+001  0.000000e+000 -1.869292e+001
    endloop
  endfacet
  facet normal  3.612424e-001  -0.000000e+000  9.324719e-001
    outer loop
      vertex  5.941162e+001  0.000000e+000 -1.869292e+001
      vertex  5.941162e+001  3.000000e+000 -1.869292e+001
      vertex  5.904166e+001  3.000000e+000 -1.854960e+001
    endloop
  endfacet
  facet normal  3.612424e-001  0.000000e+000  9.324719e-001
    outer loop
      vertex  5.941162e+001  0.000000e+000 -1.869292e+001
      vertex  5.904166e+001  3.000000e+000 -1.854960e+001
      vertex  5.904166e+001  0.000000e+000 -1.854960e+001
    endloop
  endfacet
  facet normal  5.264292e-001  -0.000000e+000  8.502190e-001
    outer loop
      vertex  5.904166e+001  0.000000e+000 -1.854960e+001
      vertex  5.904166e+001  3.000000e+000 -1.854960e+001
      vertex  5.870433e+001  3.000000e+000 -1.834074e+001
    endloop
  endfacet
  facet normal  5.264292e-001  0.000000e+000  8.502190e-001
    outer loop
      vertex  5.904166e+001  0.000000e+000 -1.854960e+001
      vertex  5.870433e+001  3.000000e+000 -1.834074e+001
      vertex  5.870433e+001  0.000000e+000 -1.834074e+001
    endloop
  endfacet
  facet normal  6.736931e-001  -0.000000e+000  7.390112e-001
    outer loop
      vertex  5.870433e+001  0.000000e+000 -1.834074e+001
      vertex  5.870433e+001  3.000000e+000 -1.834074e+001
      vertex  5.841113e+001  3.000000e+000 -1.807345e+001
    endloop
  endfacet
  facet normal  6.736931e-001  0.000000e+000  7.390112e-001
    outer loop
      vertex  5.870433e+001  0.000000e+000 -1.834074e+001
      vertex  5.841113e+001  3.000000e+000 -1.807345e+001
      vertex  5.841113e+001  0.000000e+000 -1.807345e+001
    endloop
  endfacet
  facet normal  7.980186e-001  -0.000000e+000  6.026327e-001
    outer loop
      vertex  5.841113e+001  0.000000e+000 -1.807345e+001
      vertex  5.841113e+001  3.000000e+000 -1.807345e+001
      vertex  5.817203e+001  3.000000e+000 -1.775683e+001
    endloop
  endfacet
  facet normal  7.980186e-001  0.000000e+000  6.026327e-001
    outer loop
      vertex  5.841113e+001  0.000000e+000 -1.807345e+001
      vertex  5.817203e+001  3.000000e+000 -1.775683e+001
      vertex  5.817203e+001  0.000000e+000 -1.775683e+001
    endloop
  endfacet
  facet normal  8.951654e-001  -0.000000e+000  4.457342e-001
    outer loop
      vertex  5.817203e+001  0.000000e+000 -1.775683e+001
      vertex  5.817203e+001  3.000000e+000 -1.775683e+001
      vertex  5.799519e+001  3.000000e+000 -1.740167e+001
    endloop
  endfacet
  facet normal  8.951654e-001  0.000000e+000  4.457342e-001
    outer loop
      vertex  5.817203e+001  0.000000e+000 -1.775683e+001
      vertex  5.799519e+001  3.000000e+000 -1.740167e+001
      vertex  5.799519e+001  0.000000e+000 -1.740167e+001
    endloop
  endfacet
  facet normal  9.618253e-001  -0.000000e+000  2.736644e-001
    outer loop
      vertex  5.799519e+001  0.000000e+000 -1.740167e+001
      vertex  5.799519e+001  3.000000e+000 -1.740167e+001
      vertex  5.788661e+001  3.000000e+000 -1.702006e+001
    endloop
  endfacet
  facet normal  9.618253e-001  0.000000e+000  2.736644e-001
    outer loop
      vertex  5.799519e+001  0.000000e+000 -1.740167e+001
      vertex  5.788661e+001  3.000000e+000 -1.702006e+001
      vertex  5.788661e+001  0.000000e+000 -1.702006e+001
    endloop
  endfacet
  facet normal  9.957337e-001  -0.000000e+000  9.227289e-002
    outer loop
      vertex  5.788661e+001  0.000000e+000 -1.702006e+001
      vertex  5.788661e+001  3.000000e+000 -1.702006e+001
      vertex  5.785000e+001  3.000000e+000 -1.662500e+001
    endloop
  endfacet
  facet normal  9.957337e-001  0.000000e+000  9.227289e-002
    outer loop
      vertex  5.788661e+001  0.000000e+000 -1.702006e+001
      vertex  5.785000e+001  3.000000e+000 -1.662500e+001
      vertex  5.785000e+001  0.000000e+000 -1.662500e+001
    endloop
  endfacet
  facet normal  1.837521e-001  -0.000000e+000  9.829726e-001
    outer loop
      vertex  5.941162e+001  3.000000e+000 -1.869292e+001
      vertex  5.980162e+001  0.000000e+000 -1.876583e+001
      vertex  5.980162e+001  3.000000e+000 -1.876583e+001
    endloop
  endfacet
  facet normal  0.000000e+000  0.000000e+000  1.000000e+000
    outer loop
      vertex  5.980162e+001  3.000000e+000 -1.876583e+001
      vertex  5.980162e+001  0.000000e+000 -1.876583e+001
      vertex  6.019838e+001  0.000000e+000 -1.876583e+001
    endloop
  endfacet
  facet normal  0.000000e+000  -0.000000e+000  1.000000e+000
    outer loop
      vertex  5.980162e+001  3.000000e+000 -1.876583e+001
      vertex  6.019838e+001  0.000000e+000 -1.876583e+001
      vertex  6.019838e+001  3.000000e+000 -1.876583e+001
    endloop
  endfacet
  facet normal -1.837521e-001  0.000000e+000  9.829726e-001
    outer loop
      vertex  6.019838e+001  3.000000e+000 -1.876583e+001
      vertex  6.019838e+001  0.000000e+000 -1.876583e+001
      vertex  6.058838e+001  0.000000e+000 -1.869292e+001
    endloop
  endfacet
  facet normal -1.837521e-001  0.000000e+000  9.829726e-001
    outer loop
      vertex  6.019838e+001  3.000000e+000 -1.876583e+001
      vertex  6.058838e+001  0.000000e+000 -1.869292e+001
      vertex  6.058838e+001  3.000000e+000 -1.869292e+001
    endloop
  endfacet
  facet normal -3.612424e-001  0.000000e+000  9.324719e-001
    outer loop
      vertex  6.058838e+001  3.000000e+000 -1.869292e+001
      vertex  6.058838e+001  0.000000e+000 -1.869292e+001
      vertex  6.095834e+001  0.000000e+000 -1.854960e+001
    endloop
  endfacet
  facet normal -3.612424e-001  0.000000e+000  9.324719e-001
    outer loop
      vertex  6.058838e+001  3.000000e+000 -1.869292e+001
      vertex  6.095834e+001  0.000000e+000 -1.854960e+001
      vertex  6.095834e+001  3.000000e+000 -1.854960e+001
    endloop
  endfacet
  facet normal -5.264292e-001  0.000000e+000  8.502190e-001
    outer loop
      vertex  6.095834e+001  3.000000e+000 -1.854960e+001
      vertex  6.095834e+001  0.000000e+000 -1.854960e+001
      vertex  6.129567e+001  0.000000e+000 -1.834074e+001
    endloop
  endfacet
  facet normal -5.264292e-001  0.000000e+000  8.502190e-001
    outer loop
      vertex  6.095834e+001  3.000000e+000 -1.854960e+001
      vertex  6.129567e+001  0.000000e+000 -1.834074e+001
      vertex  6.129567e+001  3.000000e+000 -1.834074e+001
    endloop
  endfacet
  facet normal -6.736931e-001  0.000000e+000  7.390112e-001
    outer loop
      vertex  6.129567e+001  3.000000e+000 -1.834074e+001
      vertex  6.129567e+001  0.000000e+000 -1.834074e+001
      vertex  6.158887e+001  0.000000e+000 -1.807345e+001
    endloop
  endfacet
  facet normal -6.736931e-001  0.000000e+000  7.390112e-001
    outer loop
      vertex  6.129567e+001  3.000000e+000 -1.834074e+001
      vertex  6.158887e+001  0.000000e+000 -1.807345e+001
      vertex  6.158887e+001  3.000000e+000 -1.807345e+001
    endloop
  endfacet
  facet normal -7.980186e-001  0.000000e+000  6.026327e-001
    outer loop
      vertex  6.158887e+001  3.000000e+000 -1.807345e+001
      vertex  6.158887e+001  0.000000e+000 -1.807345e+001
      vertex  6.182797e+001  0.000000e+000 -1.775683e+001
    endloop
  endfacet
  facet normal -7.980186e-001  0.000000e+000  6.026327e-001
    outer loop
      vertex  6.158887e+001  3.000000e+000 -1.807345e+001
      vertex  6.182797e+001  0.000000e+000 -1.775683e+001
      vertex  6.182797e+001  3.000000e+000 -1.775683e+001
    endloop
  endfacet
  facet normal -8.951654e-001  0.000000e+000  4.457342e-001
    outer loop
      vertex  6.182797e+001  3.000000e+000 -1.775683e+001
      vertex  6.182797e+001  0.000000e+000 -1.775683e+001
      vertex  6.200481e+001  0.000000e+000 -1.740167e+001
    endloop
  endfacet
  facet normal -8.951654e-001  0.000000e+000  4.457342e-001
    outer loop
      vertex  6.182797e+001  3.000000e+000 -1.775683e+001
      vertex  6.200481e+001  0.000000e+000 -1.740167e+001
      vertex  6.200481e+001  3.000000e+000 -1.740167e+001
    endloop
  endfacet
  facet normal -9.618253e-001  0.000000e+000  2.736644e-001
    outer loop
      vertex  6.200481e+001  3.000000e+000 -1.740167e+001
      vertex  6.200481e+001  0.000000e+000 -1.740167e+001
      vertex  6.211339e+001  0.000000e+000 -1.702006e+001
    endloop
  endfacet
  facet normal -9.618253e-001  0.000000e+000  2.736644e-001
    outer loop
      vertex  6.200481e+001  3.000000e+000 -1.740167e+001
      vertex  6.211339e+001  0.000000e+000 -1.702006e+001
      vertex  6.211339e+001  3.000000e+000 -1.702006e+001
    endloop
  endfacet
  facet normal -9.957337e-001  0.000000e+000  9.227289e-002
    outer loop
      vertex  6.211339e+001  3.000000e+000 -1.702006e+001
      vertex  6.211339e+001  0.000000e+000 -1.702006e+001
      vertex  6.215000e+001  0.000000e+000 -1.662500e+001
    endloop
  endfacet
  facet normal -9.957337e-001  0.000000e+000  9.227289e-002
    outer loop
      vertex  6.211339e+001  3.000000e+000 -1.702006e+001
      vertex  6.215000e+001  0.000000e+000 -1.662500e+001
      vertex  6.215000e+001  3.000000e+000 -1.662500e+001
    endloop
  endfacet
  facet normal  1.837475e-001  0.000000e+000  9.829735e-001
    outer loop
      vertex -6.019838e+001  0.000000e+000  1.448417e+001
      vertex -6.058838e+001  3.000000e+000  1.455707e+001
      vertex -6.058838e+001  0.000000e+000  1.455707e+001
    endloop
  endfacet
  facet normal  3.612445e-001  -0.000000e+000  9.324711e-001
    outer loop
      vertex -6.058838e+001  0.000000e+000  1.455707e+001
      vertex -6.058838e+001  3.000000e+000  1.455707e+001
      vertex -6.095834e+001  3.000000e+000  1.470040e+001
    endloop
  endfacet
  facet normal  3.612445e-001  0.000000e+000  9.324711e-001
    outer loop
      vertex -6.058838e+001  0.000000e+000  1.455707e+001
      vertex -6.095834e+001  3.000000e+000  1.470040e+001
      vertex -6.095834e+001  0.000000e+000  1.470040e+001
    endloop
  endfacet
  facet normal  5.264275e-001  -0.000000e+000  8.502200e-001
    outer loop
      vertex -6.095834e+001  0.000000e+000  1.470040e+001
      vertex -6.095834e+001  3.000000e+000  1.470040e+001
      vertex -6.129567e+001  3.000000e+000  1.490926e+001
    endloop
  endfacet
  facet normal  5.264275e-001  0.000000e+000  8.502200e-001
    outer loop
      vertex -6.095834e+001  0.000000e+000  1.470040e+001
      vertex -6.129567e+001  3.000000e+000  1.490926e+001
      vertex -6.129567e+001  0.000000e+000  1.490926e+001
    endloop
  endfacet
  facet normal  6.736958e-001  -0.000000e+000  7.390088e-001
    outer loop
      vertex -6.129567e+001  0.000000e+000  1.490926e+001
      vertex -6.129567e+001  3.000000e+000  1.490926e+001
      vertex -6.158887e+001  3.000000e+000  1.517655e+001
    endloop
  endfacet
  facet normal  6.736958e-001  0.000000e+000  7.390088e-001
    outer loop
      vertex -6.129567e+001  0.000000e+000  1.490926e+001
      vertex -6.158887e+001  3.000000e+000  1.517655e+001
      vertex -6.158887e+001  0.000000e+000  1.517655e+001
    endloop
  endfacet
  facet normal  7.980169e-001  -0.000000e+000  6.026350e-001
    outer loop
      vertex -6.158887e+001  0.000000e+000  1.517655e+001
      vertex -6.158887e+001  3.000000e+000  1.517655e+001
      vertex -6.182797e+001  3.000000e+000  1.549317e+001
    endloop
  endfacet
  facet normal  7.980169e-001  0.000000e+000  6.026350e-001
    outer loop
      vertex -6.158887e+001  0.000000e+000  1.517655e+001
      vertex -6.182797e+001  3.000000e+000  1.549317e+001
      vertex -6.182797e+001  0.000000e+000  1.549317e+001
    endloop
  endfacet
  facet normal  8.951663e-001  -0.000000e+000  4.457323e-001
    outer loop
      vertex -6.182797e+001  0.000000e+000  1.549317e+001
      vertex -6.182797e+001  3.000000e+000  1.549317e+001
      vertex -6.200481e+001  3.000000e+000  1.584833e+001
    endloop
  endfacet
  facet normal  8.951663e-001  0.000000e+000  4.457323e-001
    outer loop
      vertex -6.182797e+001  0.000000e+000  1.549317e+001
      vertex -6.200481e+001  3.000000e+000  1.584833e+001
      vertex -6.200481e+001  0.000000e+000  1.584833e+001
    endloop
  endfacet
  facet normal  9.618251e-001  -0.000000e+000  2.736651e-001
    outer loop
      vertex -6.200481e+001  0.000000e+000  1.584833e+001
      vertex -6.200481e+001  3.000000e+000  1.584833e+001
      vertex -6.211339e+001  3.000000e+000  1.622994e+001
    endloop
  endfacet
  facet normal  9.618251e-001  0.000000e+000  2.736651e-001
    outer loop
      vertex -6.200481e+001  0.000000e+000  1.584833e+001
      vertex -6.211339e+001  3.000000e+000  1.622994e+001
      vertex -6.211339e+001  0.000000e+000  1.622994e+001
    endloop
  endfacet
  facet normal  9.957337e-001  -0.000000e+000  9.227289e-002
    outer loop
      vertex -6.211339e+001  0.000000e+000  1.622994e+001
      vertex -6.211339e+001  3.000000e+000  1.622994e+001
      vertex -6.215000e+001  3.000000e+000  1.662500e+001
    endloop
  endfacet
  facet normal  9.957337e-001  0.000000e+000  9.227289e-002
    outer loop
      vertex -6.211339e+001  0.000000e+000  1.622994e+001
      vertex -6.215000e+001  3.000000e+000  1.662500e+001
      vertex -6.215000e+001  0.000000e+000  1.662500e+001
    endloop
  endfacet
  facet normal  1.837475e-001  -0.000000e+000  9.829735e-001
    outer loop
      vertex -6.058838e+001  3.000000e+000  1.455707e+001
      vertex -6.019838e+001  0.000000e+000  1.448417e+001
      vertex -6.019838e+001  3.000000e+000  1.448417e+001
    endloop
  endfacet
  facet normal  0.000000e+000  0.000000e+000  1.000000e+000
    outer loop
      vertex -6.019838e+001  3.000000e+000  1.448417e+001
      vertex -6.019838e+001  0.000000e+000  1.448417e+001
      vertex -5.980162e+001  0.000000e+000  1.448417e+001
    endloop
  endfacet
  facet normal  0.000000e+000  -0.000000e+000  1.000000e+000
    outer loop
      vertex -6.019838e+001  3.000000e+000  1.448417e+001
      vertex -5.980162e+001  0.000000e+000  1.448417e+001
      vertex -5.980162e+001  3.000000e+000  1.448417e+001
    endloop
  endfacet
  facet normal -1.837475e-001  0.000000e+000  9.829735e-001
    outer loop
      vertex -5.980162e+001  3.000000e+000  1.448417e+001
      vertex -5.980162e+001  0.000000e+000  1.448417e+001
      vertex -5.941162e+001  0.000000e+000  1.455707e+001
    endloop
  endfacet
  facet normal -1.837475e-001  0.000000e+000  9.829735e-001
    outer loop
      vertex -5.980162e+001  3.000000e+000  1.448417e+001
      vertex -5.941162e+001  0.000000e+000  1.455707e+001
      vertex -5.941162e+001  3.000000e+000  1.455707e+001
    endloop
  endfacet
  facet normal -3.612445e-001  0.000000e+000  9.324711e-001
    outer loop
      vertex -5.941162e+001  3.000000e+000  1.455707e+001
      vertex -5.941162e+001  0.000000e+000  1.455707e+001
      vertex -5.904166e+001  0.000000e+000  1.470040e+001
    endloop
  endfacet
  facet normal -3.612445e-001  0.000000e+000  9.324711e-001
    outer loop
      vertex -5.941162e+001  3.000000e+000  1.455707e+001
      vertex -5.904166e+001  0.000000e+000  1.470040e+001
      vertex -5.904166e+001  3.000000e+000  1.470040e+001
    endloop
  endfacet
  facet normal -5.264275e-001  0.000000e+000  8.502200e-001
    outer loop
      vertex -5.904166e+001  3.000000e+000  1.470040e+001
      vertex -5.904166e+001  0.000000e+000  1.470040e+001
      vertex -5.870433e+001  0.000000e+000  1.490926e+001
    endloop
  endfacet
  facet normal -5.264275e-001  0.000000e+000  8.502200e-001
    outer loop
      vertex -5.904166e+001  3.000000e+000  1.470040e+001
      vertex -5.870433e+001  0.000000e+000  1.490926e+001
      vertex -5.870433e+001  3.000000e+000  1.490926e+001
    endloop
  endfacet
  facet normal -6.736958e-001  0.000000e+000  7.390088e-001
    outer loop
      vertex -5.870433e+001  3.000000e+000  1.490926e+001
      vertex -5.870433e+001  0.000000e+000  1.490926e+001
      vertex -5.841113e+001  0.000000e+000  1.517655e+001
    endloop
  endfacet
  facet normal -6.736958e-001  0.000000e+000  7.390088e-001
    outer loop
      vertex -5.870433e+001  3.000000e+000  1.490926e+001
      vertex -5.841113e+001  0.000000e+000  1.517655e+001
      vertex -5.841113e+001  3.000000e+000  1.517655e+001
    endloop
  endfacet
  facet normal -7.980169e-001  0.000000e+000  6.026350e-001
    outer loop
      vertex -5.841113e+001  3.000000e+000  1.517655e+001
      vertex -5.841113e+001  0.000000e+000  1.517655e+001
      vertex -5.817203e+001  0.000000e+000  1.549317e+001
    endloop
  endfacet
  facet normal -7.980169e-001  0.000000e+000  6.026350e-001
    outer loop
      vertex -5.841113e+001  3.000000e+000  1.517655e+001
      vertex -5.817203e+001  0.000000e+000  1.549317e+001
      vertex -5.817203e+001  3.000000e+000  1.549317e+001
    endloop
  endfacet
  facet normal -8.951663e-001  0.000000e+000  4.457323e-001
    outer loop
      vertex -5.817203e+001  3.000000e+000  1.549317e+001
      vertex -5.817203e+001  0.000000e+000  1.549317e+001
      vertex -5.799519e+001  0.000000e+000  1.584833e+001
    endloop
  endfacet
  facet normal -8.951663e-001  0.000000e+000  4.457323e-001
    outer loop
      vertex -5.817203e+001  3.000000e+000  1.549317e+001
      vertex -5.799519e+001  0.000000e+000  1.584833e+001
      vertex -5.799519e+001  3.000000e+000  1.584833e+001
    endloop
  endfacet
  facet normal -9.618251e-001  0.000000e+000  2.736651e-001
    outer loop
      vertex -5.799519e+001  3.000000e+000  1.584833e+001
      vertex -5.799519e+001  0.000000e+000  1.584833e+001
      vertex -5.788661e+001  0.000000e+000  1.622994e+001
    endloop
  endfacet
  facet normal -9.618251e-001  0.000000e+000  2.736651e-001
    outer loop
      vertex -5.799519e+001  3.000000e+000  1.584833e+001
      vertex -5.788661e+001  0.000000e+000  1.622994e+001
      vertex -5.788661e+001  3.000000e+000  1.622994e+001
    endloop
  endfacet
  facet normal -9.957337e-001  0.000000e+000  9.227289e-002
    outer loop
      vertex -5.788661e+001  3.000000e+000  1.622994e+001
      vertex -5.788661e+001  0.000000e+000  1.622994e+001
      vertex -5.785000e+001  0.000000e+000  1.662500e+001
    endloop
  endfacet
  facet normal -9.957337e-001  0.000000e+000  9.227289e-002
    outer loop
      vertex -5.788661e+001  3.000000e+000  1.622994e+001
      vertex -5.785000e+001  0.000000e+000  1.662500e+001
      vertex -5.785000e+001  3.000000e+000  1.662500e+001
    endloop
  endfacet
  facet normal -1.837521e-001  -0.000000e+000 -9.829726e-001
    outer loop
      vertex -5.980162e+001  0.000000e+000  1.876583e+001
      vertex -5.941162e+001  3.000000e+000  1.869292e+001
      vertex -5.941162e+001  0.000000e+000  1.869292e+001
    endloop
  endfacet
  facet normal -3.612424e-001  0.000000e+000 -9.324719e-001
    outer loop
      vertex -5.941162e+001  0.000000e+000  1.869292e+001
      vertex -5.941162e+001  3.000000e+000  1.869292e+001
      vertex -5.904166e+001  3.000000e+000  1.854960e+001
    endloop
  endfacet
  facet normal -3.612424e-001  -0.000000e+000 -9.324719e-001
    outer loop
      vertex -5.941162e+001  0.000000e+000  1.869292e+001
      vertex -5.904166e+001  3.000000e+000  1.854960e+001
      vertex -5.904166e+001  0.000000e+000  1.854960e+001
    endloop
  endfacet
  facet normal -5.264292e-001  0.000000e+000 -8.502190e-001
    outer loop
      vertex -5.904166e+001  0.000000e+000  1.854960e+001
      vertex -5.904166e+001  3.000000e+000  1.854960e+001
      vertex -5.870433e+001  3.000000e+000  1.834074e+001
    endloop
  endfacet
  facet normal -5.264292e-001  -0.000000e+000 -8.502190e-001
    outer loop
      vertex -5.904166e+001  0.000000e+000  1.854960e+001
      vertex -5.870433e+001  3.000000e+000  1.834074e+001
      vertex -5.870433e+001  0.000000e+000  1.834074e+001
    endloop
  endfacet
  facet normal -6.736931e-001  0.000000e+000 -7.390112e-001
    outer loop
      vertex -5.870433e+001  0.000000e+000  1.834074e+001
      vertex -5.870433e+001  3.000000e+000  1.834074e+001
      vertex -5.841113e+001  3.000000e+000  1.807345e+001
    endloop
  endfacet
  facet normal -6.736931e-001  -0.000000e+000 -7.390112e-001
    outer loop
      vertex -5.870433e+001  0.000000e+000  1.834074e+001
      vertex -5.841113e+001  3.000000e+000  1.807345e+001
      vertex -5.841113e+001  0.000000e+000  1.807345e+001
    endloop
  endfacet
  facet normal -7.980186e-001  0.000000e+000 -6.026327e-001
    outer loop
      vertex -5.841113e+001  0.000000e+000  1.807345e+001
      vertex -5.841113e+001  3.000000e+000  1.807345e+001
      vertex -5.817203e+001  3.000000e+000  1.775683e+001
    endloop
  endfacet
  facet normal -7.980186e-001  -0.000000e+000 -6.026327e-001
    outer loop
      vertex -5.841113e+001  0.000000e+000  1.807345e+001
      vertex -5.817203e+001  3.000000e+000  1.775683e+001
      vertex -5.817203e+001  0.000000e+000  1.775683e+001
    endloop
  endfacet
  facet normal -8.951654e-001  0.000000e+000 -4.457342e-001
    outer loop
      vertex -5.817203e+001  0.000000e+000  1.775683e+001
      vertex -5.817203e+001  3.000000e+000  1.775683e+001
      vertex -5.799519e+001  3.000000e+000  1.740167e+001
    endloop
  endfacet
  facet normal -8.951654e-001  -0.000000e+000 -4.457342e-001
    outer loop
      vertex -5.817203e+001  0.000000e+000  1.775683e+001
      vertex -5.799519e+001  3.000000e+000  1.740167e+001
      vertex -5.799519e+001  0.000000e+000  1.740167e+001
    endloop
  endfacet
  facet normal -9.618253e-001  0.000000e+000 -2.736644e-001
    outer loop
      vertex -5.799519e+001  0.000000e+000  1.740167e+001
      vertex -5.799519e+001  3.000000e+000  1.740167e+001
      vertex -5.788661e+001  3.000000e+000  1.702006e+001
    endloop
  endfacet
  facet normal -9.618253e-001  -0.000000e+000 -2.736644e-001
    outer loop
      vertex -5.799519e+001  0.000000e+000  1.740167e+001
      vertex -5.788661e+001  3.000000e+000  1.702006e+001
      vertex -5.788661e+001  0.000000e+000  1.702006e+001
    endloop
  endfacet
  facet normal -9.957337e-001  0.000000e+000 -9.227289e-002
    outer loop
      vertex -5.788661e+001  0.000000e+000  1.702006e+001
      vertex -5.788661e+001  3.000000e+000  1.702006e+001
      vertex -5.785000e+001  3.000000e+000  1.662500e+001
    endloop
  endfacet
  facet normal -9.957337e-001  -0.000000e+000 -9.227289e-002
    outer loop
      vertex -5.788661e+001  0.000000e+000  1.702006e+001
      vertex -5.785000e+001  3.000000e+000  1.662500e+001
      vertex -5.785000e+001  0.000000e+000  1.662500e+001
    endloop
  endfacet
  facet normal -1.837521e-001  0.000000e+000 -9.829726e-001
    outer loop
      vertex -5.941162e+001  3.000000e+000  1.869292e+001
      vertex -5.980162e+001  0.000000e+000  1.876583e+001
      vertex -5.980162e+001  3.000000e+000  1.876583e+001
    endloop
  endfacet
  facet normal  0.000000e+000  -0.000000e+000 -1.000000e+000
    outer loop
      vertex -5.980162e+001  3.000000e+000  1.876583e+001
      vertex -5.980162e+001  0.000000e+000  1.876583e+001
      vertex -6.019838e+001  0.000000e+000  1.876583e+001
    endloop
  endfacet
  facet normal  0.000000e+000  0.000000e+000 -1.000000e+000
    outer loop
      vertex -5.980162e+001  3.000000e+000  1.876583e+001
      vertex -6.019838e+001  0.000000e+000  1.876583e+001
      vertex -6.019838e+001  3.000000e+000  1.876583e+001
    endloop
  endfacet
  facet normal  1.837521e-001  0.000000e+000 -9.829726e-001
    outer loop
      vertex -6.019838e+001  3.000000e+000  1.876583e+001
      vertex -6.019838e+001  0.000000e+000  1.876583e+001
      vertex -6.058838e+001  0.000000e+000  1.869292e+001
    endloop
  endfacet
  facet normal  1.837521e-001  0.000000e+000 -9.829726e-001
    outer loop
      vertex -6.019838e+001  3.000000e+000  1.876583e+001
      vertex -6.058838e+001  0.000000e+000  1.869292e+001
      vertex -6.058838e+001  3.000000e+000  1.869292e+001
    endloop
  endfacet
  facet normal  3.612424e-001  0.000000e+000 -9.324719e-001
    outer loop
      vertex -6.058838e+001  3.000000e+000  1.869292e+001
      vertex -6.058838e+001  0.000000e+000  1.869292e+001
      vertex -6.095834e+001  0.000000e+000  1.854960e+001
    endloop
  endfacet
  facet normal  3.612424e-001  0.000000e+000 -9.324719e-001
    outer loop
      vertex -6.058838e+001  3.000000e+000  1.869292e+001
      vertex -6.095834e+001  0.000000e+000  1.854960e+001
      vertex -6.095834e+001  3.000000e+000  1.854960e+001
    endloop
  endfacet
  facet normal  5.264292e-001  0.000000e+000 -8.502190e-001
    outer loop
      vertex -6.095834e+001  3.000000e+000  1.854960e+001
      vertex -6.095834e+001  0.000000e+000  1.854960e+001
      vertex -6.129567e+001  0.000000e+000  1.834074e+001
    endloop
  endfacet
  facet normal  5.264292e-001  0.000000e+000 -8.502190e-001
    outer loop
      vertex -6.095834e+001  3.000000e+000  1.854960e+001
      vertex -6.129567e+001  0.000000e+000  1.834074e+001
      vertex -6.129567e+001  3.000000e+000  1.834074e+001
    endloop
  endfacet
  facet normal  6.736931e-001  0.000000e+000 -7.390112e-001
    outer loop
      vertex -6.129567e+001  3.000000e+000  1.834074e+001
      vertex -6.129567e+001  0.000000e+000  1.834074e+001
      vertex -6.158887e+001  0.000000e+000  1.807345e+001
    endloop
  endfacet
  facet normal  6.736931e-001  0.000000e+000 -7.390112e-001
    outer loop
      vertex -6.129567e+001  3.000000e+000  1.834074e+001
      vertex -6.158887e+001  0.000000e+000  1.807345e+001
      vertex -6.158887e+001  3.000000e+000  1.807345e+001
    endloop
  endfacet
  facet normal  7.980186e-001  0.000000e+000 -6.026327e-001
    outer loop
      vertex -6.158887e+001  3.000000e+000  1.807345e+001
      vertex -6.158887e+001  0.000000e+000  1.807345e+001
      vertex -6.182797e+001  0.000000e+000  1.775683e+001
    endloop
  endfacet
  facet normal  7.980186e-001  0.000000e+000 -6.026327e-001
    outer loop
      vertex -6.158887e+001  3.000000e+000  1.807345e+001
      vertex -6.182797e+001  0.000000e+000  1.775683e+001
      vertex -6.182797e+001  3.000000e+000  1.775683e+001
    endloop
  endfacet
  facet normal  8.951654e-001  0.000000e+000 -4.457342e-001
    outer loop
      vertex -6.182797e+001  3.000000e+000  1.775683e+001
      vertex -6.182797e+001  0.000000e+000  1.775683e+001
      vertex -6.200481e+001  0.000000e+000  1.740167e+001
    endloop
  endfacet
  facet normal  8.951654e-001  0.000000e+000 -4.457342e-001
    outer loop
      vertex -6.182797e+001  3.000000e+000  1.775683e+001
      vertex -6.200481e+001  0.000000e+000  1.740167e+001
      vertex -6.200481e+001  3.000000e+000  1.740167e+001
    endloop
  endfacet
  facet normal  9.618253e-001  0.000000e+000 -2.736644e-001
    outer loop
      vertex -6.200481e+001  3.000000e+000  1.740167e+001
      vertex -6.200481e+001  0.000000e+000  1.740167e+001
      vertex -6.211339e+001  0.000000e+000  1.702006e+001
    endloop
  endfacet
  facet normal  9.618253e-001  0.000000e+000 -2.736644e-001
    outer loop
      vertex -6.200481e+001  3.000000e+000  1.740167e+001
      vertex -6.211339e+001  0.000000e+000  1.702006e+001
      vertex -6.211339e+001  3.000000e+000  1.702006e+001
    endloop
  endfacet
  facet normal  9.957337e-001  0.000000e+000 -9.227289e-002
    outer loop
      vertex -6.211339e+001  3.000000e+000  1.702006e+001
      vertex -6.211339e+001  0.000000e+000  1.702006e+001
      vertex -6.215000e+001  0.000000e+000  1.662500e+001
    endloop
  endfacet
  facet normal  9.957337e-001  0.000000e+000 -9.227289e-002
    outer loop
      vertex -6.211339e+001  3.000000e+000  1.702006e+001
      vertex -6.215000e+001  0.000000e+000  1.662500e+001
      vertex -6.215000e+001  3.000000e+000  1.662500e+001
    endloop
  endfacet
  facet normal -1.837521e-001  -0.000000e+000 -9.829726e-001
    outer loop
      vertex  6.019838e+001  0.000000e+000  1.876583e+001
      vertex  6.058838e+001  3.000000e+000  1.869292e+001
      vertex  6.058838e+001  0.000000e+000  1.869292e+001
    endloop
  endfacet
  facet normal -3.612424e-001  0.000000e+000 -9.324719e-001
    outer loop
      vertex  6.058838e+001  0.000000e+000  1.869292e+001
      vertex  6.058838e+001  3.000000e+000  1.869292e+001
      vertex  6.095834e+001  3.000000e+000  1.854960e+001
    endloop
  endfacet
  facet normal -3.612424e-001  -0.000000e+000 -9.324719e-001
    outer loop
      vertex  6.058838e+001  0.000000e+000  1.869292e+001
      vertex  6.095834e+001  3.000000e+000  1.854960e+001
      vertex  6.095834e+001  0.000000e+000  1.854960e+001
    endloop
  endfacet
  facet normal -5.264292e-001  0.000000e+000 -8.502190e-001
    outer loop
      vertex  6.095834e+001  0.000000e+000  1.854960e+001
      vertex  6.095834e+001  3.000000e+000  1.854960e+001
      vertex  6.129567e+001  3.000000e+000  1.834074e+001
    endloop
  endfacet
  facet normal -5.264292e-001  -0.000000e+000 -8.502190e-001
    outer loop
      vertex  6.095834e+001  0.000000e+000  1.854960e+001
      vertex  6.129567e+001  3.000000e+000  1.834074e+001
      vertex  6.129567e+001  0.000000e+000  1.834074e+001
    endloop
  endfacet
  facet normal -6.736931e-001  0.000000e+000 -7.390112e-001
    outer loop
      vertex  6.129567e+001  0.000000e+000  1.834074e+001
      vertex  6.129567e+001  3.000000e+000  1.834074e+001
      vertex  6.158887e+001  3.000000e+000  1.807345e+001
    endloop
  endfacet
  facet normal -6.736931e-001  -0.000000e+000 -7.390112e-001
    outer loop
      vertex  6.129567e+001  0.000000e+000  1.834074e+001
      vertex  6.158887e+001  3.000000e+000  1.807345e+001
      vertex  6.158887e+001  0.000000e+000  1.807345e+001
    endloop
  endfacet
  facet normal -7.980186e-001  0.000000e+000 -6.026327e-001
    outer loop
      vertex  6.158887e+001  0.000000e+000  1.807345e+001
      vertex  6.158887e+001  3.000000e+000  1.807345e+001
      vertex  6.182797e+001  3.000000e+000  1.775683e+001
    endloop
  endfacet
  facet normal -7.980186e-001  -0.000000e+000 -6.026327e-001
    outer loop
      vertex  6.158887e+001  0.000000e+000  1.807345e+001
      vertex  6.182797e+001  3.000000e+000  1.775683e+001
      vertex  6.182797e+001  0.000000e+000  1.775683e+001
    endloop
  endfacet
  facet normal -8.951654e-001  0.000000e+000 -4.457342e-001
    outer loop
      vertex  6.182797e+001  0.000000e+000  1.775683e+001
      vertex  6.182797e+001  3.000000e+000  1.775683e+001
      vertex  6.200481e+001  3.000000e+000  1.740167e+001
    endloop
  endfacet
  facet normal -8.951654e-001  -0.000000e+000 -4.457342e-001
    outer loop
      vertex  6.182797e+001  0.000000e+000  1.775683e+001
      vertex  6.200481e+001  3.000000e+000  1.740167e+001
      vertex  6.200481e+001  0.000000e+000  1.740167e+001
    endloop
  endfacet
  facet normal -9.618253e-001  0.000000e+000 -2.736644e-001
    outer loop
      vertex  6.200481e+001  0.000000e+000  1.740167e+001
      vertex  6.200481e+001  3.000000e+000  1.740167e+001
      vertex  6.211339e+001  3.000000e+000  1.702006e+001
    endloop
  endfacet
  facet normal -9.618253e-001  -0.000000e+000 -2.736644e-001
    outer loop
      vertex  6.200481e+001  0.000000e+000  1.740167e+001
      vertex  6.211339e+001  3.000000e+000  1.702006e+001
      vertex  6.211339e+001  0.000000e+000  1.702006e+001
    endloop
  endfacet
  facet normal -9.957337e-001  0.000000e+000 -9.227289e-002
    outer loop
      vertex  6.211339e+001  0.000000e+000  1.702006e+001
      vertex  6.211339e+001  3.000000e+000  1.702006e+001
      vertex  6.215000e+001  3.000000e+000  1.662500e+001
    endloop
  endfacet
  facet normal -9.957337e-001  -0.000000e+000 -9.227289e-002
    outer loop
      vertex  6.211339e+001  0.000000e+000  1.702006e+001
      vertex  6.215000e+001  3.000000e+000  1.662500e+001
      vertex  6.215000e+001  0.000000e+000  1.662500e+001
    endloop
  endfacet
  facet normal -1.837521e-001  0.000000e+000 -9.829726e-001
    outer loop
      vertex  6.058838e+001  3.000000e+000  1.869292e+001
      vertex  6.019838e+001  0.000000e+000  1.876583e+001
      vertex  6.019838e+001  3.000000e+000  1.876583e+001
    endloop
  endfacet
  facet normal  0.000000e+000  -0.000000e+000 -1.000000e+000
    outer loop
      vertex  6.019838e+001  3.000000e+000  1.876583e+001
      vertex  6.019838e+001  0.000000e+000  1.876583e+001
      vertex  5.980162e+001  0.000000e+000  1.876583e+001
    endloop
  endfacet
  facet normal  0.000000e+000  0.000000e+000 -1.000000e+000
    outer loop
      vertex  6.019838e+001  3.000000e+000  1.876583e+001
      vertex  5.980162e+001  0.000000e+000  1.876583e+001
      vertex  5.980162e+001  3.000000e+000  1.876583e+001
    endloop
  endfacet
  facet normal  1.837521e-001  0.000000e+000 -9.829726e-001
    outer loop
      vertex  5.980162e+001  3.000000e+000  1.876583e+001
      vertex  5.980162e+001  0.000000e+000  1.876583e+001
      vertex  5.941162e+001  0.000000e+000  1.869292e+001
    endloop
  endfacet
  facet normal  1.837521e-001  0.000000e+000 -9.829726e-001
    outer loop
      vertex  5.980162e+001  3.000000e+000  1.876583e+001
      vertex  5.941162e+001  0.000000e+000  1.869292e+001
      vertex  5.941162e+001  3.000000e+000  1.869292e+001
    endloop
  endfacet
  facet normal  3.612424e-001  0.000000e+000 -9.324719e-001
    outer loop
      vertex  5.941162e+001  3.000000e+000  1.869292e+001
      vertex  5.941162e+001  0.000000e+000  1.869292e+001
      vertex  5.904166e+001  0.000000e+000  1.854960e+001
    endloop
  endfacet
  facet normal  3.612424e-001  0.000000e+000 -9.324719e-001
    outer loop
      vertex  5.941162e+001  3.000000e+000  1.869292e+001
      vertex  5.904166e+001  0.000000e+000  1.854960e+001
      vertex  5.904166e+001  3.000000e+000  1.854960e+001
    endloop
  endfacet
  facet normal  5.264292e-001  0.000000e+000 -8.502190e-001
    outer loop
      vertex  5.904166e+001  3.000000e+000  1.854960e+001
      vertex  5.904166e+001  0.000000e+000  1.854960e+001
      vertex  5.870433e+001  0.000000e+000  1.834074e+001
    endloop
  endfacet
  facet normal  5.264292e-001  0.000000e+000 -8.502190e-001
    outer loop
      vertex  5.904166e+001  3.000000e+000  1.854960e+001
      vertex  5.870433e+001  0.000000e+000  1.834074e+001
      vertex  5.870433e+001  3.000000e+000  1.834074e+001
    endloop
  endfacet
  facet normal  6.736931e-001  0.000000e+000 -7.390112e-001
    outer loop
      vertex  5.870433e+001  3.000000e+000  1.834074e+001
      vertex  5.870433e+001  0.000000e+000  1.834074e+001
      vertex  5.841113e+001  0.000000e+000  1.807345e+001
    endloop
  endfacet
  facet normal  6.736931e-001  0.000000e+000 -7.390112e-001
    outer loop
      vertex  5.870433e+001  3.000000e+000  1.834074e+001
      vertex  5.841113e+001  0.000000e+000  1.807345e+001
      vertex  5.841113e+001  3.000000e+000  1.807345e+001
    endloop
  endfacet
  facet normal  7.980186e-001  0.000000e+000 -6.026327e-001
    outer loop
      vertex  5.841113e+001  3.000000e+000  1.807345e+001
      vertex  5.841113e+001  0.000000e+000  1.807345e+001
      vertex  5.817203e+001  0.000000e+000  1.775683e+001
    endloop
  endfacet
  facet normal  7.980186e-001  0.000000e+000 -6.026327e-001
    outer loop
      vertex  5.841113e+001  3.000000e+000  1.807345e+001
      vertex  5.817203e+001  0.000000e+000  1.775683e+001
      vertex  5.817203e+001  3.000000e+000  1.775683e+001
    endloop
  endfacet
  facet normal  8.951654e-001  0.000000e+000 -4.457342e-001
    outer loop
      vertex  5.817203e+001  3.000000e+000  1.775683e+001
      vertex  5.817203e+001  0.000000e+000  1.775683e+001
      vertex  5.799519e+001  0.000000e+000  1.740167e+001
    endloop
  endfacet
  facet normal  8.951654e-001  0.000000e+000 -4.457342e-001
    outer loop
      vertex  5.817203e+001  3.000000e+000  1.775683e+001
      vertex  5.799519e+001  0.000000e+000  1.740167e+001
      vertex  5.799519e+001  3.000000e+000  1.740167e+001
    endloop
  endfacet
  facet normal  9.618253e-001  0.000000e+000 -2.736644e-001
    outer loop
      vertex  5.799519e+001  3.000000e+000  1.740167e+001
      vertex  5.799519e+001  0.000000e+000  1.740167e+001
      vertex  5.788661e+001  0.000000e+000  1.702006e+001
    endloop
  endfacet
  facet normal  9.618253e-001  0.000000e+000 -2.736644e-001
    outer loop
      vertex  5.799519e+001  3.000000e+000  1.740167e+001
      vertex  5.788661e+001  0.000000e+000  1.702006e+001
      vertex  5.788661e+001  3.000000e+000  1.702006e+001
    endloop
  endfacet
  facet normal  9.957337e-001  0.000000e+000 -9.227289e-002
    outer loop
      vertex  5.788661e+001  3.000000e+000  1.702006e+001
      vertex  5.788661e+001  0.000000e+000  1.702006e+001
      vertex  5.785000e+001  0.000000e+000  1.662500e+001
    endloop
  endfacet
  facet normal  9.957337e-001  0.000000e+000 -9.227289e-002
    outer loop
      vertex  5.788661e+001  3.000000e+000  1.702006e+001
      vertex  5.785000e+001  0.000000e+000  1.662500e+001
      vertex  5.785000e+001  3.000000e+000  1.662500e+001
    endloop
  endfacet
  facet normal  1.837475e-001  0.000000e+000  9.829735e-001
    outer loop
      vertex  5.980162e+001  0.000000e+000  1.448417e+001
      vertex  5.941162e+001  3.000000e+000  1.455707e+001
      vertex  5.941162e+001  0.000000e+000  1.455707e+001
    endloop
  endfacet
  facet normal  3.612445e-001  -0.000000e+000  9.324711e-001
    outer loop
      vertex  5.941162e+001  0.000000e+000  1.455707e+001
      vertex  5.941162e+001  3.000000e+000  1.455707e+001
      vertex  5.904166e+001  3.000000e+000  1.470040e+001
    endloop
  endfacet
  facet normal  3.612445e-001  0.000000e+000  9.324711e-001
    outer loop
      vertex  5.941162e+001  0.000000e+000  1.455707e+001
      vertex  5.904166e+001  3.000000e+000  1.470040e+001
      vertex  5.904166e+001  0.000000e+000  1.470040e+001
    endloop
  endfacet
  facet normal  5.264275e-001  -0.000000e+000  8.502200e-001
    outer loop
      vertex  5.904166e+001  0.000000e+000  1.470040e+001
      vertex  5.904166e+001  3.000000e+000  1.470040e+001
      vertex  5.870433e+001  3.000000e+000  1.490926e+001
    endloop
  endfacet
  facet normal  5.264275e-001  0.000000e+000  8.502200e-001
    outer loop
      vertex  5.904166e+001  0.000000e+000  1.470040e+001
      vertex  5.870433e+001  3.000000e+000  1.490926e+001
      vertex  5.870433e+001  0.000000e+000  1.490926e+001
    endloop
  endfacet
  facet normal  6.736958e-001  -0.000000e+000  7.390088e-001
    outer loop
      vertex  5.870433e+001  0.000000e+000  1.490926e+001
      vertex  5.870433e+001  3.000000e+000  1.490926e+001
      vertex  5.841113e+001  3.000000e+000  1.517655e+001
    endloop
  endfacet
  facet normal  6.736958e-001  0.000000e+000  7.390088e-001
    outer loop
      vertex  5.870433e+001  0.000000e+000  1.490926e+001
      vertex  5.841113e+001  3.000000e+000  1.517655e+001
      vertex  5.841113e+001  0.000000e+000  1.517655e+001
    endloop
  endfacet
  facet normal  7.980169e-001  -0.000000e+000  6.026350e-001
    outer loop
      vertex  5.841113e+001  0.000000e+000  1.517655e+001
      vertex  5.841113e+001  3.000000e+000  1.517655e+001
      vertex  5.817203e+001  3.000000e+000  1.549317e+001
    endloop
  endfacet
  facet normal  7.980169e-001  0.000000e+000  6.026350e-001
    outer loop
      vertex  5.841113e+001  0.000000e+000  1.517655e+001
      vertex  5.817203e+001  3.000000e+000  1.549317e+001
      vertex  5.817203e+001  0.000000e+000  1.549317e+001
    endloop
  endfacet
  facet normal  8.951663e-001  -0.000000e+000  4.457323e-001
    outer loop
      vertex  5.817203e+001  0.000000e+000  1.549317e+001
      vertex  5.817203e+001  3.000000e+000  1.549317e+001
      vertex  5.799519e+001  3.000000e+000  1.584833e+001
    endloop
  endfacet
  facet normal  8.951663e-001  0.000000e+000  4.457323e-001
    outer loop
      vertex  5.817203e+001  0.000000e+000  1.549317e+001
      vertex  5.799519e+001  3.000000e+000  1.584833e+001
      vertex  5.799519e+001  0.000000e+000  1.584833e+001
    endloop
  endfacet
  facet normal  9.618251e-001  -0.000000e+000  2.736651e-001
    outer loop
      vertex  5.799519e+001  0.000000e+000  1.584833e+001
      vertex  5.799519e+001  3.000000e+000  1.584833e+001
      vertex  5.788661e+001  3.000000e+000  1.622994e+001
    endloop
  endfacet
  facet normal  9.618251e-001  0.000000e+000  2.736651e-001
    outer loop
      vertex  5.799519e+001  0.000000e+000  1.584833e+001
      vertex  5.788661e+001  3.000000e+000  1.622994e+001
      vertex  5.788661e+001  0.000000e+000  1.622994e+001
    endloop
  endfacet
  facet normal  9.957337e-001  -0.000000e+000  9.227289e-002
    outer loop
      vertex  5.788661e+001  0.000000e+000  1.622994e+001
      vertex  5.788661e+001  3.000000e+000  1.622994e+001
      vertex  5.785000e+001  3.000000e+000  1.662500e+001
    endloop
  endfacet
  facet normal  9.957337e-001  0.000000e+000  9.227289e-002
    outer loop
      vertex  5.788661e+001  0.000000e+000  1.622994e+001
      vertex  5.785000e+001  3.000000e+000  1.662500e+001
      vertex  5.785000e+001  0.000000e+000  1.662500e+001
    endloop
  endfacet
  facet normal  1.837475e-001  -0.000000e+000  9.829735e-001
    outer loop
      vertex  5.941162e+001  3.000000e+000  1.455707e+001
      vertex  5.980162e+001  0.000000e+000  1.448417e+001
      vertex  5.980162e+001  3.000000e+000  1.448417e+001
    endloop
  endfacet
  facet normal  0.000000e+000  0.000000e+000  1.000000e+000
    outer loop
      vertex  5.980162e+001  3.000000e+000  1.448417e+001
      vertex  5.980162e+001  0.000000e+000  1.448417e+001
      vertex  6.019838e+001  0.000000e+000  1.448417e+001
    endloop
  endfacet
  facet normal  0.000000e+000  -0.000000e+000  1.000000e+000
    outer loop
      vertex  5.980162e+001  3.000000e+000  1.448417e+001
      vertex  6.019838e+001  0.000000e+000  1.448417e+001
      vertex  6.019838e+001  3.000000e+000  1.448417e+001
    endloop
  endfacet
  facet normal -1.837475e-001  0.000000e+000  9.829735e-001
    outer loop
      vertex  6.019838e+001  3.000000e+000  1.448417e+001
      vertex  6.019838e+001  0.000000e+000  1.448417e+001
      vertex  6.058838e+001  0.000000e+000  1.455707e+001
    endloop
  endfacet
  facet normal -1.837475e-001  0.000000e+000  9.829735e-001
    outer loop
      vertex  6.019838e+001  3.000000e+000  1.448417e+001
      vertex  6.058838e+001  0.000000e+000  1.455707e+001
      vertex  6.058838e+001  3.000000e+000  1.455707e+001
    endloop
  endfacet
  facet normal -3.612445e-001  0.000000e+000  9.324711e-001
    outer loop
      vertex  6.058838e+001  3.000000e+000  1.455707e+001
      vertex  6.058838e+001  0.000000e+000  1.455707e+001
      vertex  6.095834e+001  0.000000e+000  1.470040e+001
    endloop
  endfacet
  facet normal -3.612445e-001  0.000000e+000  9.324711e-001
    outer loop
      vertex  6.058838e+001  3.000000e+000  1.455707e+001
      vertex  6.095834e+001  0.000000e+000  1.470040e+001
      vertex  6.095834e+001  3.000000e+000  1.470040e+001
    endloop
  endfacet
  facet normal -5.264275e-001  0.000000e+000  8.502200e-001
    outer loop
      vertex  6.095834e+001  3.000000e+000  1.470040e+001
      vertex  6.095834e+001  0.000000e+000  1.470040e+001
      vertex  6.129567e+001  0.000000e+000  1.490926e+001
    endloop
  endfacet
  facet normal -5.264275e-001  0.000000e+000  8.502200e-001
    outer loop
      vertex  6.095834e+001  3.000000e+000  1.470040e+001
      vertex  6.129567e+001  0.000000e+000  1.490926e+001
      vertex  6.129567e+001  3.000000e+000  1.490926e+001
    endloop
  endfacet
  facet normal -6.736958e-001  0.000000e+000  7.390088e-001
    outer loop
      vertex  6.129567e+001  3.000000e+000  1.490926e+001
      vertex  6.129567e+001  0.000000e+000  1.490926e+001
      vertex  6.158887e+001  0.000000e+000  1.517655e+001
    endloop
  endfacet
  facet normal -6.736958e-001  0.000000e+000  7.390088e-001
    outer loop
      vertex  6.129567e+001  3.000000e+000  1.490926e+001
      vertex  6.158887e+001  0.000000e+000  1.517655e+001
      vertex  6.158887e+001  3.000000e+000  1.517655e+001
    endloop
  endfacet
  facet normal -7.980169e-001  0.000000e+000  6.026350e-001
    outer loop
      vertex  6.158887e+001  3.000000e+000  1.517655e+001
      vertex  6.158887e+001  0.000000e+000  1.517655e+001
      vertex  6.182797e+001  0.000000e+000  1.549317e+001
    endloop
  endfacet
  facet normal -7.980169e-001  0.000000e+000  6.026350e-001
    outer loop
      vertex  6.158887e+001  3.000000e+000  1.517655e+001
      vertex  6.182797e+001  0.000000e+000  1.549317e+001
      vertex  6.182797e+001  3.000000e+000  1.549317e+001
    endloop
  endfacet
  facet normal -8.951663e-001  0.000000e+000  4.457323e-001
    outer loop
      vertex  6.182797e+001  3.000000e+000  1.549317e+001
      vertex  6.182797e+001  0.000000e+000  1.549317e+001
      vertex  6.200481e+001  0.000000e+000  1.584833e+001
    endloop
  endfacet
  facet normal -8.951663e-001  0.000000e+000  4.457323e-001
    outer loop
      vertex  6.182797e+001  3.000000e+000  1.549317e+001
      vertex  6.200481e+001  0.000000e+000  1.584833e+001
      vertex  6.200481e+001  3.000000e+000  1.584833e+001
    endloop
  endfacet
  facet normal -9.618251e-001  0.000000e+000  2.736651e-001
    outer loop
      vertex  6.200481e+001  3.000000e+000  1.584833e+001
      vertex  6.200481e+001  0.000000e+000  1.584833e+001
      vertex  6.211339e+001  0.000000e+000  1.622994e+001
    endloop
  endfacet
  facet normal -9.618251e-001  0.000000e+000  2.736651e-001
    outer loop
      vertex  6.200481e+001  3.000000e+000  1.584833e+001
      vertex  6.211339e+001  0.000000e+000  1.622994e+001
      vertex  6.211339e+001  3.000000e+000  1.622994e+001
    endloop
  endfacet
  facet normal -9.957337e-001  0.000000e+000  9.227289e-002
    outer loop
      vertex  6.211339e+001  3.000000e+000  1.622994e+001
      vertex  6.211339e+001  0.000000e+000  1.622994e+001
      vertex  6.215000e+001  0.000000e+000  1.662500e+001
    endloop
  endfacet
  facet normal -9.957337e-001  0.000000e+000  9.227289e-002
    outer loop
      vertex  6.211339e+001  3.000000e+000  1.622994e+001
      vertex  6.215000e+001  0.000000e+000  1.662500e+001
      vertex  6.215000e+001  3.000000e+000  1.662500e+001
    endloop
  endfacet
  facet normal  0.000000e+000  0.000000e+000  1.000000e+000
    outer loop
      vertex -7.800000e+000  3.000000e+000  1.447500e+001
      vertex -7.800000e+000  0.000000e+000  1.447500e+001
      vertex  7.800000e+000  3.000000e+000  1.447500e+001
    endloop
  endfacet
  facet normal  0.000000e+000  0.000000e+000  1.000000e+000
    outer loop
      vertex  7.800000e+000  3.000000e+000  1.447500e+001
      vertex -7.800000e+000  0.000000e+000  1.447500e+001
      vertex  7.800000e+000  0.000000e+000  1.447500e+001
    endloop
  endfacet
  facet normal -1.000000e+000  0.000000e+000  0.000000e+000
    outer loop
      vertex -6.445494e+001  3.000000e+000  1.192485e+001
      vertex -6.445494e+001  0.000000e+000  1.192485e+001
      vertex -6.445494e+001  3.000000e+000  2.253931e+001
    endloop
  endfacet
  facet normal -1.000000e+000  -0.000000e+000  0.000000e+000
    outer loop
      vertex -6.445494e+001  3.000000e+000  2.253931e+001
      vertex -6.445494e+001  0.000000e+000  1.192485e+001
      vertex -6.445494e+001  0.000000e+000  2.253931e+001
    endloop
  endfacet
  facet normal -1.000000e+000  0.000000e+000  0.000000e+000
    outer loop
      vertex -6.445494e+001  3.000000e+000 -2.253931e+001
      vertex -6.445494e+001  0.000000e+000 -2.253931e+001
      vertex -6.445494e+001  3.000000e+000 -1.192485e+001
    endloop
  endfacet
  facet normal -1.000000e+000  -0.000000e+000  0.000000e+000
    outer loop
      vertex -6.445494e+001  3.000000e+000 -1.192485e+001
      vertex -6.445494e+001  0.000000e+000 -2.253931e+001
      vertex -6.445494e+001  0.000000e+000 -1.192485e+001
    endloop
  endfacet
  facet normal  -0.000000e+000  0.000000e+000 -1.000000e+000
    outer loop
      vertex -7.800000e+000  3.000000e+000 -1.447500e+001
      vertex  7.800000e+000  3.000000e+000 -1.447500e+001
      vertex -7.800000e+000  0.000000e+000 -1.447500e+001
    endloop
  endfacet
  facet normal  0.000000e+000  0.000000e+000 -1.000000e+000
    outer loop
      vertex -7.800000e+000  0.000000e+000 -1.447500e+001
      vertex  7.800000e+000  3.000000e+000 -1.447500e+001
      vertex  7.800000e+000  0.000000e+000 -1.447500e+001
    endloop
  endfacet
  facet normal  1.000000e+000  -0.000000e+000  0.000000e+000
    outer loop
      vertex  6.445494e+001  3.000000e+000 -1.192485e+001
      vertex  6.445494e+001  0.000000e+000 -1.192485e+001
      vertex  6.445494e+001  3.000000e+000 -2.253931e+001
    endloop
  endfacet
  facet normal  1.000000e+000  0.000000e+000  0.000000e+000
    outer loop
      vertex  6.445494e+001  3.000000e+000 -2.253931e+001
      vertex  6.445494e+001  0.000000e+000 -1.192485e+001
      vertex  6.445494e+001  0.000000e+000 -2.253931e+001
    endloop
  endfacet
  facet normal  1.000000e+000  -0.000000e+000  0.000000e+000
    outer loop
      vertex  6.445494e+001  3.000000e+000  2.253931e+001
      vertex  6.445494e+001  0.000000e+000  2.253931e+001
      vertex  6.445494e+001  3.000000e+000  1.192485e+001
    endloop
  endfacet
  facet normal  1.000000e+000  0.000000e+000  0.000000e+000
    outer loop
      vertex  6.445494e+001  3.000000e+000  1.192485e+001
      vertex  6.445494e+001  0.000000e+000  2.253931e+001
      vertex  6.445494e+001  0.000000e+000  1.192485e+001
    endloop
  endfacet
endsolid CATIA STL
